sequence,uptime_ms,dt_us,loop_sequence,imu_wait_us,imu_process_us,rc_web_us,estimate_us,battery_adc_us,control_law_us,motor_out_us,serial_input_us,mavlink_us,flight_log_us,param_sync_us,led_us,diagnostics_us,wifi_service_us,loop_gap_us,unaccounted_us,imu_wait_start_us,imu_wait_end_us,imu_irq_count_delta,imu_last_irq_us,imu_sem_takes,imu_sem_timeouts,imu_read_attempts,imu_read_ready,imu_read_total_us,imu_read_max_us,imu_interrupt_source,imu_wait_result,imu_sem_wait_max_us
22,839280,1772,829648,532,811,54,84,3,102,56,48,7,14,1,4,22,0,10,24,839278645,839279169,1,839279032,1,0,1,1,110,110,1,1,397
23,841243,1521,831592,385,557,73,110,4,142,70,64,7,30,1,5,26,0,18,29,841242212,841242589,1,841242472,1,0,1,1,87,87,1,1,270
24,869864,1502,859930,144,65,86,83,6,194,92,609,12,131,0,9,31,0,12,28,869864308,869864444,0,869863852,1,0,1,1,108,108,1,1,2
25,875533,1684,865542,1145,72,67,49,4,148,63,47,9,14,1,4,26,0,10,25,875531907,875533044,2,875532982,2,0,6,1,262,83,1,1,689
26,882973,1716,872908,133,56,57,47,3,158,83,1019,61,16,1,5,34,0,14,29,882973323,882973450,0,882972641,1,0,1,1,108,108,1,1,2
27,889561,1572,879428,1049,56,58,47,4,145,59,51,12,19,0,5,27,0,10,30,889559884,889560925,1,889560871,2,0,6,1,254,72,1,1,674
28,890586,1695,880442,1139,82,63,52,4,159,62,46,9,16,1,4,25,0,9,24,890584957,890586087,2,890586022,2,0,6,1,256,81,1,1,701
29,903996,1533,893718,156,89,321,66,7,244,81,376,67,19,1,16,43,0,17,30,903995524,903995670,0,903994782,1,0,1,1,123,123,1,1,2
30,903997,1801,893719,117,108,640,155,11,456,118,80,8,25,0,12,27,0,12,32,903997340,903997449,0,903996801,1,0,1,1,89,89,1,1,3
31,903999,1570,893721,1045,59,58,45,4,147,60,54,7,16,1,5,27,0,10,32,903998846,903999885,1,903999831,2,0,6,1,260,74,1,1,669
32,905020,1598,894730,136,69,89,113,4,250,81,728,14,25,0,5,33,0,20,31,905020430,905020557,0,905019931,1,0,1,1,103,103,1,1,2
33,905023,1684,894732,1135,66,56,49,4,143,57,44,50,15,1,4,26,0,10,24,905021896,905023023,2,905022961,2,0,6,1,266,85,1,1,681
34,906036,1662,895734,1038,78,59,53,4,158,62,48,67,16,1,5,35,0,12,26,906035025,906036052,1,906035991,2,0,6,1,270,101,1,1,641
35,919032,2064,908600,176,75,59,46,4,160,75,1314,67,16,1,10,25,0,9,27,919031622,919031787,1,919031662,1,0,1,1,136,136,1,1,2
36,930221,1691,919678,512,703,59,52,3,140,62,47,13,15,1,8,31,0,13,32,930220084,930220586,1,930220441,1,0,1,1,116,116,1,1,359
37,930222,1510,919679,144,85,515,185,8,281,91,85,7,18,0,22,23,0,16,30,930222578,930222711,0,930222462,1,0,1,1,103,103,1,1,4
