t,dt_s,gyro_x,gyro_y,gyro_z,acc_x,acc_y,acc_z,rates.x,rates.y,rates.z,ratesTarget.x,ratesTarget.y,ratesTarget.z,attitude.x,attitude.y,attitude.z,attitudeTarget.x,attitudeTarget.y,attitudeTarget.z,thrustTarget,battery_v,rc_roll,rc_pitch,rc_yaw,rc_throttle,rc_mode,flight_mode,rc_age_s,armed,fault_mask,motor_rl,motor_rr,motor_fr,motor_fl,rate_i_x,rate_i_y,rate_i_z,mix_scale,control_source
597.328,0.00101,-0.00390625,-0.00390625,-0.001953125,0.0703125,-0.2734375,9.828125,-0.001953125,0,0,0.2246094,-0.02539062,0,-0.03015137,-0.002197266,0.04516602,0,0,0.04516602,0,4.077,0,0,0,0,nan,2,0.067,0,0,0,0,0,0,0,0,0,1,2
597.338,0.00101,0.001953125,0.001953125,-0.001953125,0.0390625,-0.2890625,9.75,0,0.001953125,0,0.2246094,-0.02539062,0,-0.03015137,-0.002197266,0.04516602,0,0,0.04516602,0,4.077,0,0,0,0,nan,2,0.077,0,0,0,0,0,0,0,0,0,1,2
597.348,0.00101,0,0,-0.001953125,0.0390625,-0.2734375,9.882812,0,0.001953125,-0.001953125,0.2246094,-0.02539062,0,-0.0300293,-0.002197266,0.04516602,0,0,0.04516602,0,4.077,0,0,0,0,nan,2,0.087,0,0,0,0,0,0,0,0,0,1,2
597.357,0.000995,0,0.00390625,0,0.0078125,-0.296875,9.835938,0,0.001953125,-0.001953125,0.2246094,-0.02539062,0,-0.0300293,-0.002197266,0.04516602,0,0,0.04516602,0,4.077,0,0,0,0,nan,2,0.096,0,0,0,0,0,0,0,0,0,1,2
597.367,0.000963,-0.001953125,0.001953125,-0.00390625,0.03125,-0.296875,9.835938,0,0,-0.001953125,0.2246094,-0.02539062,0,-0.0300293,-0.002319336,0.04516602,0,0,0.04516602,0,4.077,0,0,0,0,nan,2,0.007,0,0,0,0,0,0,0,0,0,1,2
597.378,0.001025,0,-0.00390625,-0.005859375,0.03125,-0.3125,9.84375,0,0,-0.001953125,0.2246094,-0.02539062,0,-0.0300293,-0.002319336,0.04516602,0,0,0.04516602,0,4.077,0,0,0,0,nan,2,0.017,0,0,0,0,0,0,0,0,0,1,2
597.388,0.001012,0.001953125,-0.001953125,0.001953125,0.03125,-0.2890625,9.789062,0,-0.001953125,0,0.2246094,-0.02539062,0,-0.0300293,-0.002319336,0.04516602,0,0,0.04516602,0,4.077,0,0,0,0,nan,2,0.027,0,0,0,0,0,0,0,0,0,1,2
597.398,0.001008,-0.00390625,0,0,0.0390625,-0.28125,9.820312,0,-0.001953125,0,0.2246094,-0.02539062,0,-0.0300293,-0.002319336,0.04516602,0,0,0.04516602,0,4.077,0,0,0,0,nan,2,0.037,0,0,0,0,0,0,0,0,0,1,2
597.408,0.00101,-0.001953125,0,-0.001953125,0.0078125,-0.2890625,9.78125,-0.001953125,0,0,0.2246094,-0.02539062,0,-0.0300293,-0.002319336,0.04516602,0,0,0.04516602,0,4.077,0,0,0,0,nan,2,0.047,0,0,0,0,0,0,0,0,0,1,2
597.418,0.00101,-0.001953125,-0.00390625,-0.001953125,0.0234375,-0.3046875,9.789062,-0.001953125,-0.001953125,0,0.2246094,-0.02539062,0,-0.0300293,-0.002319336,0.04516602,0,0,0.04516602,0,4.077,0,0,0,0,nan,2,0.058,0,0,0,0,0,0,0,0,0,1,2
597.428,0.00101,-0.001953125,0.00390625,-0.001953125,0.015625,-0.2890625,9.726562,0,0.001953125,0,0.2246094,-0.02539062,0,-0.02990723,-0.002319336,0.04516602,0,0,0.04516602,0,4.077,0,0,0,0,nan,2,0.068,0,0,0,0,0,0,0,0,0,1,2
597.438,0.001007,0,0,0.001953125,0.0390625,-0.265625,9.828125,0,0,0,0.2246094,-0.02539062,0,-0.0300293,-0.002319336,0.04516602,0,0,0.04516602,0,4.077,0,0,0,0,nan,2,0.078,0,0,0,0,0,0,0,0,0,1,2
597.447,0.000971,0,0,0,0,-0.3515625,9.796875,0,0,0.001953125,0.2246094,-0.02539062,0,-0.02990723,-0.002197266,0.04516602,0,0,0.04516602,0,4.077,0,0,0,0,nan,2,0.087,0,0,0,0,0,0,0,0,0,1,2
597.457,0.000972,0.001953125,-0.001953125,0,0.0234375,-0.2890625,9.78125,0.001953125,0,0,0.2246094,-0.02539062,0,-0.02990723,-0.002197266,0.04516602,0,0,0.04516602,0,4.077,0,0,0,0,nan,2,0.006,0,0,0,0,0,0,0,0,0,1,2
597.467,0.000985,0.001953125,0,-0.001953125,0,-0.296875,9.796875,0,0,0,0.2246094,-0.02539062,0,-0.02990723,-0.002197266,0.04516602,0,0,0.04516602,0,4.077,0,0,0,0,nan,2,0.001,0,0,0,0,0,0,0,0,0,1,2
597.477,0.000993,0.00390625,0,0,-0.015625,-0.3203125,9.828125,0.001953125,0,0,0.2246094,-0.02539062,0,-0.02990723,-0.002197266,0.04516602,0,0,0.04516602,0,4.077,0,0,0,0,nan,2,0.011,0,0,0,0,0,0,0,0,0,1,2
597.488,0.000972,-0.001953125,0.001953125,-0.001953125,-0.015625,-0.3203125,9.828125,0,0,0,0.2246094,-0.02539062,0,-0.02990723,-0.002197266,0.04516602,0,0,0.04516602,0,4.077,0,0,0,0,nan,2,0.021,0,0,0,0,0,0,0,0,0,1,2
597.498,0.00101,-0.00390625,-0.001953125,0,0.03125,-0.3046875,9.828125,-0.001953125,0,0,0.2246094,-0.02539062,0,-0.02990723,-0.002197266,0.04516602,0,0,0.04516602,0,4.077,0,0,0,0,nan,2,0.031,0,0,0,0,0,0,0,0,0,1,2
597.508,0.00101,0.001953125,0,0,0.046875,-0.2734375,9.804688,0,-0.001953125,0,0.2246094,-0.02539062,0,-0.02990723,-0.002319336,0.04516602,0,0,0.04516602,0,4.077,0,0,0,0,nan,2,0.041,0,0,0,0,0,0,0,0,0,1,2
597.518,0.001021,0,-0.00390625,0,0.015625,-0.3046875,9.804688,0,-0.001953125,0,0.2246094,-0.02539062,0,-0.0300293,-0.002319336,0.04516602,0,0,0.04516602,0,4.077,0,0,0,0,nan,2,0.051,0,0,0,0,0,0,0,0,0,1,2
597.528,0.00101,-0.001953125,-0.001953125,0.00390625,0.0390625,-0.2890625,9.84375,-0.001953125,0,0,0.2246094,-0.02539062,0,-0.0300293,-0.002319336,0.04516602,0,0,0.04516602,0,4.077,0,0,0,0,nan,2,0.062,0,0,0,0,0,0,0,0,0,1,2
597.538,0.00101,0,0,-0.001953125,0.0625,-0.3203125,9.726562,0,-0.001953125,0,0.2246094,-0.02539062,0,-0.0300293,-0.002441406,0.04516602,0,0,0.04516602,0,4.077,0,0,0,0,nan,2,0.072,0,0,0,0,0,0,0,0,0,1,2
597.547,0.001009,0,0.001953125,-0.001953125,0.0546875,-0.296875,9.8125,0,0,-0.001953125,0.2246094,-0.02539062,0,-0.0300293,-0.002441406,0.04516602,0,0,0.04516602,0,4.077,0,0,0,0,nan,2,0.081,0,0,0,0,0,0,0,0,0,1,2
597.557,0.000983,-0.001953125,0.001953125,0,-0.015625,-0.3203125,9.796875,-0.001953125,0,0,0.2246094,-0.02539062,0,-0.0300293,-0.002441406,0.04516602,0,0,0.04516602,0,4.077,0,0,0,0,nan,2,0.091,0,0,0,0,0,0,0,0,0,1,2
597.567,0.001008,0,0,0,0.0625,-0.3203125,9.804688,0,-0.001953125,0,0.2246094,-0.02539062,0,-0.0300293,-0.002441406,0.04516602,0,0,0.04516602,0,4.077,0,0,0,0,nan,2,0.004,0,0,0,0,0,0,0,0,0,1,2
597.577,0.001013,0,0.001953125,0,0.0546875,-0.3359375,9.804688,0,0,0,0.2246094,-0.02539062,0,-0.0300293,-0.002441406,0.04516602,0,0,0.04516602,0,4.077,0,0,0,0,nan,2,0.014,0,0,0,0,0,0,0,0,0,1,2
597.588,0.001013,0,0,0,0.015625,-0.28125,9.734375,0,0,0,0.2246094,-0.02539062,0,-0.0300293,-0.002441406,0.04516602,0,0,0.04516602,0,4.077,0,0,0,0,nan,2,0.024,0,0,0,0,0,0,0,0,0,1,2
597.598,0.001075,0,0.00390625,-0.001953125,0.0078125,-0.28125,9.78125,0,0.001953125,0,0.2246094,-0.02539062,0,-0.0300293,-0.002441406,0.04516602,0,0,0.04516602,0,4.077,0,0,0,0,nan,2,0.034,0,0,0,0,0,0,0,0,0,1,2
597.608,0.00101,0,-0.00390625,0,0.0703125,-0.28125,9.8125,-0.001953125,0,0,0.2246094,-0.02539062,0,-0.0300293,-0.002441406,0.04516602,0,0,0.04516602,0,4.077,0,0,0,0,nan,2,0.044,0,0,0,0,0,0,0,0,0,1,2
597.618,0.00101,0,0.001953125,0,0.0390625,-0.28125,9.796875,0,0,0,0.2246094,-0.02539062,0,-0.0300293,-0.002441406,0.04516602,0,0,0.04516602,0,4.077,0,0,0,0,nan,2,0.055,0,0,0,0,0,0,0,0,0,1,2
597.628,0.000962,-0.001953125,0.001953125,0.001953125,-0.0234375,-0.296875,9.828125,0,0,0,0.2246094,-0.02539062,0,-0.0300293,-0.002441406,0.04516602,0,0,0.04516602,0,4.077,0,0,0,0,nan,2,0.065,0,0,0,0,0,0,0,0,0,1,2
597.638,0.00101,0.00390625,0,-0.001953125,-0.0078125,-0.3046875,9.851562,0.001953125,0,0,0.2246094,-0.02539062,0,-0.0300293,-0.002441406,0.04516602,0,0,0.04516602,0,4.077,0,0,0,0,nan,2,0.075,0,0,0,0,0,0,0,0,0,1,2
597.648,0.00101,-0.001953125,0.00390625,0,0.0625,-0.25,9.789062,0,0,-0.001953125,0.2246094,-0.02539062,0,-0.0300293,-0.002441406,0.04516602,0,0,0.04516602,0,4.077,0,0,0,0,nan,2,0.085,0,0,0,0,0,0,0,0,0,1,2
597.657,0.001005,0,0.001953125,0,0.046875,-0.28125,9.789062,0.001953125,0,0,0.2246094,-0.02539062,0,-0.0300293,-0.002441406,0.04516602,0,0,0.04516602,0,4.077,0,0,0,0,nan,2,0.094,0,0,0,0,0,0,0,0,0,1,2
597.667,0.000974,-0.001953125,0,-0.001953125,0.046875,-0.2578125,9.757812,-0.001953125,0.001953125,0,0.2246094,-0.02539062,0,-0.0300293,-0.002441406,0.04516602,0,0,0.04516602,0,4.077,0,0,0,0,nan,2,0.007,0,0,0,0,0,0,0,0,0,1,2
597.678,0.000999,-0.001953125,-0.00390625,0,-0.015625,-0.2890625,9.78125,0,-0.001953125,0,0.2246094,-0.02539062,0,-0.0300293,-0.002441406,0.04516602,0,0,0.04516602,0,4.077,0,0,0,0,nan,2,0.017,0,0,0,0,0,0,0,0,0,1,2
597.688,0.001018,0,0,-0.001953125,0.0234375,-0.28125,9.804688,0,0,0,0.2246094,-0.02539062,0,-0.0300293,-0.002441406,0.04516602,0,0,0.04516602,0,4.077,0,0,0,0,nan,2,0.027,0,0,0,0,0,0,0,0,0,1,2
597.698,0.001025,0.001953125,0.005859375,0,0.015625,-0.265625,9.890625,0.001953125,0.001953125,0,0.2246094,-0.02539062,0,-0.0300293,-0.002319336,0.04504395,0,0,0.04504395,0,4.077,0,0,0,0,nan,2,0.037,0,0,0,0,0,0,0,0,0,1,2
597.708,0.001007,0,0,-0.001953125,0.0234375,-0.2890625,9.851562,0.001953125,0,0,0.2246094,-0.02539062,0,-0.0300293,-0.002319336,0.04516602,0,0,0.04516602,0,4.077,0,0,0,0,nan,2,0.002,0,0,0,0,0,0,0,0,0,1,2
597.718,0.00101,0.001953125,-0.001953125,0,0.015625,-0.28125,9.84375,0,0,0,0.2246094,-0.02539062,0,-0.0300293,-0.002319336,0.04504395,0,0,0.04504395,0,4.077,0,0,0,0,nan,2,0.012,0,0,0,0,0,0,0,0,0,1,2
597.728,0.00101,0.001953125,0,-0.001953125,0.0078125,-0.296875,9.796875,0,-0.001953125,0,0.2246094,-0.02539062,0,-0.0300293,-0.002319336,0.04504395,0,0,0.04504395,0,4.077,0,0,0,0,nan,2,0.022,0,0,0,0,0,0,0,0,0,1,2
597.737,0.001054,0,-0.001953125,0.001953125,0.0234375,-0.3046875,9.796875,0,-0.001953125,0,0.2246094,-0.02539062,0,-0.0300293,-0.002319336,0.04504395,0,0,0.04504395,0,4.077,0,0,0,0,nan,2,0.031,0,0,0,0,0,0,0,0,0,1,2
597.747,0.00101,0,0.00390625,-0.001953125,0,-0.3125,9.851562,0,0,0,0.2246094,-0.02539062,0,-0.0300293,-0.002319336,0.04504395,0,0,0.04504395,0,4.077,0,0,0,0,nan,2,0.041,0,0,0,0,0,0,0,0,0,1,2
597.757,0.001001,0.005859375,0.001953125,0,-0.0078125,-0.3046875,9.773438,0.001953125,0,0,0.2246094,-0.02539062,0,-0.0300293,-0.002319336,0.04504395,0,0,0.04504395,0,4.077,0,0,0,0,nan,2,0.052,0,0,0,0,0,0,0,0,0,1,2
597.768,0.000965,-0.001953125,0,0,0.03125,-0.2734375,9.84375,0,0,0,0.2246094,-0.02539062,0,-0.0300293,-0.002197266,0.04516602,0,0,0.04516602,0,4.077,0,0,0,0,nan,2,0.007,0,0,0,0,0,0,0,0,0,1,2
597.778,0.001003,0,0.001953125,0,0.0390625,-0.28125,9.882812,0,0,0,0.2246094,-0.02539062,0,-0.0300293,-0.002197266,0.04516602,0,0,0.04516602,0,4.077,0,0,0,0,nan,2,0.017,0,0,0,0,0,0,0,0,0,1,2
597.788,0.001011,0.001953125,0,0.001953125,-0.0078125,-0.296875,9.804688,0.001953125,0,0,0.2246094,-0.02539062,0,-0.0300293,-0.002197266,0.04516602,0,0,0.04516602,0,4.077,0,0,0,0,nan,2,0.027,0,0,0,0,0,0,0,0,0,1,2
597.798,0.001013,0.001953125,0.001953125,0,0.0625,-0.296875,9.789062,0.001953125,0.001953125,0,0.2246094,-0.02539062,0,-0.0300293,-0.002197266,0.04516602,0,0,0.04516602,0,4.077,0,0,0,0,nan,2,0.037,0,0,0,0,0,0,0,0,0,1,2
597.808,0.001019,0.001953125,0.001953125,0,0.015625,-0.3125,9.8125,0,0.001953125,0,0.2246094,-0.02539062,0,-0.0300293,-0.002197266,0.04516602,0,0,0.04516602,0,4.077,0,0,0,0,nan,2,0.047,0,0,0,0,0,0,0,0,0,1,2
597.818,0.001019,-0.001953125,0,-0.001953125,0.015625,-0.2890625,9.851562,0,0,-0.001953125,0.2246094,-0.02539062,0,-0.0300293,-0.002197266,0.04516602,0,0,0.04516602,0,4.077,0,0,0,0,nan,2,0.058,0,0,0,0,0,0,0,0,0,1,2
597.828,0.001019,0,-0.001953125,-0.001953125,-0.0078125,-0.296875,9.875,0,-0.001953125,0,0.2246094,-0.02539062,0,-0.0300293,-0.002197266,0.04504395,0,0,0.04504395,0,4.077,0,0,0,0,nan,2,0.068,0,0,0,0,0,0,0,0,0,1,2
597.838,0.001019,0.00390625,0,0,0.0078125,-0.2890625,9.875,0,0,0,0.2246094,-0.02539062,0,-0.0300293,-0.002197266,0.04504395,0,0,0.04504395,0,4.077,0,0,0,0,nan,2,0.078,0,0,0,0,0,0,0,0,0,1,2
597.847,0.00101,0,0.001953125,0,0,-0.28125,9.773438,0,0,0,0.2246094,-0.02539062,0,-0.02990723,-0.002197266,0.04504395,0,0,0.04504395,0,4.077,0,0,0,0,nan,2,0.087,0,0,0,0,0,0,0,0,0,1,2
597.858,0.001011,0,-0.001953125,-0.001953125,0,-0.3359375,9.820312,0,-0.001953125,0,0.2246094,-0.02539062,0,-0.02990723,-0.002197266,0.04504395,0,0,0.04504395,0,4.077,0,0,0,0,nan,2,0.097,0,0,0,0,0,0,0,0,0,1,2
597.868,0.001016,-0.001953125,0.001953125,0,-0.0078125,-0.2734375,9.820312,-0.001953125,0,0,0.2246094,-0.02539062,0,-0.02990723,-0.002197266,0.04504395,0,0,0.04504395,0,4.077,0,0,0,0,nan,2,0.006,0,0,0,0,0,0,0,0,0,1,2
597.878,0.000964,-0.00390625,0,-0.001953125,0.015625,-0.296875,9.859375,-0.001953125,-0.001953125,0,0.2246094,-0.02539062,0,-0.02990723,-0.002197266,0.04516602,0,0,0.04516602,0,4.077,0,0,0,0,nan,2,0.016,0,0,0,0,0,0,0,0,0,1,2
597.888,0.001002,-0.00390625,-0.001953125,0,0,-0.2578125,9.757812,0,0,0,0.2246094,-0.02539062,0,-0.02990723,-0.002197266,0.04516602,0,0,0.04516602,0,4.077,0,0,0,0,nan,2,0.026,0,0,0,0,0,0,0,0,0,1,2
597.898,0.001006,0,0.001953125,0,0.015625,-0.265625,9.796875,-0.001953125,0,0,0.2246094,-0.02539062,0,-0.02990723,-0.002197266,0.04516602,0,0,0.04516602,0,4.077,0,0,0,0,nan,2,0.036,0,0,0,0,0,0,0,0,0,1,2
597.908,0.00101,0.001953125,0.005859375,0.001953125,0.0078125,-0.3046875,9.835938,0.001953125,0.001953125,0.001953125,0.2246094,-0.02539062,0,-0.02990723,-0.002197266,0.04516602,0,0,0.04516602,0,4.077,0,0,0,0,nan,2,0.046,0,0,0,0,0,0,0,0,0,1,2
597.918,0.001009,0,0.001953125,0.001953125,-0.0078125,-0.28125,9.875,0,0.001953125,0.001953125,0.2246094,-0.02539062,0,-0.02990723,-0.002197266,0.04516602,0,0,0.04516602,0,4.077,0,0,0,0,nan,2,0.057,0,0,0,0,0,0,0,0,0,1,2
597.928,0.000998,0.001953125,-0.001953125,0,0.0234375,-0.28125,9.882812,0,0,0,0.2246094,-0.02539062,0,-0.02990723,-0.002197266,0.04516602,0,0,0.04516602,0,4.077,0,0,0,0,nan,2,0.067,0,0,0,0,0,0,0,0,0,1,2
597.938,0.001009,-0.001953125,0.001953125,0.001953125,0.0390625,-0.3125,9.804688,0,0,0,0.2246094,-0.02539062,0,-0.02990723,-0.002319336,0.04516602,0,0,0.04516602,0,4.077,0,0,0,0,nan,2,0.077,0,0,0,0,0,0,0,0,0,1,2
597.948,0.00101,0,-0.001953125,-0.001953125,0.0234375,-0.3203125,9.875,0,0,0,0.2246094,-0.02539062,0,-0.02990723,-0.002319336,0.04516602,0,0,0.04516602,0,4.077,0,0,0,0,nan,2,0.087,0,0,0,0,0,0,0,0,0,1,2
597.957,0.001011,0,0.001953125,-0.00390625,0,-0.28125,9.828125,0,0,-0.001953125,0.2246094,-0.02539062,0,-0.02990723,-0.002197266,0.04516602,0,0,0.04516602,0,4.077,0,0,0,0,nan,2,0.096,0,0,0,0,0,0,0,0,0,1,2
597.967,0.001024,-0.001953125,0,0,0.0390625,-0.3125,9.859375,-0.001953125,0,-0.001953125,0.2246094,-0.02539062,0,-0.02990723,-0.002197266,0.04516602,0,0,0.04516602,0,4.077,0,0,0,0,nan,2,0.106,0,0,0,0,0,0,0,0,0,1,2
597.978,0.001004,-0.001953125,0.005859375,0,-0.0078125,-0.3125,9.820312,0,0.001953125,0,0.2246094,-0.02539062,0,-0.02990723,-0.002197266,0.04516602,0,0,0.04516602,0,4.077,0,0,0,0,nan,2,0,0,0,0,0,0,0,0,0,0,1,2
597.988,0.001026,0.001953125,-0.001953125,-0.00390625,0.046875,-0.3203125,9.804688,0,-0.001953125,0,0.2246094,-0.02539062,0,-0.0300293,-0.002197266,0.04516602,0,0,0.04516602,0,4.077,0,0,0,0,nan,2,0.01,0,0,0,0,0,0,0,0,0,1,2
597.998,0.001041,0.00390625,0.00390625,-0.001953125,0.0234375,-0.3046875,9.8125,0.001953125,0,0,0.2246094,-0.02539062,0,-0.0300293,-0.002197266,0.04516602,0,0,0.04516602,0,4.077,0,0,0,0,nan,2,0.02,0,0,0,0,0,0,0,0,0,1,2
598.008,0.00101,-0.001953125,0.00390625,0.001953125,0.0234375,-0.28125,9.828125,0,0,0,0.2246094,-0.02539062,0,-0.0300293,-0.002197266,0.04516602,0,0,0.04516602,0,4.077,0,0,0,0,nan,2,0.03,0,0,0,0,0,0,0,0,0,1,2
598.018,0.001012,0,0,0,0.0078125,-0.2890625,9.828125,0,0,0.001953125,0.2246094,-0.02539062,0,-0.0300293,-0.002197266,0.04516602,0,0,0.04516602,0,4.077,0,0,0,0,nan,2,0.04,0,0,0,0,0,0,0,0,0,1,2
598.028,0.00101,0,0.00390625,0,0.0078125,-0.2890625,9.820312,0.001953125,0.001953125,0,0.2246094,-0.02539062,0,-0.0300293,-0.002197266,0.04516602,0,0,0.04516602,0,4.077,0,0,0,0,nan,2,0.051,0,0,0,0,0,0,0,0,0,1,2
598.037,0.001009,0,0.00390625,0.001953125,0.0390625,-0.3125,9.8125,0,0.001953125,0,0.2246094,-0.02539062,0,-0.0300293,-0.002197266,0.04516602,0,0,0.04516602,0,4.077,0,0,0,0,nan,2,0.06,1,0,0,0,0,0,0,0,0,1,2
598.047,0.00101,-0.005859375,-0.00390625,0.001953125,0.03125,-0.2890625,9.8125,0,-0.001953125,0,0.2246094,-0.02539062,0,-0.0300293,-0.002197266,0.04516602,0,0,0.04516602,0,4.077,0,0,0,0,nan,2,0.07,1,0,0,0,0,0,0,0,0,1,2
598.057,0.001012,-0.00390625,0.001953125,0,0.0078125,-0.3046875,9.789062,-0.001953125,0,0.001953125,0.2246094,-0.02539062,0,-0.0300293,-0.002075195,0.04516602,0,0,0.04516602,0,4.077,0,0,0,0,nan,2,0.08,1,0,0,0,0,0,0,0,0,1,2
598.067,0.00101,-0.001953125,0,-0.001953125,0.0390625,-0.28125,9.789062,0,0,-0.001953125,0.2246094,-0.02539062,0,-0.0300293,-0.002075195,0.04516602,0,0,0.04516602,0,4.077,0,0,0,0,nan,2,0.09,1,0,0,0,0,0,0,0,0,1,2
598.077,0.00101,0.005859375,-0.001953125,0.001953125,0.015625,-0.296875,9.828125,0.001953125,0,0.001953125,0.2246094,-0.02539062,0,-0.02990723,-0.002075195,0.04516602,0,0,0.04516602,0,4.077,0,0,0,0,nan,2,0.1,1,0,0,0,0,0,0,0,0,1,2
598.088,0.001007,0.005859375,0.001953125,0,0.0078125,-0.3046875,9.78125,0.001953125,0.001953125,0,0.2246094,-0.02539062,0,-0.02990723,-0.002075195,0.04516602,0,0,0.04516602,0,4.077,0,0,0,0,nan,2,0.11,1,0,0,0,0,0,0,0,0,1,2
598.098,0.001011,-0.001953125,0.001953125,0,0.0234375,-0.2734375,9.796875,0,0,0,0.2246094,-0.02539062,0,-0.02990723,-0.002075195,0.04516602,0,0,0.04516602,0,4.077,0,0,0,0,nan,2,0.12,1,0,0,0,0,0,0,0,0,1,2
598.108,0.00101,0,0,0.001953125,0.0078125,-0.296875,9.835938,0,0,0.001953125,0.2246094,-0.02539062,0,-0.02990723,-0.002075195,0.04516602,0,0,0.04516602,0,4.077,0,0,0,0,nan,2,0.13,1,0,0,0,0,0,0,0,0,1,2
598.118,0.00101,-0.00390625,0,0.001953125,0.03125,-0.2890625,9.796875,-0.001953125,0,0.001953125,0.2246094,-0.02539062,0,-0.0300293,-0.002075195,0.04516602,0,0,0.04516602,0,4.077,0,0,0,0,nan,2,0.14,1,0,0,0,0,0,0,0,0,1,2
598.128,0.00101,-0.001953125,-0.00390625,-0.001953125,0.0078125,-0.3125,9.789062,-0.001953125,-0.001953125,0,0.2246094,-0.02539062,0,-0.0300293,-0.002075195,0.04516602,0,0,0.04516602,0,4.077,0,0,0,0,nan,2,0.15,1,0,0,0,0,0,0,0,0,1,2
598.138,0.00101,-0.00390625,-0.001953125,-0.001953125,0.046875,-0.2734375,9.789062,-0.001953125,0,-0.001953125,0.2246094,-0.02539062,0,-0.0300293,-0.002075195,0.04516602,0,0,0.04516602,0,4.077,0,0,0,0,nan,2,0.161,1,0,0,0,0,0,0,0,0,1,2
598.148,0.00101,0,0,-0.001953125,0,-0.3125,9.828125,0,0,0,0.2246094,-0.02539062,0,-0.0300293,-0.002075195,0.04516602,0,0,0.04516602,0,4.077,0,0,0,0,nan,2,0.171,1,0,0,0,0,0,0,0,0,1,2
598.157,0.001009,-0.001953125,0.001953125,-0.00390625,0.03125,-0.296875,9.765625,0,0,-0.001953125,0.2246094,-0.02539062,0,-0.0300293,-0.002075195,0.04516602,0,0,0.04516602,0,4.077,0,0,0,0,nan,2,0.18,1,0,0,0,0,0,0,0,0,1,2
598.167,0.001009,0,0,-0.001953125,0.0390625,-0.3125,9.789062,-0.001953125,0,0,0.2246094,-0.02539062,0,-0.0300293,-0.002075195,0.04516602,0,0,0.04516602,0,4.077,0,0,0,0,nan,2,0.19,1,0,0,0,0,0,0,0,0,1,2
598.178,0.001023,0,-0.00390625,0,0.0078125,-0.28125,9.820312,0.001953125,0.001953125,0,0.2246094,-0.02539062,0,-0.02990723,-0.001953125,0.04516602,0,0,0.04516602,0,4.077,0,0,0,0,nan,2,0.2,1,0,0,0,0,0,0,0,0,1,2
598.188,0.000997,0,0.00390625,0,0.0390625,-0.2890625,9.8125,0,0,0,0.2246094,-0.02539062,0,-0.0300293,-0.001953125,0.04516602,0,0,0.04516602,0,4.077,0,0,0,0,nan,2,0.21,1,0,0,0,0,0,0,0,0,1,2
598.198,0.001038,-0.001953125,0.001953125,0.001953125,0.03125,-0.3125,9.804688,0,0,0,0.2246094,-0.02539062,0,-0.0300293,-0.002075195,0.04516602,0,0,0.04516602,0,4.077,0,0,0,0,nan,2,0.22,1,0,0,0,0,0,0,0,0,1,2
598.208,0.001014,-0.001953125,0,-0.001953125,0.0234375,-0.2890625,9.757812,0,0.001953125,0,0.2246094,-0.02539062,0,-0.0300293,-0.002075195,0.04516602,0,0,0.04516602,0,4.077,0,0,0,0,nan,2,0.23,1,0,0,0,0,0,0,0,0,1,2
598.218,0.000967,-0.001953125,-0.001953125,-0.001953125,0.078125,-0.3203125,9.796875,0,0,0,0.2246094,-0.02539062,0,-0.0300293,-0.002075195,0.04516602,0,0,0.04516602,0,4.077,0,0,0,0,nan,2,0.004,1,0,0,0,0,0,0,0,0,1,2
598.228,0.001009,0,0,0,0.03125,-0.28125,9.804688,0,0,0,0.2246094,-0.02539062,0,-0.0300293,-0.002075195,0.04516602,0,0,0.04516602,0,4.077,0,0,0,0,nan,2,0.014,1,0,0,0,0,0,0,0,0,1,2
598.238,0.001046,-0.001953125,0,0,0.046875,-0.3046875,9.734375,0,0,0.001953125,0.2246094,-0.02539062,0,-0.0300293,-0.002075195,0.04516602,0,0,0.04516602,0,4.077,0,0,0,0,nan,2,0.024,1,0,0,0,0,0,0,0,0,1,2
598.248,0.001011,0,-0.001953125,-0.001953125,0.03125,-0.3046875,9.773438,0,-0.001953125,0,0.2246094,-0.02539062,0,-0.0300293,-0.002075195,0.04516602,0,0,0.04516602,0,4.077,0,0,0,0,nan,2,0.034,1,0,0,0,0,0,0,0,0,1,2
598.257,0.001011,-0.001953125,0.001953125,-0.00390625,0.03125,-0.3046875,9.773438,0,0,-0.001953125,0.2246094,-0.02539062,0,-0.0300293,-0.002075195,0.04516602,0,0,0.04516602,0,4.077,0,0,0,0,nan,2,0.043,1,0,0,0,0,0,0,0,0,1,2
598.267,0.001009,-0.001953125,0,-0.001953125,0.0234375,-0.28125,9.828125,-0.001953125,0,-0.001953125,0.2246094,-0.02539062,0,-0.0300293,-0.002197266,0.04516602,0,0,0.04516602,0,4.077,0,0,0,0,nan,2,0.053,1,0,0,0,0,0,0,0,0,1,2
598.277,0.001015,0,0,-0.001953125,0.015625,-0.2890625,9.835938,0,0,-0.001953125,0.2246094,-0.02539062,0,-0.0300293,-0.002197266,0.04516602,0,0,0.04516602,0,4.077,0,0,0,0,nan,2,0.064,1,0,0,0,0,0,0,0,0,1,2
598.288,0.001007,-0.001953125,0.001953125,0,0.0078125,-0.2890625,9.78125,-0.001953125,0,-0.001953125,0.2246094,-0.02539062,0,-0.0300293,-0.002197266,0.04516602,0,0,0.04516602,0,4.077,0,0,0,0,nan,2,0.074,1,0,0,0,0,0,0,0,0,1,2
598.298,0.001012,0.001953125,0.001953125,0.001953125,0.046875,-0.296875,9.765625,0,0,0,0.2246094,-0.02539062,0,-0.0300293,-0.002197266,0.04504395,0,0,0.04516602,0,4.077,0,0,0,0,nan,2,0.084,1,0,0,0,0,0,0,0,0,1,2
598.308,0.001013,0.001953125,0,0,0.0078125,-0.296875,9.773438,0,0,0,0.2246094,-0.02539062,0,-0.0300293,-0.002197266,0.04504395,0,0,0.04516602,0,4.077,0,0,0,0,nan,2,0.094,1,0,0,0,0,0,0,0,0,1,2
598.318,0.001011,0,0.001953125,-0.00390625,0.015625,-0.3046875,9.78125,-0.001953125,0.001953125,-0.001953125,0.2246094,-0.02539062,0,-0.0300293,-0.002197266,0.04504395,0,0,0.04516602,0,4.077,0,0,0,0,nan,2,0.104,1,0,0,0,0,0,0,0,0,1,2
598.328,0.001011,-0.00390625,0,0,0.03125,-0.3046875,9.882812,0,0,0,0.2246094,-0.02539062,0,-0.0300293,-0.002197266,0.04504395,0,0,0.04516602,0,4.077,0,0,0,0,nan,2,0.114,1,0,0,0,0,0,0,0,0,1,2
598.338,0.000998,-0.001953125,-0.001953125,0,0.03125,-0.28125,9.851562,0,0,0,0.2246094,-0.02539062,0,-0.0300293,-0.002197266,0.04504395,0,0,0.04516602,0,4.077,0,0,0,0,nan,2,0.124,1,0,0,0,0,0,0,0,0,1,2
598.347,0.001056,0,0,0,0.03125,-0.2890625,9.851562,0,0,0,0.2246094,-0.02539062,0,-0.03015137,-0.002197266,0.04504395,0,0,0.04516602,0,4.077,0,0,0,0,nan,2,0.133,1,0,0,0,0,0,0,0,0,1,2
598.358,0.001009,0.001953125,0,-0.001953125,0.03125,-0.296875,9.828125,0.001953125,0,0,0.2246094,-0.02539062,0,-0.0300293,-0.002197266,0.04504395,0,0,0.04516602,0,4.077,0,0,0,0,nan,2,0.144,1,0,0,0,0,0,0,0,0,1,2
598.367,0.00101,0.001953125,0,0,0.03125,-0.28125,9.851562,0.001953125,0,0,0.2246094,-0.02539062,0,-0.0300293,-0.002197266,0.04504395,0,0,0.04516602,0,4.077,0,0,0,0,nan,2,0.153,1,0,0,0,0,0,0,0,0,1,2
598.377,0.00101,0,0,0,0.046875,-0.265625,9.835938,0,0,0,0.2246094,-0.02539062,0,-0.0300293,-0.002197266,0.04504395,0,0,0.04516602,0,4.077,0,0,0,0,nan,2,0.164,1,0,0,0,0,0,0,0,0,1,2
598.388,0.001013,0.00390625,-0.001953125,-0.001953125,0.0234375,-0.28125,9.835938,0,0,0,0.2246094,-0.02539062,0,-0.0300293,-0.002197266,0.04504395,0,0,0.04516602,0,4.077,0,0,0,0,nan,2,0.174,1,0,0,0,0,0,0,0,0,1,2
598.398,0.001009,-0.001953125,0,0.001953125,0.0078125,-0.296875,9.765625,0,-0.001953125,0,0.2246094,-0.02539062,0,-0.0300293,-0.002197266,0.04504395,0,0,0.04516602,0,4.077,0,0,0,0,nan,2,0.184,1,0,0,0,0,0,0,0,0,1,2
598.408,0.001008,-0.001953125,0,0,0.0390625,-0.2421875,9.851562,0,0,0,0.2246094,-0.02539062,0,-0.0300293,-0.002197266,0.04504395,0,0,0.04516602,0,4.077,0,0,0,0,nan,2,0.194,1,0,0,0,0,0,0,0,0,1,2
598.418,0.001017,0.00390625,0.001953125,0,0.0234375,-0.2578125,9.828125,0.001953125,0,0,0.2246094,-0.02539062,0,-0.0300293,-0.002197266,0.04504395,0,0,0.04516602,0,4.077,0,0,0,0,nan,2,0.204,1,0,0,0,0,0,0,0,0,1,2
598.428,0.001019,0,0,0,0.0078125,-0.2890625,9.796875,0,0,0,0.2246094,-0.02539062,0,-0.02990723,-0.002197266,0.04504395,0,0,0.04516602,0,4.077,0,0,0,0,nan,2,0.214,1,0,0,0,0,0,0,0,0,1,2
598.438,0.001019,0,-0.001953125,0,0,-0.3359375,9.84375,0,-0.001953125,0,0.2246094,-0.02539062,0,-0.02990723,-0.002197266,0.04504395,0,0,0.04516602,0,4.077,0,0,0,0,nan,2,0.224,1,0,0,0,0,0,0,0,0,1,2
598.447,0.000964,-0.001953125,0.001953125,-0.001953125,0.0078125,-0.3046875,9.828125,0,0,-0.001953125,0.2246094,-0.02539062,0,-0.0300293,-0.002197266,0.04504395,0,0,0.04516602,0,4.077,0,0,0,0,nan,2,0.233,1,0,0,0,0,0,0,0,0,1,2
598.457,0.00101,-0.001953125,0.00390625,-0.001953125,0.0390625,-0.3203125,9.78125,0,0.001953125,0,0.2246094,-0.02539062,0,-0.0300293,-0.002197266,0.04504395,0,0,0.04516602,0,4.077,0,0,0,0,nan,2,0.243,1,0,0,0,0,0,0,0,0,1,2
598.467,0.00101,-0.001953125,0,-0.001953125,0.0078125,-0.3125,9.765625,-0.001953125,0,0,0.2246094,-0.02539062,0,-0.0300293,-0.002197266,0.04504395,0,0,0.04516602,0,4.077,0,0,0,0,nan,2,0.253,1,0,0,0,0,0,0,0,0,1,2
598.478,0.00101,0.001953125,0.001953125,0,0.0390625,-0.296875,9.773438,0,0.001953125,0,0.2246094,-0.02539062,0,-0.0300293,-0.002197266,0.04504395,0,0,0.04516602,0,4.077,0,0,0,0,nan,2,0.264,1,0,0,0,0,0,0,0,0,1,2
598.488,0.001,0,-0.00390625,0,0.03125,-0.2734375,9.84375,0,-0.001953125,0,0.2246094,-0.02539062,0,-0.02990723,-0.002197266,0.04504395,0,0,0.04516602,0,4.077,0,0,0,0,nan,2,0.274,1,0,0,0,0,0,0,0,0,1,2
598.498,0.001033,-0.00390625,0,0.001953125,-0.0078125,-0.265625,9.851562,-0.001953125,0,0.001953125,0.2246094,-0.02539062,0,-0.02990723,-0.002197266,0.04504395,0,0,0.04516602,0,4.077,0,0,0,0,nan,2,0.284,1,0,0,0,0,0,0,0,0,1,2
598.508,0.001034,0,0.001953125,0,0.03125,-0.2734375,9.898438,-0.001953125,0,0,0.2246094,-0.02539062,0,-0.02990723,-0.002197266,0.04516602,0,0,0.04516602,0,4.077,0,0,0,0,nan,2,0.294,1,0,0,0,0,0,0,0,0,1,2
598.518,0.00101,0,0,0,0.0625,-0.3125,9.882812,0,-0.001953125,0,0.2246094,-0.02539062,0,-0.02990723,-0.002197266,0.04516602,0,0,0.04516602,0,4.077,0,0,0,0,nan,2,0.304,1,0,0,0,0,0,0,0,0,1,2
598.528,0.001009,0.001953125,0.005859375,-0.001953125,0.015625,-0.2890625,9.804688,0.001953125,0.001953125,0,0.2246094,-0.02539062,0,-0.02990723,-0.002197266,0.04516602,0,0,0.04516602,0,4.077,0,0,0,0,nan,2,0.314,1,0,0,0,0,0,0,0,0,1,2
598.538,0.00105,0,0,-0.001953125,0.046875,-0.2890625,9.859375,0,0,0,0.2246094,-0.02539062,0,-0.02990723,-0.002197266,0.04516602,0,0,0.04516602,0,4.077,0,0,0,0,nan,2,0.007,1,0,0,0,0,0,0,0,0,1,2
598.548,0.001022,0,0,0.001953125,-0.015625,-0.28125,9.835938,0,0.001953125,0,0.2246094,-0.02539062,0,-0.02990723,-0.002197266,0.04516602,0,0,0.04516602,0,4.077,0,0,0,0,nan,2,0.017,1,0,0,0,0,0,0,0,0,1,2
598.557,0.001025,0,0,0.001953125,0.046875,-0.328125,9.789062,0,0,0,0.2246094,-0.02539062,0,-0.02990723,-0.002197266,0.04516602,0,0,0.04516602,0,4.077,0,0,0,0,nan,2,0.026,1,0,0,0,0,0,0,0,0,1,2
598.568,0.000963,0.04101562,0.005859375,0.0078125,-0.0078125,-0.3359375,9.734375,0.01953125,0,0.00390625,0.1796875,0.01367188,0,-0.02990723,-0.002197266,0.04516602,0,0,0.04516602,0.1421204,4.077,0,0,0,0.09997559,nan,2,0.004,1,0,0.1567993,0.1286621,0.1418152,0.1411743,0,0,0,1,2
598.578,0.001016,0.01171875,-0.001953125,0.0078125,0.0078125,0.078125,9.828125,0.005859375,0,0.00390625,0.1777344,0.01367188,0,-0.02978516,-0.002197266,0.04516602,0,0,0.04516602,0.1421204,4.077,0,0,0,0.09997559,nan,2,0.014,1,0,0.1614685,0.1248169,0.1376343,0.1445312,0,0,0,1,2
598.588,0.000982,-0.00390625,0.01367188,-0.02539062,0.53125,0.3203125,9.976562,0,0.009765625,-0.015625,0.1796875,0.01367188,0,-0.02978516,-0.002197266,0.04516602,0,0,0.04516602,0.1421204,4.077,0,0,0,0.09997559,nan,2,0.024,1,0,0.1236572,0.1585999,0.1013489,0.1848145,0,0,0,1,2
598.598,0.001006,-0.02148438,-0.015625,-0.009765625,-0.3203125,-0.75,9.90625,-0.0078125,0.001953125,0.001953125,0.1777344,0.01367188,0,-0.02954102,-0.002197266,0.04516602,0,0,0.04516602,0.1421204,4.077,0,0,0,0.09997559,nan,2,0.034,1,0,0.1577454,0.128479,0.1281128,0.1540527,0.0009765625,0,0,1,2
598.608,0.001009,0.09375,-0.0390625,0.0234375,0.5546875,0.890625,10.98438,0.005859375,-0.00390625,0.009765625,0.1777344,0.01367188,0,-0.02966309,-0.002197266,0.04516602,0,0,0.04516602,0.1421204,4.077,0,0,0,0.09997559,nan,2,0.044,1,0,0.1746521,0.1143799,0.1526184,0.12677,0.0009765625,0,0,1,2
598.618,0.001009,0.04101562,-0.06054688,0.02539062,1.179688,2.03125,12.10156,0.0078125,-0.0078125,0.0078125,0.1777344,0.01367188,0,-0.02978516,-0.002075195,0.04516602,0,0,0.04516602,0.1421204,4.077,0,0,0,0.09997559,nan,2,0.055,1,0,0.1730652,0.1155396,0.146698,0.1331482,0.0009765625,0,0,1,2
598.628,0.001011,-0.02929688,0.03710938,0.001953125,-2.796875,0.5625,9.914062,0.005859375,0.00390625,-0.005859375,0.1777344,0.01171875,0,-0.02954102,-0.002075195,0.04516602,0,0,0.04516602,0.1421204,4.077,0,0,0,0.09997559,nan,2,0.065,1,0,0.1358337,0.1465149,0.1132202,0.172821,0.0009765625,0,0,1,2
598.638,0.001009,-0.046875,0.04882812,-0.001953125,-2.414062,-2.84375,10.34375,0,0.005859375,0.0078125,0.1777344,0.01171875,0,-0.02954102,-0.002075195,0.04528809,0,0,0.04516602,0.1421204,4.077,0,0,0,0.09997559,nan,2,0.075,1,0,0.1574707,0.1260071,0.1317444,0.1531677,0.0009765625,0,0,1,2
598.648,0.001007,-0.02148438,0.01953125,-0.005859375,-1.726562,5.054688,11.76562,0.02148438,0.01171875,0.001953125,0.1757812,0.01171875,0,-0.02941895,-0.001953125,0.04528809,0,0,0.04516602,0.1421204,4.077,0,0,0,0.09997559,nan,2,0.085,1,0,0.1467896,0.1374207,0.1269531,0.1572876,0.001953125,0,0,1,2
598.657,0.001013,-0.01171875,0.0078125,0.01757812,1.492188,-0.2734375,8.828125,0.005859375,0.009765625,0.01953125,0.1757812,0.01171875,0,-0.02929688,-0.001831055,0.04541016,0,0,0.04516602,0.1421204,4.077,0,0,0,0.09997559,nan,2,0.094,1,0,0.1735535,0.1123047,0.145813,0.1367798,0.001953125,0,0,1,2
598.667,0.001004,0.01171875,0.01757812,0.01757812,0.578125,1.617188,9.148438,0.00390625,0.00390625,0.009765625,0.1757812,0.009765625,0,-0.0291748,-0.001708984,0.04541016,0,0,0.04516602,0.1421204,4.077,0,0,0,0.09997559,nan,2,0.104,1,0,0.1689758,0.118103,0.1421814,0.1391296,0.001953125,0,0,1,2
598.678,0.000995,-0.05859375,-0.005859375,0.01367188,-1.203125,-0.4296875,8.921875,-0.02148438,-0.005859375,0.005859375,0.1757812,0.009765625,0,-0.02929688,-0.001708984,0.04541016,0,0,0.04516602,0.1842041,4.077,0,0,0,0.1500244,nan,2,0.007,1,0,0.2155762,0.1587219,0.1753235,0.1872253,0.001953125,0,0,1,2
598.688,0.00101,-0.015625,0.03710938,0.03320312,0.21875,-1.015625,11.09375,0.00390625,0.001953125,0.03320312,0.1757812,0.009765625,0,-0.02929688,-0.001708984,0.0456543,0,0,0.04516602,0.1842041,4.077,0,0,0,0.1500244,nan,2,0.017,1,0,0.2213745,0.1463928,0.1992798,0.1697998,0.001953125,0,0,1,2
598.698,0.001017,0.00390625,-0.005859375,-0.03515625,-0.375,-0.734375,11.13281,-0.015625,0.00390625,-0.001953125,0.1777344,0.009765625,0,-0.02954102,-0.001708984,0.04589844,0,0,0.04516602,0.1842041,4.077,0,0,0,0.1500244,nan,2,0.027,1,0,0.1580505,0.2105408,0.1265564,0.2416992,0.001953125,0,0,1,2
598.708,0.001051,-0.00390625,0.03125,-0.0234375,-2.429688,0.6796875,7.164062,-0.001953125,0.02929688,-0.04296875,0.1777344,0.009765625,0,-0.02966309,-0.001464844,0.04553223,0,0,0.04516602,0.1842041,4.077,0,0,0,0.1500244,nan,2,0.037,1,0,0.153717,0.2068481,0.138031,0.2382507,0.002929688,0,0,1,2
598.718,0.001008,0.02929688,-0.06835938,-0.02539062,-2.03125,-3.1875,8.171875,-0.01171875,0.00390625,-0.02734375,0.1777344,0.0078125,0,-0.02978516,-0.001220703,0.04528809,0,0,0.04516602,0.1842041,4.077,0,0,0,0.1500244,nan,2,0.047,1,0,0.1950378,0.1794128,0.1604614,0.2019043,0.002929688,0,0,1,2
598.728,0.001011,-0.03710938,0.04296875,-0.02929688,-1.835938,1.25,13.21875,0.00390625,0.009765625,-0.02929688,0.1777344,0.0078125,0,-0.02966309,-0.001342773,0.04504395,0,0,0.04516602,0.1842041,4.077,0,0,0,0.1500244,nan,2,0.058,1,0,0.1769409,0.1888428,0.1485291,0.2225342,0.002929688,0,0,1,2
598.738,0.001013,-0.02734375,-0.09765625,-0.0390625,-0.40625,-3.75,13.39062,0.00390625,-0.015625,-0.04101562,0.1757812,0.0078125,0,-0.02941895,-0.001342773,0.04467773,0,0,0.04516602,0.1842041,4.077,0,0,0,0.1500244,nan,2,0.068,1,0,0.1795349,0.1999512,0.1429749,0.214386,0.002929688,0,0,1,2
598.747,0.001011,-0.03515625,0.1054688,-0.0625,-2.101562,-0.609375,7.609375,-0.009765625,0.0234375,-0.04101562,0.1777344,0.0078125,0,-0.02954102,-0.001342773,0.04443359,0,0,0.04516602,0.1842041,4.077,0,0,0,0.1500244,nan,2,0.077,1,0,0.1669006,0.1889038,0.1466064,0.234436,0.002929688,0,0,1,2
598.758,0.001023,0.07226562,-0.02929688,-0.03320312,0.0390625,-3.398438,16.84375,0.04882812,0.005859375,-0.04101562,0.1777344,0.0078125,0,-0.02941895,-0.001098633,0.04382324,0,0,0.04516602,0,4.077,0,0,0,0,nan,2,0.005,1,0,0.1000061,0.1000061,0.1000061,0.1000061,0,0,0,1,2
598.767,0.001006,0.0234375,0.009765625,-0.04492188,-0.125,-1.304688,10.8125,0.009765625,0.00390625,-0.046875,0.1777344,0.0078125,0,-0.02929688,-0.001098633,0.04345703,0,0,0.04516602,0,4.077,0,0,0,0,nan,2,0.014,1,0,0.1000061,0.1000061,0.1000061,0.1000061,0,0,0,1,2
598.777,0.001009,-0.01953125,0.001953125,-0.0390625,1.273438,3.710938,3.898438,-0.005859375,-0.01953125,-0.04296875,0.1777344,0.0078125,0,-0.02929688,-0.001220703,0.04296875,0,0,0.04516602,0,4.077,0,0,0,0,nan,2,0.024,1,0,0.1000061,0.1000061,0.1000061,0.1000061,0,0,0,1,2
598.788,0.001008,0.03710938,0.01757812,-0.02929688,-2.984375,-1.617188,11.76562,0.00390625,-0.0078125,-0.03125,0.1777344,0.0078125,0,-0.02905273,-0.001342773,0.04260254,0,0,0.04516602,0,4.077,0,0,0,0,nan,2,0.034,1,0,0.1000061,0.1000061,0.1000061,0.1000061,0,0,0,1,2
598.798,0.001024,-0.005859375,0.03125,-0.01367188,-0.375,-4.992188,18.46094,-0.00390625,0.01757812,-0.01171875,0.1738281,0.0078125,0,-0.02905273,-0.001220703,0.0423584,0,0,0.04516602,0.2263184,4.077,0,0,0,0.2000122,nan,2,0.008,1,0,0.2529297,0.1933289,0.2347717,0.2241821,0,0,0,1,2
598.808,0.001012,-0.06640625,-0.001953125,-0.005859375,-2.179688,3.507812,7.320312,-0.01953125,-0.001953125,-0.01367188,0.1738281,0.0078125,0,-0.02905273,-0.001220703,0.04211426,0,0,0.04516602,0.2263184,4.077,0,0,0,0.2000122,nan,2,0.018,1,0,0.2497559,0.2073364,0.2137146,0.234436,0,0,0,1,2
598.818,0.001012,-0.005859375,0.0234375,-0.015625,-0.7265625,0.5078125,3.34375,0.02929688,-0.02734375,-0.001953125,0.171875,0.0078125,0,-0.02856445,-0.001464844,0.04211426,0,0,0.04516602,0.2263184,4.077,0,0,0,0.2000122,nan,2,0.028,1,0,0.2445374,0.2120972,0.2174377,0.2312317,0,0,0,1,2
598.828,0.001012,-0.02929688,0.03125,-0.001953125,0.6640625,-2.117188,2.71875,0.0234375,-0.001953125,0,0.1699219,0.009765625,0,-0.02819824,-0.001464844,0.04211426,0,0,0.04516602,0.2263184,4.077,0,0,0,0.2000122,nan,2,0.038,1,0,0.2391663,0.2107544,0.218689,0.2366638,0.0009765625,0,0,1,2
598.838,0.001008,0.05664062,-0.05273438,-0.001953125,4.007812,-2.085938,6.484375,0.04101562,-0.01953125,-0.01171875,0.1679688,0.009765625,0,-0.02807617,-0.001586914,0.04199219,0,0,0.04516602,0.2263184,4.077,0,0,0,0.2000122,nan,2,0.048,1,0,0.2262268,0.2352905,0.2095947,0.2341614,0.0009765625,0,0,1,2
598.848,0.001008,0.04101562,0.01757812,-0.03320312,0.8359375,1.359375,1.734375,0.0234375,-0.009765625,-0.03320312,0.1660156,0.009765625,0,-0.02770996,-0.001708984,0.04187012,0,0,0.04516602,0.2263184,4.077,0,0,0,0.2000122,nan,2,0.059,1,0,0.203186,0.2526855,0.1767883,0.2726135,0.0009765625,0,0,1,2
598.857,0.000978,0.01171875,-0.0078125,-0.03125,0.28125,3.820312,21.21094,0.009765625,0.00390625,-0.0390625,0.1640625,0.009765625,0,-0.02734375,-0.001708984,0.04150391,0,0,0.04516602,0.2263184,4.077,0,0,0,0.2000122,nan,2,0.068,1,0,0.2284851,0.2251892,0.1999817,0.2516174,0.0009765625,0,0,1,2
598.867,0.00101,0.0234375,0.0390625,0.04101562,3.578125,-3.296875,0.15625,0.01367188,0.005859375,0.015625,0.1640625,0.009765625,0,-0.02734375,-0.001708984,0.04138184,0,0,0.04516602,0.2263184,4.077,0,0,0,0.2000122,nan,2,0.078,1,0,0.2891541,0.1604309,0.2755432,0.1801147,0.0009765625,0,0,1,2
598.878,0.000998,0.1054688,0.01367188,0.0625,-3.664062,1.789062,16.75781,0.0390625,0.009765625,0.03320312,0.1621094,0.009765625,0,-0.02709961,-0.001586914,0.04150391,0,0,0.04516602,0.2263184,4.077,0,0,0,0.2000122,nan,2,0.088,1,0,0.2708435,0.1786804,0.2722473,0.1835022,0.0009765625,0,0,1,2
598.888,0.001008,-0.00390625,0.005859375,-0.01367188,-0.875,9.585938,9.367188,-0.02148438,-0.02148438,0.01171875,0.1621094,0.009765625,0,-0.02709961,-0.001586914,0.04187012,0,0,0.04516602,0.2263184,4.077,0,0,0,0.2000122,nan,2,0.005,1,0,0.2099609,0.2530823,0.166687,0.2755127,0.001953125,0,0,1,2
598.898,0.001011,0.07226562,0.09179688,0.0390625,-4.585938,5.492188,19.33594,0.0625,0.01953125,0.0625,0.1601562,0.009765625,0,-0.02661133,-0.001708984,0.04248047,0,0,0.04516602,0.2263184,4.077,0,0,0,0.2000122,nan,2,0.015,1,0,0.2521667,0.1856079,0.2623596,0.2051392,0.001953125,0,0,1,2
598.908,0.001004,-0.02148438,-0.06640625,0.08203125,0.9609375,1.28125,10.33594,-0.005859375,-0.0078125,0.0625,0.1601562,0.009765625,0,-0.02648926,-0.001831055,0.04296875,0,0,0.04516602,0.2263184,4.077,0,0,0,0.2000122,nan,2,0.025,1,0,0.2922974,0.1658325,0.2564392,0.1907349,0.001953125,0,0,1,2
598.918,0.001008,-0.0859375,-0.03515625,0.09570312,1.359375,-4.164062,14.17188,-0.03320312,0.00390625,0.07617188,0.1601562,0.009765625,0,-0.0267334,-0.001586914,0.0435791,0,0,0.04516602,0.2263184,4.077,0,0,0,0.2000122,nan,2,0.035,1,0,0.2903442,0.1658325,0.2471924,0.2019043,0.001953125,0,0,1,2
598.928,0.001004,0.1425781,0.0546875,0.1425781,-4.398438,-4.585938,10.1875,0.05078125,0.01757812,0.1191406,0.1601562,0.009765625,0,-0.02661133,-0.001586914,0.04467773,0,0,0.04516602,0.2263184,4.077,0,0,0,0.2000122,nan,2,0.045,1,0,0.2929382,0.1513062,0.2982483,0.1627502,0.001953125,0,0,1,2
598.938,0.001012,0.005859375,0.1289062,0.03515625,-1.3125,10.46875,11.75781,-0.001953125,0.009765625,0.06640625,0.1582031,0.009765625,0,-0.02636719,-0.001708984,0.0456543,0,0,0.04516602,0.2263184,4.077,0,0,0,0.2000122,nan,2,0.056,1,0,0.2099304,0.230957,0.1924744,0.2718811,0.001953125,0,0,1,2
598.948,0.001014,0.06640625,0,0.09179688,3.265625,-1.40625,12.40625,-0.01953125,0.03710938,0.07226562,0.1601562,0.0078125,0,-0.0267334,-0.001220703,0.04626465,0,0,0.04516602,0.2263184,4.077,0,0,0,0.2000122,nan,2,0.066,1,0,0.270874,0.1695557,0.2557068,0.209137,0.001953125,0,0,1,2
598.958,0.001048,-0.08398438,0.02734375,0.03515625,-0.6015625,-6.945312,5.554688,-0.05664062,0.009765625,0.03515625,0.1601562,0.0078125,0,-0.02685547,-0.001220703,0.046875,0,0,0.04516602,0,4.077,0,0,0,0,nan,2,0.009,1,0,0.1000061,0.1000061,0.1000061,0.1000061,0,0,0,1,2
598.967,0.001008,-0.03320312,-0.01171875,0.125,0.8671875,1.359375,6.703125,0.005859375,0.005859375,0.09179688,0.1601562,0.0078125,0,-0.02734375,-0.001220703,0.04736328,0,0,0.04516602,0,4.077,0,0,0,0,nan,2,0.018,1,0,0.1000061,0.1000061,0.1000061,0.1000061,0,0,0,1,2
598.977,0.001021,-0.109375,-0.01171875,0.1054688,1.3125,-4.671875,2.226562,0.005859375,-0.01171875,0.1210938,0.1601562,0.0078125,0,-0.02709961,-0.001220703,0.04858398,0,0,0.04516602,0,4.077,0,0,0,0,nan,2,0.028,1,0,0.1000061,0.1000061,0.1000061,0.1000061,0,0,0,1,2
598.988,0.000824,0.001953125,-0.03320312,0.171875,-2.21875,1.257812,16.86719,0.0078125,0.009765625,0.1289062,0.1640625,0.0078125,0,-0.02722168,-0.001098633,0.04980469,0,0,0.04516602,0.2263184,4.077,0,0,0,0.2000122,nan,2,0.002,1,0,0.3121948,0.1393433,0.3012695,0.1524658,0,0,0,1,2
598.998,0.001007,-0.02929688,-0.00390625,0.078125,-1.632812,-8.6875,5.304688,-0.015625,0.001953125,0.07421875,0.1640625,0.0078125,0,-0.02722168,-0.001220703,0.05078125,0,0,0.04516602,0.2263184,4.077,0,0,0,0.2000122,nan,2,0.012,1,0,0.2172241,0.229187,0.1965637,0.2622681,0,0,0,1,2
599.008,0.001005,-0.09570312,0.05273438,0.1132812,-1.890625,0.484375,13.29688,-0.01367188,0.04492188,0.1191406,0.1640625,0.005859375,0,-0.02734375,-0.0009765625,0.05175781,0,0,0.04516602,0.2263184,4.077,0,0,0,0.2000122,nan,2,0.022,1,0,0.2878418,0.1487122,0.2779541,0.1907654,0,0,0,1,2
599.018,0.001012,0.02148438,0.009765625,0.09960938,-0.25,7.648438,12.48438,0.001953125,0.00390625,0.1191406,0.1640625,0.005859375,0,-0.02746582,-0.0008544922,0.05310059,0,0,0.04516602,0.2263184,4.077,0,0,0,0.2000122,nan,2,0.032,1,0,0.2589417,0.1949463,0.2347107,0.2166443,0.0009765625,0,0,1,2
599.028,0.001012,0.078125,0.00390625,0.1757812,-0.21875,2.921875,5.070312,-0.02148438,-0.005859375,0.1054688,0.1660156,0.00390625,0,-0.02746582,-0.0007324219,0.05395508,0,0,0.04516602,0.2263184,4.077,0,0,0,0.2000122,nan,2,0.042,1,0,0.3197632,0.1398926,0.2857971,0.1598206,0.0009765625,0,0,1,2
599.038,0.001008,0.07617188,-0.01953125,0.2207031,0.8828125,-2.585938,3.28125,0.0234375,0.00390625,0.1464844,0.1640625,0.00390625,0,-0.02722168,-0.0007324219,0.05517578,0,0,0.04516602,0.2263184,4.077,0,0,0,0.2000122,nan,2,0.053,1,0,0.3451843,0.1097412,0.3253479,0.125,0.0009765625,0,0,1,2
599.048,0.001008,0.0234375,0.0703125,0.1308594,2.1875,-4.679688,3.453125,0.001953125,0.02148438,0.1464844,0.1621094,0.00390625,0,-0.02709961,-0.0008544922,0.0567627,0,0,0.04516602,0.2263184,4.077,0,0,0,0.2000122,nan,2,0.063,1,0,0.2498474,0.1864319,0.2464905,0.2224731,0.0009765625,0,0,1,2
599.057,0.001018,0.1054688,-0.0625,0.1699219,2.734375,2.015625,10.01562,0.03125,-0.0390625,0.1640625,0.1621094,0.005859375,0,-0.02697754,-0.0008544922,0.05822754,0,0,0.04516602,0.2263184,4.077,0,0,0,0.2000122,nan,2,0.072,1,0,0.2948914,0.1756287,0.2722778,0.1624756,0.0009765625,0,0,1,2
599.067,0.001011,-0.09960938,0.08789062,0.1347656,-0.109375,0.8828125,12.30469,-0.05273438,0.03710938,0.1445312,0.1621094,0.00390625,0,-0.02709961,-0.0007324219,0.05981445,0,0,0.04516602,0.2263184,4.077,0,0,0,0.2000122,nan,2,0.082,1,0,0.2647705,0.1697998,0.237793,0.2329102,0.0009765625,0,0,1,2
599.077,0.001011,0.05273438,-0.1875,0.265625,2.109375,-2.03125,4.40625,0,-0.04492188,0.2148438,0.1640625,0.00390625,0,-0.02734375,-0.0008544922,0.06164551,0,0,0.04516602,0.2263184,4.077,0,0,0,0.2000122,nan,2,0.092,1,0,0.3721924,0.104126,0.3334351,0.09555054,0.001953125,0,0,1,2
599.088,0.001034,0.08203125,-0.04101562,0.2070312,-1.367188,-2.898438,11.17188,0.01757812,-0.0078125,0.2207031,0.1640625,0.005859375,0,-0.02734375,-0.0008544922,0.06396484,0,0,0.04516602,0.2263184,4.077,0,0,0,0.2000122,nan,2,0.001,1,0,0.3005981,0.1522522,0.2884216,0.1639709,0.001953125,0,0,1,2
599.098,0.001013,0.01953125,0.1113281,0.1308594,1.382812,-3.921875,11.17188,0,0.01171875,0.1464844,0.1640625,0.005859375,0,-0.02722168,-0.0009765625,0.06567383,0,0,0.04516602,0.2263184,4.077,0,0,0,0.2000122,nan,2,0.011,1,0,0.2167358,0.2261047,0.2029114,0.2595215,0.001953125,0,0,1,2
599.108,0.000989,-0.015625,-0.1132812,0.171875,2.59375,5.132812,10.08594,0.01367188,-0.0234375,0.1816406,0.1621094,0.005859375,0,-0.02709961,-0.0009765625,0.06738281,0,0,0.04516602,0.2263184,4.077,0,0,0,0.2000122,nan,2,0.021,1,0,0.3182373,0.1478271,0.2824097,0.1567688,0.001953125,0,0,1,2
599.118,0.001013,-0.1230469,0.01367188,0.1484375,-3.976562,-4.429688,14.625,-0.03320312,0.02929688,0.1855469,0.1640625,0.005859375,0,-0.02722168,-0.0008544922,0.06933594,0,0,0.04516602,0.2263184,4.077,0,0,0,0.2000122,nan,2,0.031,1,0,0.2796326,0.1608887,0.2510071,0.2137146,0.001953125,0,0,1,2
599.128,0.001013,0.0078125,0.125,0.1347656,0.0625,-1.90625,5.273438,-0.005859375,0.00390625,0.1464844,0.1640625,0.005859375,0,-0.02746582,-0.0009765625,0.07092285,0,0,0.04516602,0.2263184,4.077,0,0,0,0.2000122,nan,2,0.041,1,0,0.2524109,0.1930237,0.2376709,0.222168,0.001953125,0,0,1,2
599.138,0.001011,-0.015625,-0.1640625,0.140625,-0.34375,2.375,10.89844,0.0078125,-0.01757812,0.140625,0.1660156,0.005859375,0,-0.02770996,-0.0008544922,0.0723877,0,0,0.04516602,0.2263184,4.077,0,0,0,0.2000122,nan,2,0.051,1,0,0.2831116,0.18573,0.2396545,0.1967773,0.002929688,0,0,1,2
599.148,0.001013,-0.046875,0.1386719,0.2167969,-0.8203125,-5.117188,11.375,0.00390625,0.02539062,0.171875,0.1660156,0.005859375,0,-0.02783203,-0.0009765625,0.07397461,0,0,0.04516602,0.2263184,4.077,0,0,0,0.2000122,nan,2,0.062,1,0,0.3165894,0.1179504,0.306488,0.1642151,0.002929688,0,0,1,2
599.158,0.001009,0.09179688,-0.06640625,0.2714844,5.25,2.515625,5.070312,0.06054688,-0.03710938,0.2128906,0.1679688,0.005859375,0,-0.0279541,-0.001098633,0.07592773,0,0,0.04516602,0.2263184,4.077,0,0,0,0.2000122,nan,2,0.072,1,0,0.3611755,0.1081238,0.3384094,0.0975647,0.002929688,0,0,1,2
599.167,0.001008,-0.04492188,0.1484375,0.2089844,-0.390625,5.015625,19.90625,-0.01171875,0.02539062,0.2304688,0.1660156,0.0078125,0,-0.02770996,-0.001220703,0.07800293,0,0,0.04516602,0.2263184,4.077,0,0,0,0.2000122,nan,2,0.081,1,0,0.3168945,0.1150513,0.2995911,0.1737366,0.002929688,0,0,1,2
599.177,0.001008,-0.0546875,0.02148438,0.1542969,-0.7421875,5.34375,9.632812,-0.01171875,-0.009765625,0.1679688,0.1660156,0.005859375,0,-0.02770996,-0.001098633,0.07983398,0,0,0.04516602,0.2263184,4.077,0,0,0,0.2000122,nan,2,0.091,1,0,0.2546997,0.2055664,0.212738,0.2322693,0.002929688,0,0,1,2
599.187,0.001012,-0.1425781,-0.03710938,0.265625,0.109375,-10.53125,7.34375,-0.01953125,-0.01171875,0.2382812,0.1660156,0.005859375,0,-0.02770996,-0.0008544922,0.08190918,0,0,0.04516602,0.2263184,4.077,0,0,0,0.2000122,nan,2,0.101,1,0,0.3924866,0.06726074,0.3434753,0.1020813,0.002929688,0,0,1,2
599.198,0.001027,-0.04492188,0.02539062,0.1914062,1.585938,1.507812,17.58594,-0.02734375,-0.00390625,0.2011719,0.1660156,0.005859375,0,-0.02770996,-0.0008544922,0.08410645,0,0,0.04516602,0.2263184,4.056,0,0,0,0.2000122,nan,2,0.111,1,0,0.2727661,0.1797791,0.2310181,0.2217102,0.00390625,0,0,1,2
599.208,0.000989,-0.07617188,-0.08984375,0.1835938,1.445312,7.171875,11.39844,0,-0.03515625,0.1835938,0.1660156,0.005859375,0,-0.02770996,-0.001098633,0.08605957,0,0,0.04516602,0.2263184,4.056,0,0,0,0.2000122,nan,2,0.121,1,0,0.2889099,0.1798096,0.240509,0.1960449,0.00390625,0,0,1,2
599.218,0.000989,-0.04101562,0,0.2226562,3.03125,-8.070312,6,-0.01953125,-0.01171875,0.2148438,0.1660156,0.005859375,0,-0.02832031,-0.001098633,0.08813477,0,0,0.04516602,0,4.056,0,0,0,0,nan,2,0.007,1,0,0.1000061,0.1000061,0.1000061,0.1000061,0,0,0,1,2
599.228,0.000993,-0.1035156,0.1132812,0.1933594,-3.148438,3.460938,18.64844,-0.04882812,0.06835938,0.2011719,0.1738281,0.005859375,0,-0.02905273,-0.0008544922,0.09020996,0,0,0.04516602,0.2263184,4.056,0,0,0,0.2000122,nan,2,0.005,1,0,0.2737732,0.1466064,0.2625732,0.2223206,0,0,0,1,2
599.238,0.001008,-0.1054688,0.0703125,-0.02148438,2.671875,5.390625,13.80469,-0.005859375,0.001953125,0.06445312,0.1738281,0.00390625,0,-0.02893066,-0.0007324219,0.0916748,0,0,0.04516602,0.2263184,4.056,0,0,0,0.2000122,nan,2,0.015,1,0,0.1079102,0.3498535,0.06973267,0.3777771,0,0,0,1,2
599.247,0.00105,0.005859375,-0.1269531,-0.0390625,-2.101562,-10.72656,6.867188,-0.02148438,-0.03515625,-0.01171875,0.1738281,0.00390625,0,-0.02905273,-0.0006103516,0.09179688,0,0,0.04516602,0.2263184,4.056,0,0,0,0.2000122,nan,2,0.024,1,0,0.1683655,0.3058472,0.1167603,0.3143005,0,0,0,1,2
599.258,0.001012,0.01367188,-0.0703125,-0.005859375,3.742188,-1.632812,5,0.02148438,0.0078125,-0.01171875,0.1757812,0.00390625,0,-0.02929688,-0.0006103516,0.0916748,0,0,0.04516602,0.2263184,4.056,0,0,0,0.2000122,nan,2,0.035,1,0,0.2271423,0.228363,0.2180786,0.2316895,0.0009765625,0,0,1,2
599.267,0.001013,-0.03710938,-0.0234375,-0.08398438,0.96875,-2.25,0.171875,-0.01757812,-0.01953125,-0.04101562,0.1757812,0.00390625,0,-0.02929688,-0.0007324219,0.09143066,0,0,0.04516602,0.2263184,4.056,0,0,0,0.2000122,nan,2,0.044,1,0,0.2002869,0.2587891,0.1590271,0.2871704,0.0009765625,0,0,1,2
599.277,0.001008,0.1621094,0.0078125,-0.06445312,0.0078125,-0.4765625,1.976562,0.08007812,-0.02148438,-0.05078125,0.1738281,0.00390625,0,-0.02893066,-0.0006103516,0.09094238,0,0,0.04516602,0.2263184,4.056,0,0,0,0.2000122,nan,2,0.055,1,0,0.1923828,0.2724304,0.1906433,0.2498169,0.0009765625,0,0,1,2
599.287,0.001008,0.005859375,-0.01953125,0.08984375,0.75,1.492188,13.4375,0.06445312,0.03710938,0.0390625,0.1679688,0.001953125,0,-0.02807617,-0.0003662109,0.09069824,0,0,0.04516602,0.2263184,4.056,0,0,0,0.2000122,nan,2,0.065,1,0,0.3492737,0.09103394,0.3436584,0.1213074,0.0009765625,0,0,1,2
599.298,0.001013,0.05664062,0.05078125,0.05078125,-0.1328125,8.65625,15.8125,0.01367188,-0.01757812,0.0546875,0.1738281,0,0,-0.02893066,-0.0001220703,0.09143066,0,0,0.04516602,0.2263184,4.056,0,0,0,0.2000122,nan,2,0.075,1,0,0.2550659,0.2060547,0.2303162,0.2138367,0.0009765625,0,0,1,2
599.308,0.001002,0.08984375,-0.05859375,0.03515625,1.46875,7.8125,7.351562,0.005859375,-0.0078125,0.0390625,0.1738281,0.001953125,0,-0.02880859,-0.0002441406,0.09191895,0,0,0.04516602,0.2263184,4.056,0,0,0,0.2000122,nan,2,0.085,1,0,0.2288513,0.222168,0.2108459,0.2434082,0.0009765625,0,0,1,2
599.318,0.001013,-0.03320312,0.001953125,0.01953125,0.21875,-0.078125,8.351562,-0.01757812,0.01171875,0.03515625,0.171875,0.001953125,0,-0.02880859,-0.0002441406,0.09228516,0,0,0.04516602,0.2263184,4.056,0,0,0,0.2000122,nan,2,0.095,1,0,0.2333374,0.2119446,0.205719,0.2542725,0.001953125,0,0,1,2
599.328,0.001049,-0.1210938,-0.06445312,0.07226562,-0.1015625,-2.4375,6.679688,-0.0390625,-0.03710938,0.04882812,0.171875,0.001953125,0,-0.02880859,-0.0001220703,0.09277344,0,0,0.04516602,0.2263184,4.056,0,0,0,0.2000122,nan,2,0.007,1,0,0.2877502,0.1850281,0.2206116,0.2118835,0.001953125,0,0,1,2
599.338,0.001007,0.03515625,0.046875,0.04882812,0.640625,-9.59375,4.046875,0.01757812,0.005859375,0.05273438,0.1738281,0.001953125,0,-0.02893066,-0.0003662109,0.09338379,0,0,0.04516602,0.2263184,4.056,0,0,0,0.2000122,nan,2,0.017,1,0,0.2366943,0.2076721,0.228363,0.2325439,0.001953125,0,0,1,2
599.348,0.001012,0.05664062,0.05273438,0.08203125,-4.007812,1.070312,12.53125,-0.001953125,0.04101562,0.09570312,0.1738281,0,0,-0.02905273,-0.0001220703,0.09411621,0,0,0.04516602,0.2263184,4.056,0,0,0,0.2000122,nan,2,0.027,1,0,0.2884827,0.1479797,0.2853394,0.1834717,0.001953125,0,0,1,2
599.358,0.001008,-0.06054688,-0.09570312,0.08007812,1.351562,2.984375,17.53125,-0.01757812,-0.01953125,0.04882812,0.1757812,0,0,-0.02929688,0.0001220703,0.09460449,0,0,0.04516602,0.2263184,4.056,0,0,0,0.2000122,nan,2,0.037,1,0,0.2604065,0.2110901,0.2098389,0.223938,0.001953125,0,0,1,2
599.368,0.001048,-0.07617188,0.07226562,0.01953125,2.695312,-6.40625,1.929688,-0.01953125,0.01367188,0.046875,0.1796875,-0.001953125,0,-0.02978516,0.0003662109,0.09521484,0,0,0.04516602,0.2263184,4.056,0,0,0,0.2000122,nan,2,0.046,1,0,0.2316284,0.21698,0.2058411,0.250824,0.002929688,0,0,1,2
599.377,0.001012,-0.015625,0.0859375,0.04492188,0.125,-2.351562,4.289062,-0.0078125,0.001953125,0.03710938,0.1796875,-0.001953125,0,-0.02978516,0.0004882812,0.09545898,0,0,0.04516602,0.2263184,4.056,0,0,0,0.2000122,nan,2,0.057,1,0,0.2623596,0.1871948,0.2337646,0.2219238,0.002929688,0,0,1,2
599.387,0.001012,-0.01757812,-0.05273438,-0.00390625,-2.140625,4.78125,11.33594,0.005859375,0.0078125,-0.005859375,0.1796875,-0.001953125,0,-0.02978516,0.0003662109,0.09558105,0,0,0.04516602,0.2263184,4.056,0,0,0,0.2000122,nan,2,0.067,1,0,0.20224,0.2453613,0.183197,0.2744751,0.002929688,0,0,1,2
599.398,0.00101,0.1582031,0.1054688,-0.0078125,-0.65625,-3.351562,8.34375,0.125,0.06835938,-0.02148438,0.1757812,-0.00390625,0,-0.0291748,0.0007324219,0.09545898,0,0,0.04516602,0.2263184,4.056,0,0,0,0.2000122,nan,2,0.077,1,0,0.1874084,0.2396545,0.2253723,0.2528076,0.002929688,0,0,1,2
599.408,0.001008,-0.08789062,0.1347656,0.001953125,-0.8046875,5.734375,14.90625,-0.01367188,0.02148438,0.009765625,0.171875,-0.005859375,0,-0.02880859,0.0008544922,0.09558105,0,0,0.04516602,0.2263184,4.056,0,0,0,0.2000122,nan,2,0.087,1,0,0.2451782,0.1958923,0.2115479,0.252655,0.002929688,0,0,1,2
599.418,0.000982,-0.078125,-0.08203125,0.01171875,1.375,6.648438,13.53125,-0.03710938,-0.001953125,0.02148438,0.1738281,-0.005859375,0,-0.02905273,0.0009765625,0.0958252,0,0,0.04516602,0.2263184,4.056,0,0,0,0.2000122,nan,2,0.009,1,0,0.2492981,0.2068787,0.2027893,0.2462769,0.002929688,0,0,1,2
599.428,0.000994,0.1503906,0.1367188,0.04882812,0.5625,10.49219,16.70312,0.02148438,0.015625,0.05273438,0.1777344,-0.00390625,0,-0.02978516,0.0007324219,0.09619141,0,0,0.04516602,0.2263184,4.056,0,0,0,0.2000122,nan,2,0.019,1,0,0.2546997,0.1793213,0.2747498,0.1965027,0.00390625,0,0,1,2
599.438,0.001012,-0.05078125,-0.02148438,0.01367188,0.125,1.664062,10.55469,0.03125,-0.015625,0.015625,0.1777344,-0.00390625,0,-0.02954102,0.0007324219,0.09655762,0,0,0.04516602,0.2263184,4.056,0,0,0,0.2000122,nan,2,0.029,1,0,0.2151794,0.2390137,0.1971741,0.2538757,0.00390625,0,0,1,2
599.448,0.000998,-0.04101562,-0.1796875,0.0078125,-0.15625,2.140625,4.304688,0.06054688,-0.015625,0.01953125,0.1757812,-0.005859375,0,-0.02929688,0.0008544922,0.09667969,0,0,0.04516602,0,4.056,0,0,0,0,nan,2,0,1,0,0.1000061,0.1000061,0.1000061,0.1000061,0,0,0,1,2
599.458,0.001003,-0.0625,0.06054688,0.03515625,2.109375,-5.757812,6.78125,0.005859375,0.001953125,0.01757812,0.1757812,-0.005859375,0,-0.0291748,0.0006103516,0.09680176,0,0,0.04516602,0,4.056,0,0,0,0,nan,2,0.01,1,0,0.1000061,0.1000061,0.1000061,0.1000061,0,0,0,1,2
599.468,0.00101,0.001953125,-0.02539062,-0.0390625,-0.1015625,-2.054688,7.742188,0.01171875,0.01171875,-0.02929688,0.1757812,-0.005859375,0,-0.0291748,0.0004882812,0.09680176,0,0,0.04516602,0,4.056,0,0,0,0,nan,2,0.02,1,0,0.1000061,0.1000061,0.1000061,0.1000061,0,0,0,1,2
599.477,0.001009,-0.1757812,-0.15625,-0.0390625,-1.453125,5.460938,2.765625,-0.09570312,-0.01757812,-0.0234375,0.1757812,-0.005859375,0,-0.02978516,0.0006103516,0.09655762,0,0,0.04516602,0,4.056,0,0,0,0,nan,2,0.029,1,0,0.1000061,0.1000061,0.1000061,0.1000061,0,0,0,1,2
599.487,0.001006,0.02929688,0.2148438,-0.00390625,-2.890625,0.1875,16.51562,0.009765625,0.0703125,0.01367188,0.1757812,-0.005859375,0,-0.02978516,0.0008544922,0.09655762,0,0,0.04516602,0,4.056,0,0,0,0,nan,2,0.039,1,0,0.1000061,0.1000061,0.1000061,0.1000061,0,0,0,1,2
599.497,0.000978,0.01953125,0.02539062,0.03515625,-1.445312,-5.101562,18.05469,-0.01953125,-0.01757812,0.02734375,0.1757812,-0.005859375,0,-0.02990723,0.0009765625,0.09667969,0,0,0.04516602,0,4.056,0,0,0,0,nan,2,0.049,1,0,0.1000061,0.1000061,0.1000061,0.1000061,0,0,0,1,2
599.508,0.001042,0.05664062,-0.1015625,0,-0.546875,2.148438,14,0.04492188,-0.0078125,0.01171875,0.1757812,-0.005859375,0,-0.02978516,0.001098633,0.09680176,0,0,0.04516602,0,4.056,0,0,0,0,nan,2,0.06,1,0,0.1000061,0.1000061,0.1000061,0.1000061,0,0,0,1,2
599.518,0.001024,-0.04492188,0,0.07421875,-2.3125,9.476562,13.3125,-0.001953125,-0.02148438,0.046875,0.1777344,-0.0078125,0,-0.02978516,0.001220703,0.09692383,0,0,0.04516602,0.2263184,4.056,0,0,0,0.2000122,nan,2,0.005,1,0,0.3122864,0.1609802,0.2714844,0.1605225,0,0,0,1,2
599.528,0.001035,0.05078125,0.0078125,0.05859375,-1.945312,-0.6796875,14.5625,-0.0078125,-0.001953125,0.06640625,0.1796875,-0.0078125,0,-0.0300293,0.001220703,0.09765625,0,0,0.04516602,0.2263184,4.056,0,0,0,0.2000122,nan,2,0.015,1,0,0.2683105,0.1838684,0.2468567,0.2062378,0,0,0,1,2
599.538,0.001011,-0.0859375,0.03125,0.0625,-1.359375,-6.25,9.335938,0.02539062,-0.01953125,0.05078125,0.1777344,-0.005859375,0,-0.02966309,0.001098633,0.09814453,0,0,0.04516602,0.2263184,4.056,0,0,0,0.2000122,nan,2,0.025,1,0,0.2457275,0.2106323,0.2154236,0.2334595,0,0,0,1,2
599.548,0.001011,0.0546875,-0.03515625,0.09570312,0.203125,-1.664062,3.265625,0.05273438,-0.001953125,0.09765625,0.1757812,-0.005859375,0,-0.02941895,0.0009765625,0.09899902,0,0,0.04516602,0.2263184,4.056,0,0,0,0.2000122,nan,2,0.035,1,0,0.2792664,0.1671753,0.2774963,0.181366,0.0009765625,0,0,1,2
599.558,0.001011,-0.1328125,-0.0234375,0.0546875,0.8828125,4.773438,10.625,-0.02148438,-0.0078125,0.06054688,0.1738281,-0.005859375,0,-0.02905273,0.0008544922,0.09985352,0,0,0.04516602,0.2263184,4.056,0,0,0,0.2000122,nan,2,0.045,1,0,0.2392883,0.216156,0.1908875,0.2589111,0.0009765625,0,0,1,2
599.567,0.001013,0.009765625,0.04296875,0.078125,0.3984375,4.945312,15.10938,-0.01757812,-0.0078125,0.0859375,0.1757812,-0.00390625,0,-0.02929688,0.0007324219,0.1005859,0,0,0.04516602,0.2263184,4.056,0,0,0,0.2000122,nan,2,0.055,1,0,0.2743835,0.1799011,0.2410583,0.2099609,0.0009765625,0,0,1,2
599.577,0.001013,0.01171875,0.05664062,0.01171875,2.007812,5.367188,4.0625,0.01953125,0.0078125,0.04296875,0.1757812,-0.005859375,0,-0.02929688,0.0009765625,0.1013184,0,0,0.04516602,0.2263184,4.056,0,0,0,0.2000122,nan,2,0.065,1,0,0.192749,0.2568665,0.1845703,0.2710571,0.0009765625,0,0,1,2
599.587,0.001013,0.1445312,-0.15625,0.078125,-1.03125,-2.171875,11.39062,0.05273438,-0.04882812,0.08007812,0.1757812,-0.005859375,0,-0.02929688,0.0008544922,0.1019287,0,0,0.04516602,0.2263184,4.056,0,0,0,0.2000122,nan,2,0.075,1,0,0.2868652,0.1891479,0.2672729,0.1619568,0.0009765625,0,0,1,2
599.598,0.001018,-0.01953125,-0.1289062,0.0390625,-1.070312,5.25,14.89062,-0.015625,-0.03515625,0.0703125,0.1757812,-0.005859375,0,-0.02941895,0.001098633,0.1027832,0,0,0.04516602,0.2263184,4.056,0,0,0,0.2000122,nan,2,0.085,1,0,0.2511597,0.2180786,0.2007751,0.23526,0.0009765625,0,0,1,2
599.608,0.001011,-0.03710938,0.02929688,0.06640625,0.109375,3.648438,12.60156,0.00390625,-0.0078125,0.04296875,0.1757812,-0.005859375,0,-0.02929688,0.0009765625,0.1031494,0,0,0.04516602,0.2263184,4.056,0,0,0,0.2000122,nan,2,0.095,1,0,0.2561035,0.1976318,0.2250366,0.2265015,0.001953125,0,0,1,2
599.618,0.001016,0.05664062,-0.0390625,0.03125,1.421875,1.15625,2.46875,0,-0.001953125,0.0390625,0.1757812,-0.005859375,0,-0.02941895,0.0008544922,0.1036377,0,0,0.04516602,0.2263184,4.056,0,0,0,0.2000122,nan,2,0.005,1,0,0.2351074,0.2155762,0.2155762,0.2390137,0.001953125,0,0,1,2
599.628,0.001009,-0.09375,0.0390625,0.1054688,1.632812,1.28125,7.351562,-0.03320312,0.0546875,0.109375,0.1777344,-0.005859375,0,-0.02966309,0.001098633,0.1043701,0,0,0.04516602,0.2263184,4.056,0,0,0,0.2000122,nan,2,0.015,1,0,0.3320312,0.09970093,0.3166504,0.1568909,0.001953125,0,0,1,2
599.638,0.001013,-0.01953125,-0.02929688,0.08789062,-3.171875,-8.46875,11.98438,0.05273438,-0.03710938,0.0859375,0.1777344,-0.005859375,0,-0.02954102,0.0008544922,0.1052246,0,0,0.04516602,0.2263184,4.056,0,0,0,0.2000122,nan,2,0.025,1,0,0.2579651,0.2064514,0.2329407,0.2078857,0.001953125,0,0,1,2
599.648,0.001009,-0.04882812,0.0546875,0.09375,-0.5625,5.335938,14,0.001953125,-0.00390625,0.09179688,0.1738281,-0.00390625,0,-0.0291748,0.0007324219,0.1062012,0,0,0.04516602,0.2263184,4.056,0,0,0,0.2000122,nan,2,0.035,1,0,0.270874,0.1759338,0.2388,0.2196655,0.001953125,0,0,1,2
599.658,0.001033,0.08398438,0.07617188,0.0703125,1.429688,3.1875,0.4296875,0.03515625,0.005859375,0.08984375,0.1738281,-0.00390625,0,-0.02905273,0.0007324219,0.1071777,0,0,0.04516602,0.2263184,4.056,0,0,0,0.2000122,nan,2,0.045,1,0,0.2400208,0.2043762,0.2363586,0.2245178,0.002929688,0,0,1,2
599.668,0.001003,0.1484375,0.046875,0.08789062,-1.796875,0.296875,12.09375,0.02734375,-0.01367188,0.07617188,0.1738281,-0.00390625,0,-0.02880859,0.0007324219,0.1079102,0,0,0.04516602,0,4.056,0,0,0,0,nan,2,0,1,0,0.1000061,0.1000061,0.1000061,0.1000061,0,0,0,1,2
599.677,0.000991,-0.1210938,0.06445312,0.1113281,-0.6015625,1.34375,18.41406,-0.0546875,0.03710938,0.1191406,0.1738281,-0.00390625,0,-0.02880859,0.0007324219,0.1088867,0,0,0.04516602,0,4.056,0,0,0,0,nan,2,0.01,1,0,0.1000061,0.1000061,0.1000061,0.1000061,0,0,0,1,2
599.687,0.001006,0.0078125,0.001953125,0.04882812,1.25,8.015625,11.76562,-0.03125,-0.01367188,0.0546875,0.1738281,-0.00390625,0,-0.02941895,0.0008544922,0.1097412,0,0,0.04516602,0,4.056,0,0,0,0,nan,2,0.02,1,0,0.1000061,0.1000061,0.1000061,0.1000061,0,0,0,1,2
599.697,0.00101,0.1015625,-0.02539062,0.04296875,0.609375,-7.25,4.742188,0.02734375,0.02148438,0.06640625,0.1738281,-0.00390625,0,-0.02966309,0.0008544922,0.1103516,0,0,0.04516602,0,4.056,0,0,0,0,nan,2,0.03,1,0,0.1000061,0.1000061,0.1000061,0.1000061,0,0,0,1,2
599.708,0.00105,-0.03125,-0.07421875,0.06054688,-1.789062,2.125,17.34375,-0.02539062,-0.03320312,0.04882812,0.1738281,-0.00390625,0,-0.03015137,0.0008544922,0.1108398,0,0,0.04516602,0,4.056,0,0,0,0,nan,2,0.04,1,0,0.1000061,0.1000061,0.1000061,0.1000061,0,0,0,1,2
599.718,0.001053,0.015625,0.1582031,0.02148438,-0.53125,-9.242188,10.25,-0.00390625,0.02734375,0.04296875,0.1738281,-0.00390625,0,-0.03051758,0.0008544922,0.1114502,0,0,0.04516602,0,4.056,0,0,0,0,nan,2,0.051,1,0,0.1000061,0.1000061,0.1000061,0.1000061,0,0,0,1,2
599.728,0.001002,-0.078125,-0.125,0.04101562,0.1484375,-5.117188,15.84375,-0.02148438,-0.001953125,0.04492188,0.1738281,-0.00390625,0,-0.03063965,0.0009765625,0.1118164,0,0,0.04516602,0,4.056,0,0,0,0,nan,2,0.061,1,0,0.1000061,0.1000061,0.1000061,0.1000061,0,0,0,1,2
599.738,0.001009,-0.07421875,0.04101562,0.07421875,-1.851562,4.546875,17.6875,-0.015625,-0.00390625,0.05273438,0.1835938,-0.005859375,0,-0.03076172,0.0008544922,0.1121826,0,0,0.04516602,0.2263184,4.056,0,0,0,0.2000122,nan,2,0.008,1,0,0.287384,0.1616211,0.2611389,0.1951294,0,0,0,1,2
599.748,0.001012,-0.04492188,-0.0546875,0.08398438,-1.210938,-1.242188,11.11719,-0.009765625,0.00390625,0.07226562,0.1835938,-0.00390625,0,-0.03063965,0.0007324219,0.112793,0,0,0.04516602,0.2263184,4.056,0,0,0,0.2000122,nan,2,0.018,1,0,0.281311,0.1651917,0.2606812,0.1980896,0,0,0,1,2
599.758,0.001008,0.06835938,-0.0234375,0.04296875,-3.390625,-0.34375,15.58594,-0.03125,-0.05273438,0.05664062,0.1855469,-0.00390625,0,-0.03088379,0.0004882812,0.1135254,0,0,0.04516602,0.2263184,4.056,0,0,0,0.2000122,nan,2,0.028,1,0,0.2313538,0.2393494,0.1867676,0.2477722,0.0009765625,0,0,1,2
599.767,0.001008,-0.1308594,0.08789062,0.109375,0.984375,3.726562,14.40625,-0.05859375,0.00390625,0.06835938,0.1894531,-0.001953125,0,-0.03161621,0.0003662109,0.1140137,0,0,0.04516602,0.2263184,4.056,0,0,0,0.2000122,nan,2,0.037,1,0,0.2883911,0.1494141,0.2547302,0.212738,0.0009765625,0,0,1,2
599.778,0.001047,-0.01171875,0.009765625,0.06640625,0.3125,-5.109375,5.59375,0.01171875,0.009765625,0.06835938,0.1894531,-0.001953125,0,-0.03161621,0.0004882812,0.1148682,0,0,0.04516602,0.2263184,4.056,0,0,0,0.2000122,nan,2,0.047,1,0,0.2375488,0.2112732,0.2215271,0.2348938,0.0009765625,0,0,1,2
599.787,0.00101,0.1015625,0.04296875,0.07617188,2.835938,-0.9296875,3.84375,0.0234375,0.0078125,0.1015625,0.1894531,-0.001953125,0,-0.03161621,0.0004882812,0.1158447,0,0,0.04516602,0.2263184,4.056,0,0,0,0.2000122,nan,2,0.058,1,0,0.2644653,0.1832275,0.2554016,0.2021484,0.0009765625,0,0,1,2
599.798,0.001017,0.05664062,0.07617188,0.03320312,4.09375,-1.59375,8.554688,-0.02539062,0.0078125,0.05859375,0.1933594,-0.001953125,0,-0.03222656,0.0002441406,0.1166992,0,0,0.04516602,0.2263184,4.056,0,0,0,0.2000122,nan,2,0.068,1,0,0.2072144,0.2345581,0.1849365,0.2785645,0.0009765625,0,0,1,2
599.808,0.001026,0.01367188,-0.0390625,0.0390625,0.0078125,-3.429688,9.53125,0.01367188,-0.01953125,0.05273438,0.1933594,-0.001953125,0,-0.03234863,0.0003662109,0.1171875,0,0,0.04516602,0.2263184,4.056,0,0,0,0.2000122,nan,2,0.078,1,0,0.256012,0.1992493,0.2367859,0.2132263,0.001953125,0,0,1,2
599.818,0.000994,-0.1523438,0.00390625,0.05664062,0.5859375,-2.976562,0.1953125,-0.08007812,-0.00390625,0.04296875,0.1972656,-0.001953125,0,-0.03283691,0.0002441406,0.1175537,0,0,0.04516602,0.2263184,4.056,0,0,0,0.2000122,nan,2,0.088,1,0,0.2739868,0.1769714,0.2123413,0.2419739,0.001953125,0,0,1,2
599.828,0.001009,0.06640625,0.08984375,0.06054688,1.882812,-7.484375,0.4296875,-0.0390625,-0.02929688,0.06445312,0.2011719,-0.001953125,0,-0.03356934,0.0001220703,0.1181641,0,0,0.04516602,0.2263184,4.056,0,0,0,0.2000122,nan,2,0.003,1,0,0.2785339,0.1795044,0.2477112,0.1995239,0.001953125,0,0,1,2
599.838,0.001012,-0.07226562,0.005859375,0.03710938,0.8984375,-4.453125,4.507812,-0.03515625,-0.02539062,0.04882812,0.2011719,0,0,-0.03356934,0,0.1186523,0,0,0.04516602,0.2263184,4.056,0,0,0,0.2000122,nan,2,0.013,1,0,0.2546997,0.1997681,0.2089539,0.2418518,0.001953125,0,0,1,2
599.848,0.001008,-0.07226562,-0.0390625,0.02929688,0.09375,-3.304688,10.88281,-0.01171875,0.01367188,0.03515625,0.2011719,0,0,-0.03356934,0.0001220703,0.1191406,0,0,0.04516602,0.2263184,4.051,0,0,0,0.2000122,nan,2,0.023,1,0,0.2402344,0.2077637,0.2070618,0.2502136,0.002929688,0,0,1,2
599.858,0.001012,-0.01367188,-0.15625,-0.005859375,-2.179688,-3.976562,8.507812,-0.0078125,-0.05859375,0.046875,0.2011719,0,0,-0.03356934,0.0001220703,0.119751,0,0,0.04516602,0.2263184,4.051,0,0,0,0.2000122,nan,2,0.033,1,0,0.2410583,0.242157,0.177948,0.2441101,0.002929688,0,0,1,2
599.867,0.001009,-0.1035156,0.09570312,0.09179688,-2.625,0.7734375,14.45312,-0.05273438,0.009765625,0.046875,0.2011719,0,0,-0.03369141,0,0.1199951,0,0,0.04516602,0.2263184,4.051,0,0,0,0.2000122,nan,2,0.042,1,0,0.2951355,0.1488953,0.2505188,0.2106934,0.002929688,0,0,1,2
599.877,0.000974,0,0.07226562,0.046875,3.859375,-4.03125,15.71875,-0.005859375,0.01757812,0.03515625,0.203125,0,0,-0.03369141,0,0.1203613,0,0,0.04516602,0,4.051,0,0,0,0,nan,2,0.007,1,0,0.1000061,0.1000061,0.1000061,0.1000061,0,0,0,1,2
599.887,0.001039,0.01953125,0.005859375,0.0078125,-1.085938,7.984375,14.53906,-0.009765625,0.00390625,0.02734375,0.203125,0,0,-0.03381348,0,0.1207275,0,0,0.04516602,0,4.051,0,0,0,0,nan,2,0.017,1,0,0.1000061,0.1000061,0.1000061,0.1000061,0,0,0,1,2
599.897,0.001029,0.0234375,0.02929688,-0.01757812,-2.875,1.367188,15.42188,-0.015625,0.02148438,0.00390625,0.203125,0,0,-0.03405762,0.0001220703,0.1209717,0,0,0.04516602,0,4.051,0,0,0,0,nan,2,0.027,1,0,0.1000061,0.1000061,0.1000061,0.1000061,0,0,0,1,2
599.908,0.001011,0.0078125,-0.00390625,0.01171875,3.789062,3.71875,6.4375,-0.03125,-0.046875,0.03125,0.203125,0,0,-0.03442383,0,0.1212158,0,0,0.04516602,0,4.051,0,0,0,0,nan,2,0.037,1,0,0.1000061,0.1000061,0.1000061,0.1000061,0,0,0,1,2
599.918,0.001033,0.0546875,-0.06640625,0.046875,1.804688,-2.09375,13.96875,-0.00390625,-0.0078125,0.02148438,0.203125,0,0,-0.03466797,-0.0001220703,0.1213379,0,0,0.04516602,0,4.051,0,0,0,0,nan,2,0.047,1,0,0.1000061,0.1000061,0.1000061,0.1000061,0,0,0,1,2
599.928,0.000985,-0.109375,0.1210938,0.01171875,0.8203125,-0.265625,13.89844,-0.0703125,0.0625,0.005859375,0.2089844,0,0,-0.03491211,-0.0001220703,0.12146,0,0,0.04516602,0.1842041,4.051,0,0,0,0.1500244,nan,2,0.008,1,0,0.1784973,0.1587524,0.1636963,0.2358704,0,0,0,1,2
599.938,0.001012,0.005859375,-0.03515625,0.1132812,1.835938,0.2578125,6.546875,-0.009765625,-0.0078125,0.07617188,0.2148438,-0.001953125,0,-0.03564453,0.0002441406,0.1218262,0,0,0.04516602,0.1842041,4.051,0,0,0,0.1500244,nan,2,0.018,1,0,0.2974854,0.0819397,0.269104,0.08828735,0.0009765625,0,0,1,2
599.948,0.001018,-0.078125,0.0703125,0.06054688,-0.34375,7.507812,8.28125,0.01953125,0.0078125,0.06445312,0.2109375,-0.001953125,0,-0.03527832,0.0001220703,0.1226807,0,0,0.04516602,0.1842041,4.051,0,0,0,0.1500244,nan,2,0.028,1,0,0.2078247,0.1511841,0.18927,0.1885376,0.0009765625,0,0,1,2
599.958,0.001008,0.06445312,-0.02148438,0.05078125,0.4296875,0.7890625,-1.421875,0.02539062,-0.0078125,0.07226562,0.2109375,0,0,-0.03527832,0.0001220703,0.1234131,0,0,0.04516602,0.1842041,4.051,0,0,0,0.1500244,nan,2,0.038,1,0,0.206665,0.1630554,0.1881104,0.1790161,0.0009765625,0,0,1,2
599.968,0.001012,0.03515625,-0.04492188,0.1445312,-4.226562,2.703125,13.70312,-0.01757812,-0.01367188,0.09570312,0.2109375,-0.001953125,0,-0.03503418,0.0003662109,0.1241455,0,0,0.04516602,0.1842041,4.051,0,0,0,0.1500244,nan,2,0.048,1,0,0.2927856,0.08670044,0.2391052,0.1182556,0.0009765625,0,0,1,2
599.977,0.001009,0.078125,-0.005859375,0.01171875,-1.664062,4.875,10.75781,0.04882812,0.01367188,0.06445312,0.2089844,-0.001953125,0,-0.03479004,0.0002441406,0.1248779,0,0,0.04516602,0.1842041,4.051,0,0,0,0.1500244,nan,2,0.058,1,0,0.1491699,0.2094727,0.1564026,0.2217712,0.0009765625,0,0,1,2
599.987,0.001007,0.02929688,0.07226562,0.1269531,0.8125,-7.851562,6.625,0.04492188,-0.04492188,0.1269531,0.2070312,0,0,-0.0345459,0.0001220703,0.1258545,0,0,0.04516602,0.1842041,4.051,0,0,0,0.1500244,nan,2,0.068,1,0,0.2927551,0.09020996,0.263916,0.0899353,0.0009765625,0,0,1,2
599.997,0.001007,-0.02148438,-0.01367188,0.04492188,3.65625,1.671875,11.44531,-0.00390625,-0.00390625,0.05273438,0.2050781,0,0,-0.03430176,0,0.1265869,0,0,0.04516602,0.1842041,4.051,0,0,0,0.1500244,nan,2,0.078,1,0,0.1753845,0.1878052,0.1408997,0.2327576,0.001953125,0,0,1,2
600.008,0.000998,-0.1328125,-0.09765625,0.04296875,-0.1875,0.671875,16.75,-0.08789062,-0.001953125,0.04101562,0.2089844,0,0,-0.03466797,0.0001220703,0.1270752,0,0,0.04516602,0.1842041,4.051,0,0,0,0.1500244,nan,2,0.088,1,0,0.2135315,0.1628418,0.1455994,0.2148438,0.001953125,0,0,1,2
600.018,0.001024,0.005859375,0.06640625,0.06640625,3.117188,-2.296875,9.046875,0.02148438,0.015625,0.07226562,0.2089844,0,0,-0.03466797,0.0001220703,0.1278076,0,0,0.04516602,0.1842041,4.051,0,0,0,0.1500244,nan,2,0.098,1,0,0.217041,0.1437683,0.2057495,0.1702881,0.001953125,0,0,1,2
600.028,0.001007,-0.0625,0.0078125,0.03515625,2.125,-4.195312,4.953125,0.02734375,-0.015625,0.07226562,0.2070312,0,0,-0.03442383,0.0001220703,0.1286621,0,0,0.04516602,0.1421204,4.051,0,0,0,0.09997559,nan,2,0.004,1,0,0.1557617,0.1335449,0.1220093,0.1571045,0.001953125,0,0,1,2
600.038,0.00101,-0.08398438,0.05078125,0.0859375,-1.265625,5.648438,11.3125,-0.0078125,-0.00390625,0.08789062,0.2089844,0,0,-0.03466797,0,0.1293945,0,0,0.04516602,0.1421204,4.051,0,0,0,0.09997559,nan,2,0.014,1,0,0.200592,0.08239746,0.1584167,0.1270142,0.002929688,0,0,1,2
600.048,0.00101,0.1972656,0.05078125,0.04492188,-3.234375,8.304688,12.89062,0.078125,0.02734375,0.06445312,0.2070312,0,0,-0.03442383,0.0001220703,0.130249,0,0,0.04516602,0.1421204,4.051,0,0,0,0.09997559,nan,2,0.024,1,0,0.1221619,0.1497192,0.1321411,0.1644287,0.002929688,0,0,1,2
600.058,0.001009,0.06640625,-0.08984375,0.07226562,1.84375,-1.773438,3.648438,-0.01367188,-0.04101562,0.07617188,0.2070312,-0.001953125,0,-0.03442383,0.0002441406,0.1309814,0,0,0.04516602,0.1421204,4.051,0,0,0,0.09997559,nan,2,0.034,1,0,0.1969299,0.1112976,0.140686,0.1194763,0.002929688,0,0,1,2
600.068,0.001008,-0.1074219,0.001953125,0.08203125,1.632812,6.25,8.265625,-0.01953125,-0.009765625,0.06835938,0.2050781,-0.001953125,0,-0.03430176,0.0002441406,0.1317139,0,0,0.04516602,0.1421204,4.051,0,0,0,0.09997559,nan,2,0.044,1,0,0.1878052,0.09741211,0.1375122,0.1456909,0.002929688,0,0,1,2
600.077,0.001018,0.05859375,-0.1015625,0.03515625,-3.296875,-4.359375,15.97656,-0.00390625,-0.0390625,0.06054688,0.2070312,0,0,-0.0345459,0.0001220703,0.1323242,0,0,0.04516602,0.1421204,4.051,0,0,0,0.09997559,nan,2,0.054,1,0,0.1626282,0.1357422,0.1265564,0.1434937,0.002929688,0,0,1,2
600.087,0.001021,-0.03125,-0.05273438,0.09765625,0.5,-1.859375,8.953125,0.009765625,-0.03125,0.06640625,0.2070312,0,0,-0.0345459,-0.0001220703,0.1328125,0,0,0.04516602,0.1421204,4.051,0,0,0,0.09997559,nan,2,0.064,1,0,0.2212524,0.0748291,0.1776428,0.09469604,0.00390625,0,0,1,2
600.097,0.001015,-0.00390625,-0.06835938,0.0859375,-2.546875,-2.351562,3.921875,-0.005859375,0,0.06445312,0.2089844,0,0,-0.03515625,-0.0002441406,0.1334229,0,0,0.04516602,0,4.051,0,0,0,0,nan,2,0.008,1,0,0.1000061,0.1000061,0.1000061,0.1000061,0,0,0,1,2
600.108,0.001016,-0.03515625,0.08203125,0.08398438,0.21875,-4.085938,10.5625,-0.009765625,-0.005859375,0.08203125,0.2089844,0,0,-0.03527832,-0.0002441406,0.1342773,0,0,0.04516602,0,4.051,0,0,0,0,nan,2,0.018,1,0,0.1000061,0.1000061,0.1000061,0.1000061,0,0,0,1,2
600.118,0.001012,-0.0390625,0.03320312,0.06835938,1.515625,-9.492188,7.734375,-0.01171875,0.0078125,0.0859375,0.2089844,0,0,-0.03515625,-0.0002441406,0.1350098,0,0,0.04516602,0,4.051,0,0,0,0,nan,2,0.028,1,0,0.1000061,0.1000061,0.1000061,0.1000061,0,0,0,1,2
600.128,0.001011,-0.1289062,-0.0234375,0.078125,-1.53125,-0.53125,2.773438,-0.03125,0.01171875,0.0859375,0.2089844,0,0,-0.03527832,-0.0002441406,0.1358643,0,0,0.04516602,0,4.051,0,0,0,0,nan,2,0.038,1,0,0.1000061,0.1000061,0.1000061,0.1000061,0,0,0,1,2
600.138,0.000994,-0.02539062,0.1191406,0.08789062,1.664062,-5.617188,3.796875,0.015625,0,0.06445312,0.2089844,0,0,-0.03527832,-0.0003662109,0.1365967,0,0,0.04516602,0,4.051,0,0,0,0,nan,2,0.048,1,0,0.1000061,0.1000061,0.1000061,0.1000061,0,0,0,1,2
600.148,0.000998,0.09570312,-0.08398438,0.03320312,0.5390625,0.0546875,9.367188,0.01367188,0,0.04492188,0.2089844,0,0,-0.03527832,-0.0002441406,0.137207,0,0,0.04516602,0,4.051,0,0,0,0,nan,2,0.007,1,0,0.1000061,0.1000061,0.1000061,0.1000061,0,0,0,1,2
600.158,0.001016,-0.009765625,-0.05859375,0.04492188,0.1328125,9.773438,9,0.01757812,-0.0234375,0.05273438,0.2089844,0,0,-0.03503418,-0.0003662109,0.1376953,0,0,0.04516602,0,4.051,0,0,0,0,nan,2,0.017,1,0,0.1000061,0.1000061,0.1000061,0.1000061,0,0,0,1,2
600.168,0.001011,0.04882812,-0.03710938,0.03320312,-0.59375,-6.007812,15.91406,0.001953125,-0.01757812,0.046875,0.2089844,0,0,-0.03491211,-0.0007324219,0.1381836,0,0,0.04516602,0,4.051,0,0,0,0,nan,2,0.027,1,0,0.1000061,0.1000061,0.1000061,0.1000061,0,0,0,1,2
600.178,0.001011,0.05859375,0.015625,0.04492188,2.304688,-2.78125,9.007812,0.0078125,0.005859375,0.03125,0.2089844,0,0,-0.03503418,-0.0007324219,0.1385498,0,0,0.04516602,0,4.051,0,0,0,0,nan,2,0.037,1,0,0.1000061,0.1000061,0.1000061,0.1000061,0,0,0,1,2
600.187,0.001019,-0.02148438,-0.04492188,0.01171875,1.0625,-5.625,9.117188,-0.02148438,-0.02148438,0.02734375,0.2089844,0,0,-0.03503418,-0.0007324219,0.1387939,0,0,0.04516602,0,4.051,0,0,0,0,nan,2,0.046,1,0,0.1000061,0.1000061,0.1000061,0.1000061,0,0,0,1,2
600.197,0.001007,-0.046875,0.02148438,0.001953125,0.5703125,-8.1875,8.96875,0.0078125,0.00390625,0.009765625,0.2089844,0,0,-0.03503418,-0.0008544922,0.1390381,0,0,0.04516602,0,4.051,0,0,0,0,nan,2,0.057,1,0,0.1000061,0.1000061,0.1000061,0.1000061,0,0,0,1,2
600.208,0.001015,-0.06054688,-0.01757812,0.01953125,-2.984375,2.0625,16.25781,-0.015625,-0.001953125,0.01367188,0.2089844,0,0,-0.03515625,-0.0009765625,0.1390381,0,0,0.04516602,0,4.051,0,0,0,0,nan,2,0.067,1,0,0.1000061,0.1000061,0.1000061,0.1000061,0,0,0,1,2
600.218,0.001003,0.02539062,-0.00390625,-0.005859375,-0.40625,-0.015625,4.257812,0,-0.01367188,-0.0078125,0.2089844,0,0,-0.03515625,-0.0009765625,0.1390381,0,0,0.04516602,0,4.051,0,0,0,0,nan,2,0.077,1,0,0.1000061,0.1000061,0.1000061,0.1000061,0,0,0,1,2
600.228,0.001006,-0.00390625,0.01953125,-0.015625,-0.421875,3.304688,10.125,0.01953125,0.02148438,-0.005859375,0.2089844,0,0,-0.03503418,-0.0009765625,0.1390381,0,0,0.04516602,0,4.051,0,0,0,0,nan,2,0.087,1,0,0.1000061,0.1000061,0.1000061,0.1000061,0,0,0,1,2
600.238,0.00101,0.01367188,0.01757812,0.01757812,1.789062,-1.796875,5.929688,-0.01953125,0.00390625,0.005859375,0.2089844,0,0,-0.03503418,-0.0009765625,0.138916,0,0,0.04516602,0,4.051,0,0,0,0,nan,2,0.097,1,0,0.1000061,0.1000061,0.1000061,0.1000061,0,0,0,1,2
600.248,0.000974,-0.001953125,0.015625,-0.02539062,-2.0625,1.125,6.039062,0.01171875,0.0078125,-0.01757812,0.2089844,0,0,-0.03503418,-0.0009765625,0.138916,0,0,0.04516602,0,4.051,0,0,0,0,nan,2,0.107,1,0,0.1000061,0.1000061,0.1000061,0.1000061,0,0,0,1,2
600.258,0.001043,0.08984375,0.03515625,-0.04296875,2.257812,8.53125,10.98438,0.02734375,0.0078125,-0.01953125,0.2089844,0,0,-0.03503418,-0.0008544922,0.1386719,0,0,0.04516602,0,4.051,0,0,0,0,nan,2,0.117,1,0,0.1000061,0.1000061,0.1000061,0.1000061,0,0,0,1,2
600.267,0.001039,0.03710938,0.06054688,-0.0078125,0.5078125,-4.742188,15.40625,0.009765625,0.005859375,-0.01171875,0.2089844,0,0,-0.03491211,-0.0008544922,0.1385498,0,0,0.04516602,0,4.051,0,0,0,0,nan,2,0.001,1,0,0.1000061,0.1000061,0.1000061,0.1000061,0,0,0,1,2
600.278,0.001007,-0.02539062,-0.02734375,0.0078125,0.6015625,-1.109375,8.265625,-0.0234375,-0.0078125,-0.00390625,0.2089844,0,0,-0.03515625,-0.0008544922,0.1384277,0,0,0.04516602,0,4.051,0,0,0,0,nan,2,0.012,1,0,0.1000061,0.1000061,0.1000061,0.1000061,0,0,0,1,2
600.287,0.001007,0.0078125,0.009765625,-0.02929688,2.765625,-2.15625,4.335938,-0.04101562,-0.005859375,-0.01171875,0.2089844,0,0,-0.03527832,-0.0008544922,0.1384277,0,0,0.04516602,0,4.051,0,0,0,0,nan,2,0.021,1,0,0.1000061,0.1000061,0.1000061,0.1000061,0,0,0,1,2
600.297,0.001014,-0.0703125,0.07617188,-0.04882812,2.265625,-0.2421875,11.55469,-0.02929688,0.001953125,-0.02539062,0.2089844,0,0,-0.03552246,-0.0009765625,0.1383057,0,0,0.04516602,0,4.051,0,0,0,0,nan,2,0.031,1,0,0.1000061,0.1000061,0.1000061,0.1000061,0,0,0,1,2
600.308,0.001037,0.009765625,0.001953125,-0.03320312,-1.390625,-4.007812,7.15625,0.005859375,0.01171875,-0.03710938,0.2089844,0,0,-0.03564453,-0.0008544922,0.1379395,0,0,0.04516602,0,4.051,0,0,0,0,nan,2,0.041,1,0,0.1000061,0.1000061,0.1000061,0.1000061,0,0,0,1,2
600.318,0.000988,0.01367188,0.001953125,-0.01757812,-3.023438,-6.117188,15.27344,0.005859375,-0.001953125,-0.02539062,0.2089844,0,0,-0.03564453,-0.0008544922,0.1376953,0,0,0.04516602,0,4.051,0,0,0,0,nan,2,0.052,1,0,0.1000061,0.1000061,0.1000061,0.1000061,0,0,0,1,2
600.328,0.001042,0.0390625,0.00390625,-0.005859375,-0.6953125,2.140625,16.10938,0.01171875,0.005859375,-0.015625,0.2089844,0,0,-0.03564453,-0.0009765625,0.1374512,0,0,0.04516602,0,4.051,0,0,0,0,nan,2,0.062,1,0,0.1000061,0.1000061,0.1000061,0.1000061,0,0,0,1,2
600.338,0.000975,0.04296875,0.0625,-0.0234375,1.375,3.726562,7.617188,0.009765625,-0.001953125,-0.015625,0.2089844,0,0,-0.03564453,-0.001098633,0.1373291,0,0,0.04516602,0,4.051,0,0,0,0,nan,2,0.003,1,0,0.1000061,0.1000061,0.1000061,0.1000061,0,0,0,1,2
600.348,0.000984,-0.005859375,0.015625,-0.02539062,0.109375,0.1015625,1.328125,-0.01171875,0.001953125,-0.0234375,0.2089844,0,0,-0.03564453,-0.001098633,0.137207,0,0,0.04516602,0,4.051,0,0,0,0,nan,2,0.013,1,0,0.1000061,0.1000061,0.1000061,0.1000061,0,0,0,1,2
600.358,0.001007,-0.015625,-0.01367188,-0.02148438,0.5546875,-0.3125,9.898438,-0.00390625,0.01757812,-0.02734375,0.2089844,0,0,-0.03564453,-0.0009765625,0.1368408,0,0,0.04516602,0,4.051,0,0,0,0,nan,2,0.023,1,0,0.1000061,0.1000061,0.1000061,0.1000061,0,0,0,1,2
600.368,0.001008,-0.03125,-0.02734375,-0.01757812,1.0625,-0.8828125,16.5625,0,-0.01757812,-0.01953125,0.2089844,0,0,-0.0357666,-0.0008544922,0.1365967,0,0,0.04516602,0,4.051,0,0,0,0,nan,2,0.033,1,0,0.1000061,0.1000061,0.1000061,0.1000061,0,0,0,1,2
600.377,0.001033,0.03710938,0.01367188,-0.01171875,1.8125,0.0625,7.484375,0.00390625,0.01171875,-0.01953125,0.2089844,0,0,-0.0357666,-0.0008544922,0.1364746,0,0,0.1364746,0,4.051,0,0,0,0,nan,2,0.042,0,0,0,0,0,0,0,0,0,1,2
600.387,0.001048,0.0234375,0.0234375,-0.02148438,2.414062,1.75,11.05469,0.001953125,-0.009765625,-0.009765625,0.2089844,0,0,-0.03540039,-0.0009765625,0.1363525,0,0,0.1363525,0,4.051,0,0,0,0,nan,2,0.053,0,0,0,0,0,0,0,0,0,1,2
600.397,0.00101,0.0546875,0.08789062,-0.03125,-0.90625,-0.9375,11.30469,0.01367188,0.02148438,-0.015625,0.2089844,0,0,-0.03540039,-0.0009765625,0.1362305,0,0,0.1362305,0,4.051,0,0,0,0,nan,2,0.063,0,0,0,0,0,0,0,0,0,1,2
600.407,0.001009,-0.005859375,-0.04101562,-0.05273438,-0.515625,-0.0546875,8.335938,0.005859375,0.001953125,-0.04882812,0.2089844,0,0,-0.03527832,-0.0009765625,0.1358643,0,0,0.1358643,0,4.051,0,0,0,0,nan,2,0.073,0,0,0,0,0,0,0,0,0,1,2
600.418,0.001001,0.01367188,0.04882812,-0.05664062,0.609375,1.398438,5.273438,-0.009765625,-0.005859375,-0.05078125,0.2089844,0,0,-0.03527832,-0.0009765625,0.135376,0,0,0.135376,0,4.051,0,0,0,0,nan,2,0.083,0,0,0,0,0,0,0,0,0,1,2
600.428,0.001009,0.06054688,-0.01757812,-0.0078125,-0.7890625,1.625,6.570312,0.01171875,0.0078125,-0.01757812,0.2089844,0,0,-0.03527832,-0.0009765625,0.1350098,0,0,0.1350098,0,4.051,0,0,0,0,nan,2,0.093,0,0,0,0,0,0,0,0,0,1,2
600.438,0.001011,-0.01367188,0.015625,-0.02539062,0.5234375,-0.171875,9.132812,0.01757812,0.00390625,-0.02929688,0.2089844,0,0,-0.03491211,-0.0008544922,0.1347656,0,0,0.1347656,0,4.051,0,0,0,0,nan,2,0.103,0,0,0,0,0,0,0,0,0,1,2
600.448,0.001009,0.046875,-0.04492188,-0.04492188,-0.375,-0.1015625,11.35156,-0.005859375,-0.02929688,-0.02734375,0.2089844,0,0,-0.03491211,-0.0007324219,0.1346436,0,0,0.1346436,0,4.051,0,0,0,0,nan,2,0.113,0,0,0,0,0,0,0,0,0,1,2
600.458,0.001009,-0.0078125,-0.009765625,-0.06445312,-0.71875,1.335938,7.640625,-0.00390625,-0.005859375,-0.04101562,0.2089844,0,0,-0.03491211,-0.0008544922,0.1342773,0,0,0.1342773,0,4.051,0,0,0,0,nan,2,0.123,0,0,0,0,0,0,0,0,0,1,2
600.468,0.001039,-0.015625,0.06445312,-0.05078125,0.3671875,-2.53125,12.1875,-0.03125,0.005859375,-0.06445312,0.2089844,0,0,-0.03527832,-0.0008544922,0.133667,0,0,0.133667,0,4.051,0,0,0,0,nan,2,0.001,0,0,0,0,0,0,0,0,0,1,2
600.478,0.00101,-0.03320312,-0.08203125,-0.04882812,0.6015625,1.757812,10.45312,-0.01953125,-0.02929688,-0.03710938,0.2089844,0,0,-0.03515625,-0.001220703,0.1331787,0,0,0.1331787,0,4.051,0,0,0,0,nan,2,0.011,0,0,0,0,0,0,0,0,0,1,2
600.487,0.00102,-0.01171875,-0.001953125,-0.03320312,0.6796875,0.265625,8.632812,-0.00390625,0.001953125,-0.06054688,0.2089844,0,0,-0.03527832,-0.001342773,0.1326904,0,0,0.1326904,0,4.051,0,0,0,0,nan,2,0.02,0,0,0,0,0,0,0,0,0,1,2
600.498,0.001011,0.04492188,0.005859375,-0.03710938,1.398438,-0.8125,8.945312,0.03515625,0.005859375,-0.0390625,0.2089844,0,0,-0.03491211,-0.001464844,0.1323242,0,0,0.1323242,0,4.076,0,0,0,0,nan,2,0.03,0,0,0,0,0,0,0,0,0,1,2
600.507,0.0009869999,-0.04101562,-0.02929688,-0.009765625,0.765625,-2.273438,7.890625,-0.015625,-0.01953125,-0.01757812,0.2089844,0,0,-0.03503418,-0.001464844,0.131958,0,0,0.131958,0,4.076,0,0,0,0,nan,2,0.04,0,0,0,0,0,0,0,0,0,1,2
600.518,0.001011,-0.005859375,-0.01757812,-0.02734375,3.359375,3.375,6.21875,0,-0.009765625,-0.01757812,0.2089844,0,0,-0.03491211,-0.001464844,0.1318359,0,0,0.1318359,0,4.076,0,0,0,0,nan,2,0.05,0,0,0,0,0,0,0,0,0,1,2
600.528,0.001022,-0.01757812,-0.00390625,-0.001953125,0.3125,-3.109375,7.53125,-0.0078125,-0.01171875,-0.015625,0.2089844,0,0,-0.03503418,-0.001586914,0.1317139,0,0,0.1317139,0,4.076,0,0,0,0,nan,2,0.061,0,0,0,0,0,0,0,0,0,1,2
600.538,0.00101,0.02929688,-0.015625,-0.01953125,2.03125,1.25,11.30469,0.01171875,0.0078125,0.0078125,0.2089844,0,0,-0.03479004,-0.001464844,0.1317139,0,0,0.1317139,0,4.076,0,0,0,0,nan,2,0.071,0,0,0,0,0,0,0,0,0,1,2
600.548,0.001015,0.005859375,0.01367188,-0.01953125,-1.570312,-3.476562,11.5,0.001953125,0.009765625,-0.00390625,0.2089844,0,0,-0.0345459,-0.001342773,0.1317139,0,0,0.1317139,0,4.076,0,0,0,0,nan,2,0.081,0,0,0,0,0,0,0,0,0,1,2
600.558,0.00101,0,-0.00390625,0.01367188,-1.390625,1.078125,9.226562,-0.0078125,-0.00390625,-0.009765625,0.2089844,0,0,-0.0345459,-0.001342773,0.1315918,0,0,0.1315918,0,4.076,0,0,0,0,nan,2,0.091,0,0,0,0,0,0,0,0,0,1,2
600.568,0.001006,0.01757812,-0.0078125,-0.00390625,-1.0625,3.648438,12.72656,0.00390625,-0.001953125,-0.009765625,0.2089844,0,0,-0.0345459,-0.001586914,0.1314697,0,0,0.1314697,0,4.076,0,0,0,0,nan,2,0.101,0,0,0,0,0,0,0,0,0,1,2
600.578,0.001009,-0.03710938,0,-0.02734375,-0.7578125,2.335938,11.69531,-0.009765625,-0.001953125,-0.02734375,0.2089844,0,0,-0.03479004,-0.001342773,0.1312256,0,0,0.1312256,0,4.076,0,0,0,0,nan,2,0.111,0,0,0,0,0,0,0,0,0,1,2
600.587,0.001034,0.009765625,0.0625,-0.00390625,-0.9765625,-7.75,9.859375,0.001953125,0.009765625,-0.01757812,0.2089844,0,0,-0.03503418,-0.001586914,0.1309814,0,0,0.1309814,0,4.076,0,0,0,0,nan,2,0.12,0,0,0,0,0,0,0,0,0,1,2
600.597,0.000974,0.005859375,0.04296875,-0.046875,-1.507812,0.8671875,12.5,-0.001953125,0,-0.03125,0.2089844,0,0,-0.03515625,-0.001708984,0.1307373,0,0,0.1307373,0,4.076,0,0,0,0,nan,2,0.13,0,0,0,0,0,0,0,0,0,1,2
600.608,0.001011,-0.02929688,-0.02539062,0.02148438,-0.6328125,-2.078125,12.75,-0.01953125,-0.01367188,0.0078125,0.2089844,0,0,-0.03503418,-0.001708984,0.1306152,0,0,0.1306152,0,4.076,0,0,0,0,nan,2,0.14,0,0,0,0,0,0,0,0,0,1,2
600.618,0.001056,-0.04492188,-0.04492188,-0.03125,-2.046875,3.046875,14.91406,-0.015625,-0.01757812,-0.00390625,0.2089844,0,0,-0.03503418,-0.001708984,0.1307373,0,0,0.1307373,0,4.076,0,0,0,0,nan,2,0.151,0,0,0,0,0,0,0,0,0,1,2
600.628,0.001015,0.0078125,-0.009765625,-0.009765625,-0.484375,-0.015625,7.46875,-0.001953125,0.0078125,-0.01953125,0.2089844,0,0,-0.03503418,-0.001708984,0.1304932,0,0,0.1304932,0,4.076,0,0,0,0,nan,2,0.161,0,0,0,0,0,0,0,0,0,1,2
600.638,0.001006,0,0.00390625,0.005859375,0.6640625,-2.3125,6.617188,0.001953125,0.02148438,0.001953125,0.2089844,0,0,-0.03527832,-0.001708984,0.1304932,0,0,0.1304932,0,4.076,0,0,0,0,nan,2,0.171,0,0,0,0,0,0,0,0,0,1,2
600.648,0.000999,0.04296875,-0.03320312,-0.00390625,-0.9921875,0.375,10.15625,0.009765625,-0.01171875,-0.001953125,0.2089844,0,0,-0.03515625,-0.001708984,0.1304932,0,0,0.1304932,0,4.076,0,0,0,0,nan,2,0.181,0,0,0,0,0,0,0,0,0,1,2
600.658,0.001031,0.03515625,-0.02148438,-0.01367188,-0.8203125,-0.265625,8.8125,0,-0.01171875,-0.005859375,0.2089844,0,0,-0.03515625,-0.001708984,0.1303711,0,0,0.1303711,0,4.076,0,0,0,0,nan,2,0.191,0,0,0,0,0,0,0,0,0,1,2
600.668,0.000994,0.109375,0.05273438,0.02148438,-1.453125,1.765625,11.38281,0.0078125,0,0.005859375,0.2089844,0,0,-0.03491211,-0.001831055,0.1303711,0,0,0.1303711,0,4.076,0,0,0,0,nan,2,0.201,0,0,0,0,0,0,0,0,0,1,2
600.677,0.001002,-0.01757812,0.03125,0.009765625,-0.265625,0.859375,9.171875,-0.001953125,0,0.0078125,0.2089844,0,0,-0.03491211,-0.001831055,0.1303711,0,0,0.1303711,0,4.076,0,0,0,0,nan,2,0.005,0,0,0,0,0,0,0,0,0,1,2
600.687,0.001009,0.01953125,0.005859375,-0.01757812,0.3984375,1.085938,10.34375,0.001953125,0.005859375,-0.001953125,0.2089844,0,0,-0.03491211,-0.001708984,0.1303711,0,0,0.1303711,0,4.076,0,0,0,0,nan,2,0.015,0,0,0,0,0,0,0,0,0,1,2
600.697,0.000994,0.01367188,-0.06445312,0.01757812,0.8828125,-1.039062,9.695312,0,-0.015625,0,0.2089844,0,0,-0.03417969,-0.001708984,0.1303711,0,0,0.1303711,0,4.076,0,0,0,0,nan,2,0.025,0,0,0,0,0,0,0,0,0,1,2
600.708,0.000993,0.02148438,-0.03710938,-0.02539062,-0.15625,1,10.58594,-0.00390625,-0.0078125,0,0.2089844,0,0,-0.03417969,-0.001586914,0.1303711,0,0,0.1303711,0,4.076,0,0,0,0,nan,2,0.035,0,0,0,0,0,0,0,0,0,1,2
600.718,0.001041,-0.01367188,-0.05859375,-0.001953125,2.726562,0.8046875,9.976562,-0.0078125,-0.0078125,0.001953125,0.2089844,0,0,-0.03417969,-0.001831055,0.1303711,0,0,0.1303711,0,4.076,0,0,0,0,nan,2,0.045,0,0,0,0,0,0,0,0,0,1,2
600.728,0.001025,-0.01953125,0.01953125,-0.0078125,1.3125,-0.3359375,9.070312,-0.01367188,0.01171875,-0.005859375,0.2089844,0,0,-0.03405762,-0.001586914,0.1303711,0,0,0.1303711,0,4.076,0,0,0,0,nan,2,0.056,0,0,0,0,0,0,0,0,0,1,2
600.738,0.001009,-0.009765625,0.001953125,0.0234375,-0.859375,-1.148438,8.695312,0.00390625,0,0,0.2089844,0,0,-0.03381348,-0.001586914,0.1303711,0,0,0.1303711,0,4.076,0,0,0,0,nan,2,0.066,0,0,0,0,0,0,0,0,0,1,2
600.748,0.001025,0.08398438,-0.00390625,0.01171875,0.453125,0.0625,10.16406,0.01171875,0.00390625,0,0.2089844,0,0,-0.03369141,-0.001586914,0.1303711,0,0,0.1303711,0,4.076,0,0,0,0,nan,2,0.076,0,0,0,0,0,0,0,0,0,1,2
600.757,0.001354,-0.02148438,-0.0703125,-0.009765625,1.882812,-0.3359375,8.648438,-0.0078125,-0.02929688,-0.005859375,0.2089844,0,0,-0.03369141,-0.001953125,0.1303711,0,0,0.1303711,0,4.076,0,0,0,0,nan,2,0.085,0,0,0,0,0,0,0,0,0,1,2
600.768,0.00228,-0.03710938,0.04296875,0.005859375,-0.625,-0.578125,10.61719,-0.015625,0.005859375,0.001953125,0.2089844,0,0,-0.03393555,-0.002319336,0.1303711,0,0,0.1303711,0,4.076,0,0,0,0,nan,2,0.095,0,128,0,0,0,0,0,0,0,1,2
600.778,0.001206,0.01171875,-0.0390625,0,1.203125,-0.0078125,8.609375,0.001953125,-0.009765625,0.0078125,0.2089844,0,0,-0.03393555,-0.002685547,0.1304932,0,0,0.1304932,0,4.076,0,0,0,0,nan,2,0.105,0,128,0,0,0,0,0,0,0,1,2
600.787,0.000575,-0.04101562,-0.0546875,0.00390625,0.5703125,-0.3046875,8.007812,0.00390625,0.00390625,-0.01171875,0.2089844,0,0,-0.03393555,-0.002685547,0.1303711,0,0,0.1303711,0,4.076,0,0,0,0,nan,2,0.115,0,128,0,0,0,0,0,0,0,1,2
600.849,0.000839,0.009765625,0.06445312,-0.02929688,-0.5546875,0.09375,11.6875,-0.0078125,0.00390625,-0.0078125,0.2089844,0,0,-0.03405762,-0.002563477,0.1303711,0,0,0.1303711,0,4.076,0,0,0,0,nan,2,0.123,0,128,0,0,0,0,0,0,0,1,2
600.858,0.002572,0.001953125,-0.00390625,-0.01367188,-0.6171875,-0.234375,10.17969,-0.001953125,0.005859375,-0.001953125,0.2089844,0,0,-0.02209473,0.003417969,0.1303711,0,0,0.1303711,0,4.076,0,0,0,0,nan,2,0.185,0,128,0,0,0,0,0,0,0,1,2
600.868,0.000993,-0.009765625,0,0.02929688,0.359375,-0.3203125,9.585938,-0.001953125,-0.001953125,0,0.2089844,0,0,-0.0222168,0.003295898,0.1303711,0,0,0.1303711,0,4.076,0,0,0,0,nan,2,0.196,0,128,0,0,0,0,0,0,0,1,2
600.878,0.001021,-0.001953125,0.001953125,-0.01367188,0.140625,0.25,10.40625,-0.00390625,0.001953125,-0.0078125,0.2089844,0,0,-0.02246094,0.003295898,0.1303711,0,0,0.1303711,0,4.076,0,0,0,0,nan,2,0.003,0,128,0,0,0,0,0,0,0,1,2
600.888,0.000993,0.01367188,0,0.00390625,-0.1640625,-0.453125,9.40625,0.001953125,0,0.005859375,0.2089844,0,0,-0.02258301,0.003051758,0.1303711,0,0,0.1303711,0,4.076,0,0,0,0,nan,2,0.013,0,128,0,0,0,0,0,0,0,1,2
600.898,0.000985,0,-0.00390625,0.02148438,0.3515625,-0.2109375,9.210938,0,0,-0.001953125,0.2089844,0,0,-0.02282715,0.002929688,0.1303711,0,0,0.1303711,0,4.076,0,0,0,0,nan,2,0.023,0,128,0,0,0,0,0,0,0,1,2
600.908,0.001011,-0.01953125,0.001953125,0.005859375,0.1328125,-0.1640625,9.9375,-0.001953125,0,0,0.2089844,0,0,-0.02319336,0.002929688,0.1304932,0,0,0.1304932,0,4.076,0,0,0,0,nan,2,0.033,0,128,0,0,0,0,0,0,0,1,2
600.918,0.001011,-0.01367188,-0.0078125,0,0.109375,-0.2265625,10.42188,-0.00390625,-0.00390625,0.001953125,0.2089844,0,0,-0.02319336,0.002685547,0.1304932,0,0,0.1304932,0,4.076,0,0,0,0,nan,2,0.043,0,128,0,0,0,0,0,0,0,1,2
600.927,0.001009,-0.009765625,-0.001953125,0.0078125,0.1640625,-0.375,10.4375,-0.005859375,-0.00390625,0.00390625,0.2089844,0,0,-0.02355957,0.002563477,0.1303711,0,0,0.1303711,0,4.076,0,0,0,0,nan,2,0.052,0,128,0,0,0,0,0,0,0,1,2
600.937,0.001009,-0.00390625,0.001953125,0.01757812,0.3203125,-0.375,10.10156,-0.00390625,0,0.005859375,0.2089844,0,0,-0.02368164,0.002441406,0.1303711,0,0,0.1303711,0,4.076,0,0,0,0,nan,2,0.063,0,128,0,0,0,0,0,0,0,1,2
600.948,0.00101,-0.009765625,0.001953125,0.001953125,-0.0546875,-0.3671875,9.828125,-0.001953125,-0.001953125,-0.005859375,0.2089844,0,0,-0.02392578,0.002319336,0.1303711,0,0,0.1303711,0,4.076,0,0,0,0,nan,2,0.073,0,128,0,0,0,0,0,0,0,1,2
600.958,0.001008,0.005859375,0,-0.005859375,0.0078125,-0.4140625,9.5625,0.00390625,0.001953125,-0.001953125,0.2089844,0,0,-0.02404785,0.002197266,0.1303711,0,0,0.1303711,0,4.076,0,0,0,0,nan,2,0.083,0,128,0,0,0,0,0,0,0,1,2
600.968,0.001009,0,0.001953125,-0.0078125,-0.0546875,-0.125,9.671875,-0.001953125,0.001953125,0,0.2089844,0,0,-0.02441406,0.002075195,0.1303711,0,0,0.1303711,0,4.076,0,0,0,0,nan,2,0.093,0,128,0,0,0,0,0,0,0,1,2
600.978,0.001009,-0.001953125,0,0.015625,0.0703125,-0.4296875,9.867188,0,0,0.0078125,0.2089844,0,0,-0.02441406,0.002075195,0.1303711,0,0,0.1303711,0,4.076,0,0,0,0,nan,2,0.103,0,128,0,0,0,0,0,0,0,1,2
600.988,0.001009,0.001953125,0,-0.01367188,-0.0546875,-0.15625,9.859375,0,0,-0.01171875,0.2089844,0,0,-0.0246582,0.001953125,0.1303711,0,0,0.1303711,0,4.076,0,0,0,0,nan,2,0.113,0,128,0,0,0,0,0,0,0,1,2
600.998,0.001009,-0.001953125,-0.00390625,0.00390625,0.0703125,-0.3203125,9.789062,-0.001953125,0,0.0078125,0.2089844,0,0,-0.02478027,0.001831055,0.1303711,0,0,0.1303711,0,4.076,0,0,0,0,nan,2,0.123,0,128,0,0,0,0,0,0,0,1,2
601.008,0.001009,0.001953125,0.001953125,-0.005859375,-0.0625,-0.265625,9.875,0,0,-0.005859375,0.2089844,0,0,-0.02490234,0.001708984,0.1303711,0,0,0.1303711,0,4.076,0,0,0,0,nan,2,0.133,0,128,0,0,0,0,0,0,0,1,2
601.018,0.001009,0,0.005859375,0.005859375,0.0390625,-0.2578125,9.796875,0,0.00390625,0.001953125,0.2089844,0,0,-0.02502441,0.001586914,0.1303711,0,0,0.1303711,0,4.076,0,0,0,0,nan,2,0.143,0,128,0,0,0,0,0,0,0,1,2
601.027,0.001011,0.001953125,-0.001953125,-0.009765625,-0.0234375,-0.3203125,9.859375,0,-0.001953125,-0.00390625,0.2089844,0,0,-0.02526855,0.001464844,0.1303711,0,0,0.1303711,0,4.076,0,0,0,0,nan,2,0.152,0,128,0,0,0,0,0,0,0,1,2
601.037,0.001011,0,0.001953125,0.0078125,0.015625,-0.296875,9.867188,0,0,0,0.2089844,0,0,-0.02539062,0.001464844,0.1303711,0,0,0.1303711,0,4.076,0,0,0,0,nan,2,0.163,0,128,0,0,0,0,0,0,0,1,2
601.048,0.000992,-0.001953125,0.001953125,-0.001953125,0.046875,-0.265625,9.78125,0,0,0.001953125,0.2089844,0,0,-0.0255127,0.001342773,0.1303711,0,0,0.1303711,0,4.076,0,0,0,0,nan,2,0.173,0,128,0,0,0,0,0,0,0,1,2
601.058,0.001013,0.00390625,0,-0.001953125,-0.0234375,-0.296875,9.8125,0.001953125,-0.00390625,-0.001953125,0.2089844,0,0,-0.02563477,0.001220703,0.1303711,0,0,0.1303711,0,4.076,0,0,0,0,nan,2,0.183,0,128,0,0,0,0,0,0,0,1,2
601.068,0.001009,0,0,0.001953125,0.0390625,-0.28125,9.804688,0,0,0,0.2089844,0,0,-0.02575684,0.001098633,0.1303711,0,0,0.1303711,0,4.076,0,0,0,0,nan,2,0.193,0,128,0,0,0,0,0,0,0,1,2
601.078,0.001023,0,0,-0.001953125,-0.0546875,-0.3203125,9.726562,0,0,0,0.2089844,0,0,-0.02587891,0.0009765625,0.1303711,0,0,0.1303711,0,4.076,0,0,0,0,nan,2,0.203,0,128,0,0,0,0,0,0,0,1,2
601.088,0.00097,-0.00390625,0.001953125,0,0.0546875,-0.2734375,9.8125,-0.001953125,0.001953125,0,0.2089844,0,0,-0.02600098,0.0009765625,0.1303711,0,0,0.1303711,0,4.076,0,0,0,0,nan,2,0.006,0,128,0,0,0,0,0,0,0,1,2
601.098,0.001001,0,-0.001953125,0,0.03125,-0.296875,9.820312,0,-0.001953125,0,0.2089844,0,0,-0.02612305,0.0008544922,0.1303711,0,0,0.1303711,0,4.076,0,0,0,0,nan,2,0.016,0,128,0,0,0,0,0,0,0,1,2
601.108,0.001041,-0.001953125,-0.001953125,0,0.046875,-0.3046875,9.804688,0,0,0,0.2089844,0,0,-0.02636719,0.0008544922,0.1303711,0,0,0.1303711,0,4.076,0,0,0,0,nan,2,0.026,0,128,0,0,0,0,0,0,0,1,2
601.118,0.001011,0.001953125,-0.001953125,-0.001953125,0.03125,-0.2578125,9.789062,0,0,0,0.2089844,0,0,-0.02648926,0.0007324219,0.1303711,0,0,0.1303711,0,4.076,0,0,0,0,nan,2,0.036,0,128,0,0,0,0,0,0,0,1,2
601.127,0.001042,-0.001953125,0,-0.001953125,0.0078125,-0.28125,9.851562,0,0,-0.001953125,0.2089844,0,0,-0.02648926,0.0007324219,0.1303711,0,0,0.1303711,0,4.076,0,0,0,0,nan,2,0.045,0,128,0,0,0,0,0,0,0,1,2
601.137,0.001009,-0.001953125,0,0.001953125,0.046875,-0.3046875,9.789062,0,0,0,0.2089844,0,0,-0.02661133,0.0006103516,0.1303711,0,0,0.1303711,0,4.076,0,0,0,0,nan,2,0.056,0,128,0,0,0,0,0,0,0,1,2
601.147,0.00101,0,0,0.00390625,0.0390625,-0.3203125,9.789062,0,0,0,0.2089844,0,0,-0.0267334,0.0004882812,0.1303711,0,0,0.1303711,0,4.077,0,0,0,0,nan,2,0.066,0,128,0,0,0,0,0,0,0,1,2
601.158,0.001009,0.001953125,-0.001953125,0.001953125,0.0390625,-0.3125,9.835938,0,-0.001953125,0,0.2089844,0,0,-0.0267334,0.0003662109,0.1303711,0,0,0.1303711,0,4.077,0,0,0,0,nan,2,0.076,0,128,0,0,0,0,0,0,0,1,2
601.168,0.001007,0,-0.001953125,0,0.0546875,-0.28125,9.859375,0,-0.001953125,0,0.2089844,0,0,-0.02685547,0.0002441406,0.1303711,0,0,0.1303711,0,4.077,0,0,0,0,nan,2,0.086,0,128,0,0,0,0,0,0,0,1,2
601.178,0.001009,-0.001953125,0,0,0.0078125,-0.3203125,9.851562,-0.001953125,0,0,0.2089844,0,0,-0.02697754,0.0002441406,0.1303711,0,0,0.1303711,0,4.077,0,0,0,0,nan,2,0.096,0,128,0,0,0,0,0,0,0,1,2
601.188,0.001009,0,-0.00390625,-0.00390625,0.0234375,-0.2890625,9.8125,0,-0.001953125,-0.001953125,0.2089844,0,0,-0.02709961,0.0001220703,0.1303711,0,0,0.1303711,0,4.077,0,0,0,0,nan,2,0.106,0,128,0,0,0,0,0,0,0,1,2
601.198,0.001009,0,0.001953125,0,0,-0.3125,9.804688,0,0.001953125,0,0.2089844,0,0,-0.02709961,0.0001220703,0.1303711,0,0,0.1303711,0,4.077,0,0,0,0,nan,2,0.116,0,128,0,0,0,0,0,0,0,1,2
601.208,0.001009,0.005859375,-0.00390625,0,0.03125,-0.28125,9.804688,0,-0.001953125,0,0.2089844,0,0,-0.02722168,0,0.1303711,0,0,0.1303711,0,4.077,0,0,0,0,nan,2,0.126,0,128,0,0,0,0,0,0,0,1,2
601.218,0.001009,0,-0.001953125,0,0.0546875,-0.3125,9.828125,0,-0.001953125,0,0.2089844,0,0,-0.02734375,0,0.1303711,0,0,0.1303711,0,4.077,0,0,0,0,nan,2,0.136,0,128,0,0,0,0,0,0,0,1,2
601.227,0.001011,0,0,0,0.03125,-0.296875,9.8125,0,0,0,0.2089844,0,0,-0.02734375,-0.0001220703,0.1303711,0,0,0.1303711,0,4.077,0,0,0,0,nan,2,0.145,0,128,0,0,0,0,0,0,0,1,2
601.237,0.001011,0.001953125,0,0,0.0078125,-0.328125,9.765625,0,0,0,0.2089844,0,0,-0.02746582,-0.0001220703,0.1303711,0,0,0.1303711,0,4.077,0,0,0,0,nan,2,0.156,0,128,0,0,0,0,0,0,0,1,2
601.247,0.000991,0,-0.00390625,0.001953125,0.015625,-0.3203125,9.8125,0,-0.001953125,0,0.2089844,0,0,-0.02758789,-0.0001220703,0.1303711,0,0,0.1303711,0,4.077,0,0,0,0,nan,2,0.166,0,128,0,0,0,0,0,0,0,1,2
601.258,0.001014,-0.001953125,0.00390625,-0.001953125,-0.015625,-0.28125,9.796875,-0.001953125,0.001953125,0,0.2089844,0,0,-0.02770996,-0.0001220703,0.1303711,0,0,0.1303711,0,4.077,0,0,0,0,nan,2,0.176,0,128,0,0,0,0,0,0,0,1,2
601.268,0.001036,0,0,0,0.046875,-0.2890625,9.773438,0,0,0,0.2089844,0,0,-0.02770996,-0.0002441406,0.1303711,0,0,0.1303711,0,4.077,0,0,0,0,nan,2,0.001,0,128,0,0,0,0,0,0,0,1,2
601.278,0.001011,0.001953125,0,0,0.0234375,-0.3125,9.859375,0,0,0,0.2089844,0,0,-0.02783203,-0.0002441406,0.1303711,0,0,0.1303711,0,4.077,0,0,0,0,nan,2,0.011,0,128,0,0,0,0,0,0,0,1,2
601.288,0.000997,0.001953125,0,0,0,-0.2890625,9.859375,0.001953125,0,0,0.2089844,0,0,-0.02783203,-0.0003662109,0.1303711,0,0,0.1303711,0,4.077,0,0,0,0,nan,2,0.021,0,128,0,0,0,0,0,0,0,1,2
601.298,0.001011,-0.001953125,0.001953125,0.001953125,0.015625,-0.25,9.835938,-0.001953125,0.001953125,0,0.2089844,0,0,-0.0279541,-0.0003662109,0.1303711,0,0,0.1303711,0,4.077,0,0,0,0,nan,2,0.031,0,128,0,0,0,0,0,0,0,1,2
601.308,0.001011,0,0,0,0.0078125,-0.328125,9.796875,0.001953125,0,0,0.2089844,0,0,-0.0279541,-0.0003662109,0.1303711,0,0,0.1303711,0,4.077,0,0,0,0,nan,2,0.041,0,128,0,0,0,0,0,0,0,1,2
601.318,0.001011,0.001953125,0.001953125,0,0.03125,-0.296875,9.78125,0.001953125,0,0,0.2089844,0,0,-0.02807617,-0.0003662109,0.1303711,0,0,0.1303711,0,4.077,0,0,0,0,nan,2,0.051,0,128,0,0,0,0,0,0,0,1,2
601.327,0.001009,-0.001953125,-0.001953125,-0.001953125,0,-0.3046875,9.796875,0,-0.001953125,-0.001953125,0.2089844,0,0,-0.02807617,-0.0004882812,0.1303711,0,0,0.1303711,0,4.077,0,0,0,0,nan,2,0.061,0,128,0,0,0,0,0,0,0,1,2
601.337,0.001008,-0.00390625,-0.001953125,0.00390625,0,-0.34375,9.78125,-0.001953125,0,0.001953125,0.2089844,0,0,-0.02819824,-0.0004882812,0.1303711,0,0,0.1303711,0,4.077,0,0,0,0,nan,2,0.071,0,128,0,0,0,0,0,0,0,1,2
601.347,0.001011,-0.001953125,0,0,-0.0234375,-0.3125,9.820312,0,0,0,0.2089844,0,0,-0.02832031,-0.0004882812,0.1303711,0,0,0.1303711,0,4.077,0,0,0,0,nan,2,0.081,0,128,0,0,0,0,0,0,0,1,2
601.358,0.001009,0.001953125,0,0,0.0234375,-0.296875,9.84375,0.001953125,-0.001953125,-0.001953125,0.2089844,0,0,-0.02832031,-0.0004882812,0.1303711,0,0,0.1303711,0,4.077,0,0,0,0,nan,2,0.091,0,128,0,0,0,0,0,0,0,1,2
601.368,0.001008,-0.001953125,0,0,0.03125,-0.296875,9.789062,0,0,-0.001953125,0.2089844,0,0,-0.02844238,-0.0004882812,0.1303711,0,0,0.1303711,0,4.077,0,0,0,0,nan,2,0.101,0,128,0,0,0,0,0,0,0,1,2
