sequence,uptime_ms,dt_us,loop_sequence,imu_wait_us,imu_process_us,rc_web_us,estimate_us,battery_adc_us,control_law_us,motor_out_us,serial_input_us,mavlink_us,flight_log_us,param_sync_us,led_us,diagnostics_us,wifi_service_us,loop_gap_us,unaccounted_us,imu_wait_start_us,imu_wait_end_us,imu_irq_count_delta,imu_last_irq_us,imu_sem_takes,imu_sem_timeouts,imu_read_attempts,imu_read_ready,imu_read_total_us,imu_read_max_us,imu_interrupt_source,imu_wait_result
3,1456,1697,6,103,247,37,248,4,250,53,469,28,10,0,10,12,0,13,213,1455684,1455784,0,1455404,1,0,1,1,87,87,1,1
4,1457,1640,7,77,262,37,222,4,281,184,310,22,9,0,10,13,0,152,57,1457336,1457408,0,1456457,1,0,1,1,61,61,1,1
5,1459,2031,8,269,216,36,236,292,284,220,149,220,14,1,12,12,0,11,59,1459336,1459485,1,1459444,1,0,1,1,77,77,1,1
6,1464,1679,12,208,263,36,181,64,248,47,333,45,8,0,10,12,0,12,212,1463835,1464039,0,1463546,1,0,1,1,191,191,1,1
7,1466,1702,13,88,258,38,222,4,286,183,314,52,162,1,11,12,0,13,58,1465662,1465744,0,1465588,1,0,1,1,68,68,1,1
8,1467,1677,14,241,251,36,234,4,291,187,312,22,8,0,10,13,0,12,56,1467193,1467430,0,1466531,1,0,1,1,61,61,1,1
9,1469,1675,15,242,269,78,90,157,185,51,401,91,10,0,12,12,0,12,65,1468849,1469086,0,1468533,1,0,1,1,223,223,1,1
10,1471,1748,16,118,107,41,271,3,132,215,279,49,272,1,7,15,0,16,222,1470883,1470993,0,1470566,1,0,1,1,94,94,1,1
11,1479,1690,23,109,101,37,242,271,342,48,178,27,99,1,14,14,0,13,194,1479502,1479603,0,1478689,1,0,1,1,88,88,1,1
12,1482,1526,25,83,234,53,235,4,244,50,325,62,10,1,10,158,0,11,46,1481917,1481995,0,1481663,1,0,1,1,65,65,1,1
13,1483,1618,26,188,100,180,190,4,331,49,311,163,8,0,9,12,0,11,62,1483565,1483747,1,1483696,1,0,1,1,170,170,1,1
14,1490,2291,31,249,270,198,74,437,315,52,325,22,263,0,9,15,0,13,49,1490348,1490591,0,1489744,1,0,1,1,74,74,1,1
15,1492,1718,32,242,74,214,257,4,250,56,326,47,12,1,149,13,0,11,62,1492269,1492446,0,1491765,1,0,1,1,165,165,1,1
16,1494,1584,33,205,257,176,244,4,223,51,300,22,9,1,13,12,0,12,55,1493707,1493907,1,1493837,1,0,1,1,190,190,1,1
17,1495,1580,34,75,256,37,196,4,279,179,315,22,8,1,9,130,0,12,57,1495418,1495489,0,1494864,1,0,1,1,59,59,1,1
18,1500,1688,38,152,215,44,256,6,112,175,313,23,206,0,8,14,0,118,46,1500604,1500750,0,1499856,1,0,1,1,71,71,1,1
19,1502,1592,39,136,197,221,197,4,221,54,325,24,8,1,10,12,0,122,60,1502230,1502361,0,1501864,1,0,1,1,60,60,1,1
20,1555,51596,41,90,73,50672,102,123,156,48,143,16,89,0,9,14,0,12,49,1555455,1555539,0,1554608,1,0,1,1,71,71,1,1
21,1558,2071,43,212,184,38,239,4,217,690,268,23,8,1,10,12,0,121,44,1558166,1558373,0,1557649,1,0,1,1,194,194,1,1
22,1560,1671,44,193,180,36,220,4,305,111,387,27,111,1,7,15,0,13,61,1559861,1560048,0,1559657,1,0,1,1,173,173,1,1
