sequence,uptime_ms,dt_us,loop_sequence,imu_wait_us,imu_process_us,rc_web_us,estimate_us,battery_adc_us,control_law_us,motor_out_us,serial_input_us,mavlink_us,flight_log_us,param_sync_us,led_us,diagnostics_us,wifi_service_us,loop_gap_us,unaccounted_us
68,5209305,1523,5154637,116,65,63,132,162,284,89,478,14,11,0,9,26,0,9,65
69,5209326,1710,5154656,130,73,68,139,148,279,101,562,57,13,0,24,32,0,13,71
70,5210107,12012,5155396,144,54,44,90,4,160,72,11251,9,92,0,9,28,0,12,43
71,5210110,1698,5155399,1268,35,36,69,2,128,46,37,12,5,1,3,15,0,9,32
72,5210202,79668,5155413,115,97,41,67,3,129,48,78948,10,104,0,9,38,0,8,51
73,5213622,1676,5158798,1126,25,45,129,4,163,54,40,10,6,0,2,17,0,9,46
74,5213628,1702,5158803,99,52,40,48,3,193,56,1076,15,12,1,12,35,0,9,51
75,5213873,1522,5159036,134,51,63,134,5,263,70,533,13,129,0,13,33,0,12,69
76,5213886,1509,5159048,170,49,59,111,125,285,79,461,18,13,0,16,36,0,12,75
77,5215128,1645,5160257,149,52,50,113,165,280,63,617,20,13,1,16,28,0,10,68
78,5217098,1563,5162164,131,45,80,128,156,294,73,499,20,13,1,14,33,0,11,65
79,5217117,1545,5162182,111,50,72,135,154,324,83,477,15,11,0,9,26,0,15,63
80,5217777,1529,5162816,153,64,57,136,147,249,99,476,16,17,0,14,32,0,14,55
81,5217807,1554,5162843,167,71,57,107,142,284,90,487,15,12,0,10,30,0,12,70
82,5218477,11831,5163485,97,40,41,78,4,173,54,11197,8,63,1,6,23,0,8,38
83,5218558,68088,5163499,113,77,37,67,3,132,49,67405,12,97,1,8,35,0,8,44
84,5563664,13380,5505176,111,69,33,68,3,127,83,12636,52,102,1,12,30,0,8,45
85,6055371,1584,5992014,1160,27,33,66,3,125,44,44,21,5,1,1,16,0,6,32
86,6055373,2118,5992015,257,153,48,171,4,295,199,50,9,191,1,6,20,0,10,704
87,6055383,1664,5992024,1112,149,38,72,3,128,45,42,8,5,1,1,18,0,7,35
88,6055470,55672,5992055,54847,25,35,74,3,273,47,136,9,5,1,2,18,0,7,190
89,6055478,2000,5992061,83,24,36,1330,3,229,50,48,24,6,0,2,27,0,7,131
90,6055488,1534,5992070,1006,24,34,76,3,164,66,56,30,5,1,1,19,0,15,34
91,6055495,1682,5992076,1138,26,47,85,3,178,66,58,9,6,0,2,18,0,9,37
92,6055624,52244,5992152,51368,20,135,131,2,250,48,152,23,48,1,1,21,0,7,37
93,6619699,1670,6550642,251,173,186,78,264,427,48,167,10,6,0,2,16,0,6,36
94,6619701,2531,6550643,229,170,44,424,4,461,58,172,10,10,1,9,166,0,14,759
95,6619713,1603,6550653,329,84,35,235,2,405,48,164,23,202,0,2,20,0,6,48
96,6619728,1675,6550665,336,30,191,199,258,285,60,191,9,6,1,2,18,0,7,82
97,6619739,1759,6550674,236,158,143,128,369,375,104,165,9,6,0,2,18,0,6,40
98,6619799,54621,6550680,118,19,37,222,3,368,49,53520,23,56,0,2,24,0,10,170
99,6619803,2592,6550683,2160,35,33,74,2,125,49,39,8,5,1,2,17,0,6,36
