time_us,gyro_x_rad_s,gyro_y_rad_s,gyro_z_rad_s,acc_x_m_s2,acc_y_m_s2,acc_z_m_s2
308764585,0.001045,-0.001370,0.000404,-0.01,-0.24,9.82
308765431,0.001045,-0.001370,-0.002792,0.01,-0.22,9.82
308766418,0.001045,-0.001370,-0.004923,0.00,-0.19,9.78
308767428,-0.001085,-0.001370,-0.004923,-0.03,-0.22,9.75
308768456,-0.001085,0.001826,-0.001727,-0.02,-0.24,9.76
308769398,-0.001085,0.002891,0.001469,0.02,-0.26,9.79
308770407,-0.000020,0.001826,0.002534,0.02,-0.26,9.81
308771417,-0.001085,-0.000305,0.000404,-0.01,-0.24,9.87
308772427,-0.002150,-0.001370,-0.002792,0.00,-0.25,9.85
308773441,-0.001085,-0.002435,-0.004923,0.01,-0.24,9.78
308774396,0.001045,-0.004566,-0.004923,0.01,-0.25,9.81
308775405,0.002111,-0.005631,-0.002792,0.01,-0.23,9.86
308776415,0.001045,-0.004566,-0.000662,-0.01,-0.22,9.90
308777425,-0.000020,-0.002435,-0.000662,-0.02,-0.24,9.88
308778450,-0.002150,-0.000305,-0.000662,-0.02,-0.23,9.87
308779448,-0.003216,0.000761,-0.000662,-0.01,-0.21,9.90
308780400,-0.003216,0.000761,-0.000662,-0.01,-0.21,9.90
308781409,-0.000020,-0.000305,0.000404,0.02,-0.20,9.83
308782419,-0.001085,-0.002435,0.000404,-0.01,-0.23,9.82
308783429,-0.001085,-0.001370,0.000404,-0.04,-0.26,9.82
308784436,-0.000020,-0.001370,0.000404,-0.04,-0.24,9.81
308785450,-0.000020,-0.002435,-0.000662,-0.04,-0.23,9.78
308786457,-0.000020,-0.003501,-0.000662,-0.03,-0.24,9.82
308787466,0.001045,-0.002435,-0.001727,-0.01,-0.26,9.82
308788492,0.002111,0.000761,-0.001727,0.00,-0.26,9.80
308789487,0.002111,0.002891,-0.000662,0.02,-0.25,9.78
308790501,0.001045,0.003956,0.001469,0.02,-0.25,9.79
308791509,0.002111,0.001826,0.000404,-0.01,-0.24,9.83
308792517,0.002111,0.000761,-0.000662,0.00,-0.27,9.80
308793527,0.001045,0.000761,0.000404,0.00,-0.26,9.81
308794537,-0.000020,0.000761,0.002534,-0.01,-0.23,9.85
308795552,-0.003216,0.000761,0.006795,0.01,-0.21,9.83
308796559,-0.002150,0.000761,0.006795,0.01,-0.22,9.83
308797567,0.001045,-0.000305,0.003599,-0.01,-0.24,9.83
308798593,0.001045,-0.001370,0.000404,0.00,-0.22,9.80
308799586,-0.000020,-0.001370,0.001469,-0.01,-0.22,9.83
308800601,0.001045,0.001826,0.003599,-0.04,-0.25,9.85
308801607,0.001045,0.002891,0.002534,-0.02,-0.27,9.77
308802616,0.001045,0.000761,-0.000662,-0.01,-0.26,9.76
308803626,0.002111,-0.002435,-0.001727,-0.01,-0.26,9.83
308804677,0.002111,-0.004566,-0.000662,0.02,-0.26,9.84
308805650,0.002111,-0.002435,0.000404,0.00,-0.25,9.82
308806657,0.001045,-0.000305,0.000404,-0.03,-0.24,9.84
308807666,0.002111,0.000761,0.000404,-0.01,-0.18,9.79
308808694,0.001045,-0.001370,-0.000662,0.03,-0.17,9.75
308809689,-0.002150,-0.001370,-0.001727,0.02,-0.22,9.79
308810709,-0.000020,0.000761,-0.002792,-0.01,-0.25,9.84
308811716,0.002111,0.001826,-0.000662,-0.01,-0.26,9.88
308812722,0.001045,0.000761,-0.000662,-0.01,-0.23,9.91
308813738,-0.000020,-0.001370,0.000404,-0.01,-0.21,9.88
308814742,-0.000020,-0.001370,0.002534,0.00,-0.22,9.82
308815761,0.001045,-0.000305,0.001469,0.01,-0.21,9.81
308816776,0.001045,0.002891,0.001469,0.03,-0.20,9.81
308817775,-0.000020,0.003956,0.001469,0.02,-0.21,9.83
308818803,-0.002150,0.001826,0.000404,0.02,-0.24,9.83
308819800,-0.002150,0.000761,0.001469,0.03,-0.26,9.81
308820816,0.001045,0.000761,0.000404,0.00,-0.23,9.81
308821821,0.002111,0.000761,-0.000662,-0.02,-0.22,9.86
308822831,0.002111,0.001826,-0.001727,0.00,-0.21,9.86
308823839,0.004241,0.003956,-0.001727,-0.01,-0.20,9.85
308824844,0.003176,0.002891,-0.002792,-0.02,-0.21,9.84
308825862,0.001045,0.000761,-0.003858,-0.02,-0.20,9.82
308826868,-0.000020,0.000761,-0.003858,-0.02,-0.22,9.82
308827872,0.001045,0.000761,-0.002792,-0.03,-0.27,9.81
308828898,0.004241,0.000761,-0.003858,0.00,-0.23,9.82
308829889,0.004241,0.000761,-0.004923,0.01,-0.21,9.82
308830904,0.003176,0.000761,-0.002792,0.01,-0.23,9.75
308831911,-0.001085,0.001826,-0.001727,0.02,-0.23,9.75
308832922,-0.002150,0.002891,0.000404,0.00,-0.26,9.80
308833931,-0.000020,0.001826,0.001469,-0.01,-0.24,9.84
308834940,-0.000020,0.001826,0.001469,-0.01,-0.23,9.84
308835955,0.001045,0.002891,-0.000662,0.00,-0.27,9.86
308836959,-0.000020,0.000761,-0.001727,-0.01,-0.28,9.86
308837967,-0.001085,0.001826,-0.002792,0.01,-0.26,9.82
308838993,-0.002150,0.003956,-0.002792,0.02,-0.28,9.82
308839986,-0.001085,0.000761,-0.002792,0.02,-0.30,9.75
308841001,-0.000020,-0.000305,-0.002792,0.00,-0.25,9.73
308842007,-0.002150,-0.000305,-0.001727,-0.01,-0.23,9.77
308843016,-0.002150,0.000761,-0.000662,-0.01,-0.24,9.80
308844026,-0.001085,-0.000305,0.000404,0.01,-0.23,9.84
308845036,-0.000020,-0.001370,0.001469,0.02,-0.23,9.89
308846050,-0.000020,-0.000305,0.001469,0.02,-0.24,9.86
308847057,0.001045,-0.000305,-0.001727,0.04,-0.24,9.83
308848066,-0.000020,-0.000305,-0.003858,0.06,-0.20,9.82
308849092,-0.000020,0.000761,-0.003858,0.05,-0.21,9.81
308850087,-0.000020,-0.000305,-0.003858,0.05,-0.25,9.86
308851101,-0.000020,-0.001370,-0.002792,0.04,-0.23,9.87
308852109,-0.000020,0.000761,-0.001727,0.03,-0.22,9.85
308853117,-0.000020,0.000761,0.001469,0.00,-0.23,9.82
308854127,-0.000020,0.000761,0.001469,0.01,-0.23,9.80
308855137,0.001045,-0.001370,0.001469,0.04,-0.26,9.80
308856152,0.001045,-0.001370,0.001469,-0.01,-0.26,9.83
308857159,-0.000020,-0.001370,0.001469,-0.01,-0.25,9.83
308858167,-0.000020,0.001826,0.000404,0.00,-0.24,9.79
308859193,0.001045,0.002891,-0.000662,-0.01,-0.19,9.82
308860186,0.002111,0.001826,-0.002792,0.00,-0.19,9.78
308861201,0.003176,-0.000305,-0.003858,-0.01,-0.26,9.74
308862207,0.002111,-0.002435,-0.002792,-0.01,-0.28,9.73
308863216,-0.001085,-0.003501,-0.000662,-0.02,-0.24,9.77
308864226,-0.001085,-0.002435,0.000404,-0.02,-0.23,9.79
308865236,-0.000020,-0.001370,0.000404,0.02,-0.20,9.80
308866250,0.001045,0.000761,0.000404,0.02,-0.20,9.86
308867257,0.001045,0.000761,0.001469,-0.02,-0.22,9.90
308868266,-0.001085,-0.000305,0.001469,-0.02,-0.22,9.85
308869292,-0.002150,0.000761,0.001469,-0.03,-0.25,9.83
308870287,-0.002150,0.001826,0.001469,-0.03,-0.25,9.86
308871301,-0.001085,0.000761,0.001469,0.02,-0.23,9.86
308872309,-0.000020,-0.000305,0.000404,0.00,-0.23,9.87
308873317,0.002111,-0.001370,-0.001727,-0.04,-0.23,9.86
308874327,0.004241,0.000761,-0.002792,0.00,-0.26,9.82
308875337,0.004241,0.000761,-0.002792,0.00,-0.27,9.79
308876352,0.002111,-0.001370,-0.002792,0.01,-0.23,9.81
308877359,-0.000020,-0.002435,-0.001727,0.03,-0.18,9.82
308878382,-0.001085,-0.000305,0.001469,0.02,-0.21,9.78
308879376,-0.000020,-0.000305,0.002534,0.01,-0.23,9.79
308880415,-0.000079,-0.000310,0.002579,-0.02,-0.24,9.78
308881401,-0.000079,-0.001375,0.001513,-0.03,-0.26,9.79
308882407,0.000987,-0.001375,-0.001682,-0.01,-0.24,9.82
308883416,-0.001144,-0.000310,0.000448,-0.03,-0.23,9.86
308884426,-0.001144,0.000755,0.000448,-0.03,-0.24,9.87
308885436,-0.002209,0.000755,0.000448,0.01,-0.26,9.85
308886450,-0.003274,-0.001375,0.000448,0.02,-0.23,9.81
308887457,-0.002209,-0.002441,0.000448,0.01,-0.23,9.80
308888483,0.000987,-0.001375,0.001513,0.03,-0.25,9.87
308889477,0.002052,0.000755,0.001513,0.04,-0.23,9.86
308890487,0.000987,0.001820,-0.000617,0.01,-0.23,9.81
308891501,-0.001144,0.001820,-0.000617,0.00,-0.23,9.81
308892509,-0.000079,0.001820,0.000448,0.01,-0.23,9.82
308893517,-0.000079,0.001820,0.000448,0.01,-0.22,9.79
308894527,-0.001144,0.001820,-0.000617,-0.01,-0.21,9.78
308895537,-0.000079,0.000755,-0.000617,0.01,-0.18,9.85
308896552,-0.000079,0.000755,-0.001682,0.02,-0.20,9.82
308897559,-0.000079,0.001820,-0.000617,-0.01,-0.22,9.78
308898582,-0.001144,0.002886,0.001513,0.02,-0.24,9.82
308899576,-0.000079,0.000755,0.002579,0.00,-0.26,9.83
308900613,0.002052,-0.001375,0.001513,-0.03,-0.25,9.81
308901601,0.002052,-0.002441,-0.001682,0.00,-0.25,9.82
308902623,-0.001144,-0.001375,-0.002748,0.00,-0.26,9.82
308903617,-0.002209,0.000755,-0.002748,-0.01,-0.26,9.82
308904626,-0.001144,0.000755,-0.002748,-0.02,-0.25,9.84
308905636,0.000987,0.000755,-0.001682,0.00,-0.25,9.88
308906650,0.002052,0.000755,-0.001682,0.02,-0.25,9.84
308907658,0.000987,0.000755,-0.000617,-0.02,-0.26,9.81
308908688,0.000987,-0.000310,0.000448,-0.02,-0.25,9.85
308909686,0.000987,0.000755,0.000448,0.00,-0.23,9.85
308910688,0.002052,0.001820,0.001513,-0.02,-0.24,9.84
308911709,0.000987,0.000755,0.002579,-0.03,-0.24,9.83
308912731,-0.001144,-0.001375,0.001513,-0.01,-0.22,9.83
308913726,-0.000079,-0.000310,-0.000617,-0.02,-0.23,9.83
308914743,-0.001144,0.001820,-0.002748,-0.02,-0.23,9.86
308915746,-0.003274,0.000755,-0.002748,-0.01,-0.21,9.85
308916764,-0.003274,-0.000310,0.000448,0.00,-0.22,9.83
308917773,-0.003274,-0.000310,0.003644,-0.03,-0.23,9.83
308918791,-0.002209,-0.001375,0.003644,0.01,-0.23,9.85
308919788,-0.000079,-0.001375,0.001513,0.03,-0.23,9.86
308920800,0.000987,-0.001375,0.000448,0.01,-0.26,9.81
308921816,0.003117,-0.001375,0.000448,-0.03,-0.27,9.80
308922835,0.002052,-0.000310,0.000448,-0.04,-0.25,9.81
308923841,0.002052,0.000755,0.000448,-0.02,-0.26,9.83
308924835,-0.000079,-0.000310,-0.001682,-0.02,-0.27,9.86
308925844,-0.002209,-0.002441,-0.001682,-0.01,-0.25,9.81
308926862,-0.004340,-0.003506,0.000448,0.01,-0.27,9.78
308927864,-0.002209,-0.002441,0.000448,-0.03,-0.25,9.83
308928887,0.000987,-0.001375,0.000448,-0.04,-0.24,9.81
308929884,0.000987,-0.000310,0.000448,-0.04,-0.26,9.83
308930888,-0.000079,0.001820,0.001513,-0.04,-0.25,9.84
308931918,-0.001144,0.002886,-0.000617,0.00,-0.24,9.83
308932913,-0.001144,0.002886,-0.000617,0.03,-0.22,9.85
308933922,-0.001144,0.000755,0.000448,0.02,-0.23,9.84
308934931,0.000987,-0.000310,0.001513,0.03,-0.23,9.85
308935940,0.002052,-0.000310,0.000448,0.00,-0.22,9.85
308936991,0.000987,-0.001375,0.000448,-0.01,-0.26,9.83
308937991,-0.000079,-0.001375,0.000448,0.00,-0.26,9.86
308938991,0.000987,-0.001375,0.000448,0.00,-0.24,9.87
308940026,0.002052,0.000755,0.002579,0.03,-0.23,9.81
308940987,0.003117,0.001820,0.002579,0.03,-0.22,9.81
308942015,0.004183,-0.000310,0.001513,0.00,-0.24,9.84
308943009,0.004183,-0.000310,0.001513,0.00,-0.24,9.85
308944016,-0.000079,0.000755,0.002579,0.01,-0.24,9.86
308945026,-0.002209,0.000755,0.001513,0.03,-0.23,9.85
308946036,-0.002209,-0.000310,0.001513,0.02,-0.23,9.82
308947050,0.000987,-0.001375,-0.000617,-0.03,-0.22,9.81
308948057,0.005248,-0.002441,-0.002748,-0.05,-0.22,9.80
308949080,0.005248,-0.002441,-0.003813,0.00,-0.24,9.78
308950080,0.002052,-0.000310,-0.002748,0.01,-0.24,9.78
308951087,-0.001144,-0.000310,0.000448,-0.02,-0.21,9.78
308952115,-0.003274,-0.000310,0.001513,-0.01,-0.17,9.79
308953110,-0.004340,0.000755,0.001513,-0.01,-0.17,9.80
308954117,-0.001144,0.002886,-0.000617,0.00,-0.19,9.82
308955127,0.000987,0.000755,-0.002748,0.01,-0.21,9.83
308956137,0.000987,-0.002441,-0.002748,-0.02,-0.23,9.77
308957152,-0.000079,-0.001375,-0.001682,-0.02,-0.22,9.79
308958159,-0.001144,0.001820,0.000448,-0.02,-0.21,9.81
308959180,-0.001144,0.002886,0.001513,-0.02,-0.23,9.85
308960179,0.000987,0.000755,0.002579,-0.01,-0.21,9.90
308961186,0.002052,-0.001375,0.002579,-0.03,-0.20,9.84
308962215,0.002052,-0.002441,0.001513,0.00,-0.23,9.80
308963209,-0.000079,-0.001375,-0.000617,-0.01,-0.24,9.82
308964216,-0.000079,-0.002441,-0.001682,-0.02,-0.21,9.81
308965226,0.000987,-0.003506,-0.001682,0.00,-0.20,9.80
308966236,-0.000079,-0.002441,-0.001682,0.00,-0.23,9.82
308967250,-0.000079,-0.000310,-0.001682,0.02,-0.23,9.83
308968257,0.002052,0.002886,-0.000617,-0.01,-0.23,9.80
308969280,0.002052,0.003951,-0.000617,0.00,-0.24,9.76
308970280,0.003117,0.002886,-0.001682,0.02,-0.26,9.76
308971287,0.002052,0.000755,-0.001682,0.03,-0.25,9.78
308972315,0.000987,-0.001375,-0.000617,0.05,-0.25,9.78
308973310,-0.000079,-0.002441,0.000448,0.03,-0.26,9.78
308974317,0.000987,-0.002441,0.000448,0.03,-0.22,9.80
308975327,0.000987,-0.000310,-0.001682,0.05,-0.22,9.78
308976337,0.000987,0.000755,-0.001682,0.04,-0.24,9.78
308977352,-0.000079,-0.001375,-0.001682,0.01,-0.22,9.83
308978370,-0.001144,-0.002441,-0.002748,0.01,-0.23,9.83
308979369,-0.000079,-0.002441,-0.001682,0.04,-0.25,9.80
308980376,0.000987,-0.001375,-0.000617,0.01,-0.21,9.81
308981386,-0.001144,0.000755,-0.000617,-0.02,-0.21,9.83
308982415,-0.002209,0.002886,-0.000617,-0.01,-0.24,9.80
308983409,-0.002209,0.002886,-0.000617,-0.01,-0.27,9.82
308984416,0.002052,-0.002441,0.001513,0.04,-0.22,9.82
308985426,0.002052,-0.004571,0.000448,0.04,-0.22,9.84
308986436,-0.000079,-0.004571,-0.001682,0.02,-0.21,9.85
308987450,-0.001144,-0.002441,-0.001682,0.00,-0.21,9.84
308988470,-0.001144,-0.000310,0.001513,0.03,-0.24,9.84
308989470,-0.001144,-0.000310,0.001513,0.03,-0.25,9.80
308990477,-0.000079,-0.001375,0.001513,0.00,-0.25,9.79
308991487,-0.000079,-0.000310,0.001513,0.00,-0.23,9.83
308992515,-0.001144,0.001820,0.001513,-0.01,-0.23,9.83
308993510,-0.002209,0.001820,0.001513,-0.03,-0.23,9.85
308994517,-0.001144,0.000755,-0.000617,-0.01,-0.22,9.87
308995527,-0.002209,0.000755,-0.000617,0.01,-0.22,9.89
308996537,-0.003274,0.000755,0.001513,-0.01,-0.22,9.84
308997552,-0.003274,0.000755,0.000448,0.01,-0.22,9.79
308998570,-0.000079,0.000755,0.000448,0.00,-0.23,9.83
308999569,-0.001144,-0.000310,0.001513,-0.01,-0.23,9.85
309000576,-0.001144,-0.000310,0.000448,0.00,-0.22,9.76
309001586,0.000987,0.000755,-0.001682,-0.04,-0.25,9.75
309002615,0.002052,-0.000310,0.000448,0.00,-0.24,9.78
309003609,-0.001144,-0.001375,0.001513,0.02,-0.25,9.83
309004616,-0.004340,-0.002441,0.000448,-0.01,-0.27,9.90
309005626,-0.004340,-0.002441,-0.002748,-0.02,-0.27,9.85
309006636,-0.001144,-0.000310,-0.003813,-0.04,-0.24,9.80
309007650,0.000987,0.001820,-0.002748,-0.03,-0.23,9.80
309008671,0.002052,0.001820,-0.002748,0.00,-0.22,9.78
309009695,0.000992,-0.000291,0.000456,0.00,-0.22,9.77
309010682,0.000992,-0.000291,0.004717,0.00,-0.22,9.78
309011730,-0.000073,-0.000291,0.004717,-0.01,-0.21,9.77
309012808,0.000992,0.000774,0.002587,-0.01,-0.23,9.77
309013717,0.002057,0.000774,0.001522,-0.03,-0.24,9.82
309014725,0.003123,0.001840,0.000456,-0.01,-0.24,9.81
309015738,0.000992,-0.000291,0.001522,0.02,-0.24,9.79
309016743,-0.001138,-0.001356,0.002587,0.00,-0.25,9.81
309017761,-0.001138,-0.000291,0.002587,-0.03,-0.26,9.81
309018779,-0.000073,0.000774,0.002587,-0.03,-0.26,9.81
309019781,0.000992,0.000774,0.002587,-0.02,-0.23,9.77
309020784,-0.000073,-0.000291,0.000456,-0.02,-0.20,9.78
309021801,-0.002204,-0.000291,-0.000609,0.00,-0.19,9.82
309022834,-0.001138,-0.001356,0.000456,-0.02,-0.19,9.82
309023828,-0.001138,-0.001356,-0.000609,-0.04,-0.21,9.82
309024825,-0.000073,-0.000291,0.000456,-0.02,-0.23,9.85
309025837,0.000992,-0.000291,-0.000609,-0.01,-0.23,9.82
309026846,0.002057,0.000774,-0.001674,-0.01,-0.24,9.82
309027859,0.003123,0.001840,-0.002740,-0.01,-0.26,9.81
309028881,0.002057,0.001840,-0.002740,0.00,-0.26,9.78
309029876,-0.001138,0.002905,0.000456,-0.02,-0.26,9.81
309030881,-0.001138,0.000774,0.002587,-0.02,-0.26,9.81
309031902,-0.000073,-0.001356,0.000456,0.01,-0.27,9.80
309032905,-0.000073,-0.002421,0.000456,0.02,-0.26,9.83
309033911,-0.000073,-0.002421,-0.001674,-0.02,-0.26,9.84
309034922,-0.001138,-0.001356,-0.001674,-0.02,-0.26,9.84
309035931,-0.002204,0.000774,-0.000609,0.00,-0.24,9.84
309036940,-0.003269,0.001840,0.001522,0.00,-0.25,9.86
309037955,-0.002204,0.001840,0.001522,0.03,-0.24,9.82
309038972,-0.000073,0.000774,0.000456,0.02,-0.24,9.79
309039969,0.000992,-0.000291,-0.000609,-0.02,-0.25,9.81
309040976,0.000992,-0.000291,0.000456,-0.02,-0.23,9.75
309042000,0.000992,-0.000291,0.000456,-0.01,-0.26,9.78
309043002,0.000992,-0.000291,-0.000609,-0.01,-0.28,9.86
309044007,-0.000073,0.000774,0.000456,-0.01,-0.24,9.88
309045016,-0.000073,-0.000291,0.001522,0.00,-0.24,9.89
309046026,-0.000073,-0.001356,0.001522,-0.03,-0.24,9.82
309047036,-0.000073,0.000774,0.000456,-0.04,-0.20,9.78
309048050,0.000992,0.003970,-0.000609,-0.02,-0.19,9.80
309049072,0.002057,0.005036,-0.000609,0.00,-0.23,9.81
309050070,0.003123,0.002905,-0.002740,0.01,-0.26,9.80
309051077,0.003123,0.000774,-0.002740,0.01,-0.25,9.80
309052102,-0.000073,-0.000291,-0.000609,0.01,-0.24,9.82
309053102,-0.000073,-0.000291,-0.000609,0.03,-0.24,9.80
309054109,0.000992,0.000774,0.000456,0.02,-0.25,9.78
309055117,-0.001138,-0.000291,0.001522,0.01,-0.25,9.82
309056127,-0.002204,0.000774,0.002587,0.00,-0.22,9.88
309057137,-0.001138,-0.001356,0.002587,0.01,-0.22,9.88
309058152,-0.001138,-0.003487,0.001522,0.02,-0.23,9.85
309059173,-0.001138,-0.000291,0.001522,-0.03,-0.24,9.82
309060169,-0.001138,0.001840,0.001522,-0.05,-0.23,9.83
309061176,-0.001138,0.001840,0.001522,-0.02,-0.23,9.82
309062186,-0.000073,0.000774,0.000456,-0.01,-0.24,9.79
309063201,-0.000073,0.001840,0.000456,0.01,-0.26,9.81
309064207,-0.000073,0.001840,-0.000609,0.04,-0.25,9.79
309065216,0.000992,0.002905,-0.003805,0.05,-0.26,9.78
309066226,0.002057,0.002905,-0.002740,0.02,-0.26,9.81
309067236,0.003123,0.002905,-0.000609,0.00,-0.26,9.79
309068250,0.000992,0.002905,0.001522,0.00,-0.24,9.76
309069273,-0.000073,0.001840,0.001522,-0.01,-0.21,9.77
309070270,0.000992,0.000774,0.000456,-0.02,-0.23,9.81
309071277,0.002057,-0.000291,-0.000609,-0.02,-0.23,9.82
309072287,0.002057,-0.003487,-0.000609,-0.03,-0.24,9.85
309073301,-0.001138,-0.003487,-0.000609,-0.04,-0.24,9.83
309074309,-0.002204,0.000774,-0.000609,-0.01,-0.22,9.81
309075317,-0.000073,0.002905,0.000456,0.04,-0.23,9.77
309076327,-0.000073,0.000774,0.000456,0.04,-0.24,9.74
309077337,-0.000073,-0.000291,0.000456,0.03,-0.25,9.85
309078364,-0.001138,0.000774,0.000456,0.04,-0.23,9.88
309079360,-0.003269,0.003970,0.000456,0.04,-0.23,9.84
309080366,-0.005399,0.003970,0.000456,0.04,-0.22,9.83
309081376,-0.004334,0.002905,-0.000609,0.04,-0.22,9.85
309082386,-0.004334,0.001840,-0.000609,0.03,-0.22,9.81
309083400,-0.003269,0.002905,-0.001674,0.00,-0.23,9.77
309084407,-0.001138,0.003970,-0.003805,0.00,-0.23,9.78
309085416,-0.001138,0.002905,-0.003805,0.01,-0.21,9.82
309086426,-0.001138,-0.001356,-0.001674,0.00,-0.22,9.80
309087436,-0.000073,-0.002421,-0.000609,0.01,-0.24,9.83
309088466,-0.000073,-0.003487,0.001522,0.00,-0.29,9.83
309089461,0.000992,-0.003487,0.002587,-0.02,-0.26,9.78
309090467,0.000992,-0.001356,0.000456,-0.01,-0.24,9.80
309091477,-0.000073,0.000774,-0.001674,0.04,-0.24,9.84
309092487,-0.000073,0.001840,-0.002740,0.04,-0.25,9.85
309093501,-0.001138,0.002905,0.000456,0.01,-0.27,9.83
309094509,0.000992,0.001840,0.000456,0.01,-0.25,9.82
309095517,0.003123,0.001840,0.000456,-0.02,-0.23,9.84
309096527,0.003123,0.000774,0.000456,0.01,-0.24,9.84
309097537,0.003123,-0.001356,0.000456,0.03,-0.24,9.86
309098564,0.003123,-0.001356,0.002587,-0.02,-0.26,9.78
309099560,-0.000073,-0.001356,0.003652,0.00,-0.27,9.78
309100566,-0.002204,0.000774,0.001522,0.02,-0.26,9.86
309101576,-0.002204,0.000774,-0.001674,-0.02,-0.24,9.83
309102586,-0.000073,-0.000291,-0.002740,-0.01,-0.22,9.83
309103600,0.003123,0.000774,-0.001674,0.02,-0.21,9.84
309104607,0.004188,0.001840,-0.000609,0.03,-0.21,9.82
309105616,0.004188,0.000774,-0.001674,0.00,-0.24,9.86
309106626,0.003123,-0.000291,-0.000609,-0.02,-0.26,9.87
309107636,0.002057,0.000774,0.001522,0.00,-0.22,9.85
309108666,-0.000073,-0.000291,0.002587,0.00,-0.20,9.83
309109661,-0.002204,-0.000291,0.000456,0.00,-0.22,9.81
309110667,-0.002204,0.000774,0.000456,-0.01,-0.25,9.81
309111682,-0.002204,0.001840,-0.000609,-0.02,-0.26,9.82
309112688,-0.000073,0.000774,-0.001674,0.00,-0.25,9.84
309113709,-0.000073,0.000774,-0.000609,-0.01,-0.25,9.81
309114719,-0.001138,-0.000291,-0.001674,-0.02,-0.24,9.75
309115728,-0.000073,-0.001356,-0.002740,-0.01,-0.23,9.77
309116737,-0.000073,-0.001356,-0.001674,-0.03,-0.26,9.84
309117742,-0.001138,-0.001356,0.000456,-0.06,-0.25,9.85
309118774,-0.000073,-0.000291,0.002587,-0.03,-0.23,9.84
309119776,-0.000073,0.001840,0.002587,0.00,-0.28,9.84
309120774,-0.001138,0.001840,0.001522,0.00,-0.25,9.83
309121787,-0.001138,0.000774,-0.000609,-0.02,-0.22,9.82
309122800,-0.001138,-0.000291,0.000456,0.00,-0.23,9.82
309123826,-0.001138,-0.000291,0.001522,0.02,-0.24,9.82
309124821,0.002057,0.000774,0.001522,-0.01,-0.23,9.81
309125831,0.002057,0.001840,0.000456,0.00,-0.25,9.77
309126837,0.002057,0.001840,0.000456,0.02,-0.27,9.79
309127844,0.000992,-0.000291,0.001522,0.02,-0.25,9.85
309128878,0.000992,-0.001356,0.001522,0.02,-0.21,9.85
309129870,0.002057,-0.001356,0.001522,-0.02,-0.23,9.83
309130873,0.002057,0.000774,-0.000609,-0.01,-0.25,9.82
309131884,-0.000073,0.001840,-0.000609,-0.01,-0.22,9.81
309132889,-0.002204,0.000774,0.002587,-0.01,-0.22,9.79
309133904,-0.003269,0.000774,0.002587,-0.01,-0.22,9.80
309134911,-0.002204,-0.000291,0.001522,-0.02,-0.24,9.78
309135922,-0.001138,0.001840,0.001522,-0.01,-0.25,9.82
309136931,-0.000073,0.002905,0.001522,-0.01,-0.20,9.87
309137940,-0.000073,0.003970,0.001522,0.00,-0.20,9.86
309138993,-0.001140,0.003901,0.000420,-0.01,-0.23,9.87
309139960,-0.002205,0.001771,0.000420,-0.01,-0.23,9.84
309140966,-0.002205,-0.000360,-0.000645,0.01,-0.21,9.82
309141976,-0.002205,-0.000360,-0.000645,-0.01,-0.22,9.85
309142986,-0.003270,0.001771,0.000420,-0.02,-0.25,9.87
309144000,-0.002205,0.003901,0.002551,-0.01,-0.23,9.84
309145007,0.000991,0.002836,0.003616,0.02,-0.22,9.84
309146016,0.002056,0.001771,0.002551,0.02,-0.24,9.83
309147026,0.002056,0.000705,0.001486,0.01,-0.23,9.81
309148036,0.000991,-0.001425,-0.000645,0.01,-0.22,9.84
309149066,-0.000074,-0.002491,-0.001710,0.01,-0.25,9.87
309150061,-0.000074,0.000705,-0.002775,0.00,-0.26,9.90
309151067,-0.000074,0.001771,-0.004906,-0.01,-0.26,9.88
309152077,-0.002205,-0.000360,-0.004906,0.01,-0.25,9.85
309153087,-0.005401,-0.001425,-0.002775,0.02,-0.22,9.80
309154101,-0.004335,0.000705,0.000420,0.03,-0.24,9.78
309155109,-0.000074,0.001771,0.001486,0.01,-0.28,9.86
309156117,0.004187,0.001771,0.001486,-0.02,-0.27,9.89
309157127,0.005252,0.000705,0.001486,0.02,-0.29,9.82
309158137,0.004187,-0.000360,0.000420,0.03,-0.30,9.82
309159164,0.000991,0.001771,-0.001710,0.02,-0.25,9.86
309160160,-0.001140,-0.000360,-0.003841,0.01,-0.23,9.89
309161166,-0.000074,-0.003556,-0.002775,-0.02,-0.22,9.87
309162176,0.002056,-0.004621,-0.000645,-0.01,-0.19,9.83
309163186,0.002056,-0.002491,0.001486,0.02,-0.20,9.85
309164200,0.000991,-0.001425,0.002551,0.04,-0.24,9.85
309165207,0.000991,-0.000360,0.003616,0.03,-0.26,9.88
309166216,-0.000074,-0.000360,0.003616,0.02,-0.24,9.91
309167226,0.000991,-0.000360,0.003616,0.01,-0.27,9.87
309168236,-0.000074,-0.000360,0.003616,-0.01,-0.28,9.84
309169266,0.000991,-0.002491,0.001486,0.00,-0.25,9.82
309170261,0.002056,-0.003556,-0.000645,0.01,-0.23,9.81
309171267,0.002056,-0.001425,-0.001710,0.01,-0.24,9.82
309172277,0.002056,-0.000360,-0.001710,0.00,-0.27,9.77
309173287,0.000991,-0.000360,-0.000645,-0.01,-0.27,9.79
309174301,-0.000074,-0.000360,0.002551,-0.02,-0.25,9.85
309175309,-0.000074,0.001771,0.003616,0.01,-0.24,9.85
309176317,-0.000074,0.001771,0.003616,-0.01,-0.23,9.85
309177327,-0.000074,-0.001425,0.000420,-0.03,-0.25,9.84
309178349,-0.001140,-0.001425,-0.002775,0.02,-0.26,9.86
309179353,-0.001140,-0.000360,-0.002775,0.03,-0.23,9.83
309180357,-0.001140,0.001771,0.000420,0.00,-0.25,9.82
309181366,-0.002205,0.004966,0.003616,-0.02,-0.28,9.82
309182376,-0.002205,0.004966,0.002551,0.00,-0.26,9.82
309183386,-0.001140,0.001771,0.000420,0.01,-0.24,9.84
309184400,-0.001140,-0.001425,-0.001710,0.01,-0.26,9.86
309185407,-0.002205,-0.003556,-0.001710,0.00,-0.27,9.84
309186416,-0.002205,-0.004621,0.000420,0.00,-0.27,9.80
309187426,-0.002205,-0.002491,0.000420,0.02,-0.25,9.86
309188452,-0.000074,0.001771,-0.000645,0.03,-0.25,9.90
309189454,-0.001140,0.000705,-0.001710,0.00,-0.26,9.87
309190459,-0.000074,-0.000360,-0.001710,0.02,-0.23,9.85
309191467,0.003122,0.000705,-0.001710,0.02,-0.23,9.87
309192477,0.003122,-0.000360,-0.000645,0.01,-0.27,9.86
309193487,0.002056,-0.001425,0.000420,0.00,-0.26,9.82
309194501,-0.000074,-0.001425,0.000420,0.00,-0.22,9.82
309195509,-0.001140,-0.001425,-0.000645,0.00,-0.22,9.81
309196517,-0.001140,-0.004621,-0.001710,-0.01,-0.24,9.76
309197527,-0.001140,-0.002491,-0.000645,0.00,-0.25,9.75
309198550,0.000991,-0.000360,-0.000645,-0.03,-0.23,9.79
309199554,0.000991,0.000705,-0.000645,-0.04,-0.21,9.82
309200700,-0.000074,0.001771,0.000420,-0.03,-0.25,9.80
309201548,-0.001140,0.000705,0.004682,-0.08,-0.23,9.87
309202549,0.018035,-0.005686,0.023857,0.05,-0.14,9.91
309203560,0.034015,-0.003556,0.027052,0.08,-0.19,9.78
309204572,0.023362,0.001771,0.017465,-0.04,-0.12,9.67
309205580,0.012709,-0.001425,0.015334,0.09,-0.03,9.81
309206589,0.019101,-0.007817,0.021726,0.17,-0.32,9.90
309207600,0.023362,-0.009948,0.029183,0.10,-0.39,9.84
309208631,0.014840,-0.007817,0.033444,-0.17,-0.53,9.82
309209627,-0.010727,-0.003556,0.033444,-0.32,-0.48,9.85
309210630,-0.006466,-0.002491,0.027052,-0.27,0.05,9.83
309211640,0.019101,-0.008882,0.010008,0.29,-0.04,9.42
309212650,0.036145,-0.005686,-0.005971,0.64,-0.36,9.78
309213660,0.034015,0.006032,-0.011298,-0.17,-0.45,10.13
309214677,0.006317,0.006032,-0.005971,-0.74,-0.03,9.74
309215684,-0.013923,-0.011013,-0.012363,0.22,0.02,9.48
309216698,-0.003270,-0.011013,-0.024081,0.79,-1.11,9.51
309217707,0.021231,0.016684,-0.013428,-0.43,0.09,10.37
309218743,0.009513,0.000705,-0.002775,-0.50,0.64,9.98
309219735,-0.032033,-0.029123,-0.012363,0.77,-2.00,9.10
309220737,0.006317,0.008162,-0.008102,0.15,0.57,10.41
309221750,0.035080,0.017750,-0.004906,-0.75,1.55,10.14
309222761,-0.053338,-0.024861,-0.015559,0.46,-3.06,8.51
309223782,-0.006466,0.011358,-0.001710,-0.18,0.97,10.32
309224782,0.068104,0.013489,-0.000645,-0.80,0.93,9.87
309225788,-0.025641,-0.021666,-0.002775,1.05,-2.20,9.35
309226799,0.028688,0.011358,0.002551,-0.31,1.13,10.34
309227806,0.037211,-0.001425,-0.003841,-0.20,-0.32,9.03
309228839,0.014840,0.000705,0.007877,-0.49,-1.29,11.08
309229837,0.067038,-0.042971,0.004682,0.44,0.52,8.74
309230838,-0.006466,-0.025927,0.010008,-0.34,-0.66,9.54
309231848,0.022297,0.023076,0.002551,-0.31,-0.62,11.48
309232855,-0.018184,0.017750,0.005747,0.51,0.24,8.60
309233864,-0.004335,0.018815,0.002551,-0.52,-0.72,11.38
309234873,-0.018184,-0.004621,0.001486,0.51,-0.34,8.42
309235884,0.023362,0.010293,0.000420,-0.33,0.43,10.12
309236895,-0.027772,0.004966,-0.000645,0.55,-0.77,9.46
309237905,-0.011792,0.016685,-0.002775,-0.58,-0.26,8.51
309238935,-0.012858,0.019880,-0.004906,0.55,0.42,11.81
309239930,0.018035,-0.025927,-0.008102,0.27,-0.57,8.78
309240930,0.019101,-0.019535,-0.011298,0.14,0.64,11.40
309241940,0.019101,0.000705,-0.012363,0.73,0.02,9.90
309242950,0.010579,0.012423,-0.013428,-1.27,-0.80,8.32
309243960,0.016970,0.002836,-0.011298,0.82,0.64,11.15
309244972,0.037211,-0.007817,-0.008102,0.29,-0.41,8.73
309245980,0.044667,-0.015274,-0.004906,-1.13,-0.71,8.91
309246990,0.023362,-0.019535,-0.002775,0.77,0.61,11.46
309248000,-0.017119,-0.005686,-0.001710,0.16,-0.70,9.20
309249030,-0.053338,0.015619,-0.000645,-1.20,-0.78,9.17
309250027,-0.032033,0.022011,0.001486,0.55,0.32,11.70
309251030,0.003122,0.008162,0.003616,0.58,-0.39,9.30
309252040,0.010578,-0.008882,0.001486,-1.53,-1.20,8.27
309253050,-0.027772,0.007097,-0.003841,0.12,-0.08,11.43
309254060,-0.018184,0.012423,-0.003841,1.26,0.22,10.33
309255072,0.028688,-0.023796,-0.001710,-0.78,-0.67,8.22
309256080,0.016970,-0.028057,-0.000645,-1.11,-1.04,9.57
309257090,-0.011792,-0.013143,-0.003841,0.94,0.28,11.33
309258109,-0.033098,-0.001425,-0.009167,1.15,0.38,10.00
309259132,-0.020315,0.004966,-0.012363,-0.99,-0.73,8.60
309260127,-0.004335,0.014554,-0.016624,-1.01,-0.77,9.62
309261130,-0.006466,0.018815,-0.007037,0.90,0.14,10.82
309262140,-0.021380,0.011358,0.003616,1.33,0.72,10.23
309263150,-0.035229,0.006032,0.007877,-0.24,0.05,9.05
309264160,-0.022445,-0.000360,0.003616,-1.38,-0.99,9.03
309265172,0.018035,-0.021666,0.002551,-0.14,-0.72,10.42
309266180,0.036145,-0.040841,0.005747,1.35,0.67,10.84
309267190,0.025492,-0.041906,0.005747,0.98,0.75,10.06
309268200,0.013774,-0.024861,0.005747,-0.57,0.01,9.39
309269230,0.007383,-0.002491,0.002551,-1.42,-1.37,8.65
309270227,0.013774,0.003901,-0.000645,-0.37,-1.10,9.78
309271230,0.015905,0.008162,-0.001710,0.97,0.18,10.67
309272240,0.016970,0.008162,-0.002775,1.19,0.74,10.50
309273250,0.004187,0.002836,-0.004906,0.22,0.51,9.93
309274260,-0.000074,0.000705,-0.004906,-1.19,-0.96,8.81
309275272,0.004187,-0.007817,-0.003841,-1.39,-1.78,8.78
309276280,-0.012858,-0.009948,-0.004906,-0.31,-0.93,9.99
309277290,-0.040555,-0.001425,-0.005971,0.82,-0.10,10.62
309278300,-0.030967,-0.006752,-0.005971,1.21,0.59,10.73
309279332,-0.002205,-0.020600,-0.005971,0.60,0.84,10.21
309280327,0.023362,-0.017404,-0.004906,-0.59,0.19,9.02
309281330,0.005252,-0.004621,-0.007037,-1.40,-1.04,8.65
309282340,-0.017119,0.022011,-0.011298,-1.15,-1.65,9.21
309283350,-0.004335,0.030533,-0.012363,-0.30,-1.16,10.07
309284360,0.013774,0.015619,-0.011298,0.61,-0.54,10.52
309285372,0.024427,0.004966,-0.010232,1.22,0.49,10.65
309286380,0.000991,0.014554,-0.011298,1.14,1.23,10.47
309287390,-0.020315,0.012423,-0.012363,0.51,0.83,9.64
309288400,-0.028837,0.012423,-0.013428,-0.36,0.19,9.32
309289430,0.035080,-0.020600,-0.003841,-1.05,-0.76,9.23
309290427,-0.089558,0.024141,0.002551,-0.56,-1.54,9.65
309291430,-0.106602,0.078471,-0.000645,-0.03,-1.17,10.04
309292440,-0.056534,0.095515,0.001486,0.66,-0.50,10.34
309293450,-0.033098,0.094450,0.004682,1.16,0.70,10.65
309294460,-0.058665,0.075275,0.012139,1.19,1.29,10.62
309295472,-0.046947,0.003901,0.020661,0.84,1.30,9.94
309296480,0.009513,-0.049363,0.022791,0.35,0.93,9.60
309297490,0.021231,-0.021666,0.018530,-0.22,0.32,9.62
309298522,0.010578,-0.009948,0.015334,-0.76,-0.11,9.38
309299514,-0.000074,-0.005686,0.011073,-1.06,-1.04,9.01
309300524,0.008448,0.000705,0.013204,-1.03,-1.62,9.05
309301530,-0.000074,0.008162,0.017465,-0.92,-1.43,9.37
309302540,-0.028837,0.008162,0.012139,-0.55,-1.26,9.80
309303550,-0.036294,0.011358,0.001486,0.04,-1.07,10.01
309304560,0.003122,0.012423,-0.003841,0.28,-0.46,10.29
309305572,0.037211,-0.007817,-0.003841,0.43,0.15,10.51
309306580,0.019101,-0.013143,-0.003841,0.73,0.28,10.40
309307590,-0.003270,0.012423,-0.007037,0.75,0.63,10.38
309308620,-0.014988,0.024141,-0.012363,0.63,0.95,10.14
309309614,-0.020315,0.013489,-0.017689,0.41,0.36,9.35
309310624,-0.010727,0.017750,-0.018755,0.23,0.03,9.33
309311630,0.010578,0.017750,-0.013428,0.05,0.73,9.93
309312640,-0.003270,0.000705,-0.014493,-0.33,0.05,9.63
309313650,-0.005401,-0.002491,-0.015559,-0.30,-0.73,9.55
309314660,0.007383,0.007097,-0.013428,-0.50,-0.16,9.63
309315677,0.013774,-0.003556,-0.009167,-0.82,-0.85,9.40
309316706,-0.000074,-0.009948,-0.009167,-0.26,-1.26,9.51
309317697,-0.013923,0.012423,-0.009167,-0.42,-0.89,9.50
309318731,0.000991,0.011358,-0.007037,-0.82,-0.93,9.70
309319724,0.022297,-0.015274,-0.001710,-0.02,-1.12,9.64
309320732,0.013774,-0.024861,0.004682,0.09,-0.83,9.49
309321736,-0.032033,-0.012078,0.010008,-0.39,-0.42,9.93
309322751,-0.075709,0.012423,0.008943,0.16,-0.98,9.81
309323767,-0.059730,0.037990,0.010008,0.46,-0.44,10.19
309324772,-0.021380,0.045447,0.011073,0.03,0.14,10.33
309325783,-0.010727,0.034794,0.007877,0.25,-0.38,10.01
309326789,-0.024576,0.030533,0.005747,0.54,0.03,10.34
309327798,-0.033098,0.019880,0.005747,0.17,0.27,10.40
309328829,-0.023510,-0.029123,0.004682,0.19,0.09,9.95
309329825,0.008448,-0.055755,0.002551,0.48,0.09,9.50
309330837,0.042537,-0.019535,0.001486,0.25,0.20,9.85
309331841,0.028688,0.013489,-0.002775,0.17,0.47,10.30
309332849,-0.034163,0.027337,-0.007037,0.35,-0.09,9.51
309333854,-0.012858,0.014554,-0.002775,0.22,-0.11,9.38
309334864,0.034015,-0.012078,0.003616,0.08,0.70,10.12
309335873,0.003122,-0.005686,-0.000645,0.12,-0.10,9.51
309336884,-0.020315,0.015619,-0.003841,0.12,-0.38,9.30
309337897,0.005252,0.018815,-0.003841,-0.03,0.74,9.94
309338926,0.004187,0.004966,-0.003841,-0.02,-0.18,9.65
309339916,0.003122,-0.015274,-0.003841,0.14,-0.48,9.61
309340926,0.016970,-0.008882,-0.002775,-0.02,0.61,10.30
309341930,-0.003270,-0.015274,-0.007037,-0.06,-0.03,10.03
309342940,-0.008597,-0.012078,-0.013428,0.13,-0.44,9.66
309343950,-0.011792,0.016685,-0.013428,-0.01,0.25,10.28
309344960,0.004187,0.014554,-0.010232,-0.13,0.11,9.78
309345972,-0.009662,-0.009948,-0.009167,0.20,-0.50,9.44
309346980,-0.003270,-0.000360,-0.008102,0.12,-0.14,10.16
309347990,0.018035,0.003901,-0.007037,-0.26,0.27,9.84
309349020,-0.013923,-0.001425,-0.009167,0.23,-0.51,9.72
309350014,-0.008597,0.000705,-0.004906,0.19,-0.53,10.14
309351024,0.009513,0.007097,-0.000645,-0.44,0.13,9.94
309352030,-0.013923,0.008162,0.001486,0.15,-0.38,9.88
309353040,-0.012858,0.006032,0.005747,0.18,-0.53,9.81
309354050,-0.002205,0.010293,0.010008,-0.52,-0.11,9.55
309355060,-0.023510,0.013489,0.008943,0.20,-0.34,9.91
309356072,-0.012858,0.000705,0.008943,0.23,-0.46,9.73
309357080,0.019101,-0.019535,0.010008,-0.61,-0.22,9.47
309358090,0.014840,-0.029123,0.007877,0.20,-0.36,10.17
309359122,-0.002205,-0.012078,0.008943,0.18,-0.43,9.86
309360114,0.000991,0.001771,0.010008,-0.75,-0.28,9.33
309361124,0.021231,-0.001425,0.003616,0.19,-0.33,10.11
309362130,0.043602,-0.014209,0.003616,0.24,-0.36,9.86
309363140,0.005252,-0.012078,0.003616,-0.74,-0.34,9.26
309364150,-0.052273,0.008162,0.001486,0.16,-0.34,10.13
309365160,-0.049077,0.028403,0.004682,0.26,-0.37,9.96
309366172,-0.009662,0.025207,0.007877,-0.75,-0.40,9.38
309367180,0.020166,0.002836,-0.000645,0.25,-0.40,10.14
309368190,0.055320,-0.026992,-0.004906,0.38,-0.34,9.94
309369220,0.049994,-0.045102,-0.004906,-0.72,-0.31,9.49
309370214,0.023362,-0.046167,-0.008102,0.28,-0.31,10.13
309371224,0.011644,-0.035514,-0.008102,0.45,-0.33,9.78
309372230,-0.022445,-0.004621,-0.007037,-0.68,-0.29,9.38
309373240,-0.056534,0.025207,-0.010232,0.26,-0.25,10.18
309374250,-0.059730,0.037990,-0.010232,0.47,-0.24,9.92
309375260,-0.065056,0.052904,-0.009167,-0.65,-0.24,9.45
309376272,-0.070383,0.060361,-0.010232,0.27,-0.19,10.17
309377280,-0.051208,0.055035,-0.009167,0.51,-0.16,9.96
309378290,-0.043751,0.056100,-0.005971,-0.68,-0.18,9.38
309379322,-0.051208,0.060361,-0.004906,0.23,-0.03,10.17
309380314,-0.037359,0.055035,-0.001710,0.57,-0.13,9.98
309381324,-0.032033,0.056100,-0.000645,-0.58,-0.18,9.31
309382330,-0.039490,0.055035,-0.003841,0.31,-0.06,10.15
309383340,-0.028837,0.042251,-0.000645,0.55,-0.26,9.97
309384350,-0.034163,0.036925,0.002551,-0.66,-0.18,9.37
309385360,-0.032033,0.023076,0.000420,0.31,-0.07,10.14
309386372,-0.005401,0.009228,-0.000645,0.61,-0.20,9.95
309387380,-0.005401,0.007097,-0.000645,-0.67,-0.19,9.36
309388390,0.007383,-0.006752,-0.003841,0.28,-0.12,10.17
309389420,0.049994,-0.041906,-0.002775,0.55,-0.21,9.98
309390414,0.044667,-0.052559,-0.000645,-0.74,-0.32,9.42
309391424,0.012709,-0.028057,-0.002775,0.24,-0.28,10.24
309392430,-0.017119,0.020946,0.000420,-0.69,-0.20,9.39
309393440,-0.040555,0.052904,0.000420,-0.03,-0.75,9.92
309394450,-0.014988,0.034794,0.003616,0.33,0.03,10.06
309395460,0.010578,-0.002491,0.002551,-0.26,0.05,9.69
309396472,0.009513,-0.013143,0.002551,-0.10,-0.66,9.82
309397480,0.009513,-0.005686,0.001486,0.26,0.09,10.44
309398490,0.011644,0.007097,-0.000645,-0.05,-0.29,9.91
309399522,-0.003270,0.010293,0.000420,-0.26,-0.29,9.50
309400514,-0.042686,0.018815,0.000420,0.50,0.37,9.62
309401524,-0.075709,0.049708,0.004682,0.21,-0.26,9.35
309402530,-0.054404,0.056100,0.006812,-0.32,-0.08,9.82
309403540,0.020166,0.008162,0.003616,0.43,0.05,10.18
309404550,0.070234,-0.048298,0.001486,0.16,0.00,9.91
309405560,0.063843,-0.067473,-0.000645,-0.23,-0.02,9.78
309406572,0.039341,-0.039775,-0.003841,0.50,-0.23,10.06
309407580,0.013774,-0.013143,0.001486,0.16,0.14,10.12
309408610,-0.020315,0.012423,0.006812,-0.37,-0.25,9.52
309409604,-0.055469,0.045447,0.004682,0.52,-0.25,9.78
309410610,-0.042686,0.051839,0.004682,0.28,0.27,9.94
309411624,-0.004335,0.029468,0.004682,-0.54,-0.42,9.19
309412644,0.051059,-0.008882,0.001486,0.40,-0.46,10.02
309413640,0.076626,-0.035514,-0.001710,0.21,0.29,10.50
309414650,0.037211,-0.039775,-0.002775,-0.72,-0.52,9.29
309415660,0.008448,-0.025927,-0.007037,0.35,-0.78,9.62
309416678,0.010578,-0.004621,-0.003841,0.24,0.35,10.29
309417684,-0.011792,0.026272,-0.000645,-0.84,-0.63,9.30
309418717,-0.043751,0.055035,-0.000645,0.03,-1.27,9.59
309419712,-0.035229,0.043317,0.000420,0.18,0.27,9.86
309420721,-0.018184,0.028403,0.000420,-0.57,-0.42,9.19
309421728,0.002056,0.022011,0.002551,-0.08,-1.02,9.77
309422737,0.031884,-0.007817,0.004682,0.04,-0.09,10.31
309423760,0.045733,-0.033384,0.003616,-0.29,-0.62,9.88
309424761,0.026558,-0.039775,0.003616,0.01,-0.22,9.73
309425772,-0.008597,-0.019535,0.001486,0.29,-0.04,9.57
309426782,-0.030967,0.033729,0.002551,0.01,-0.51,9.57
309427789,-0.027772,0.056100,0.007877,-0.11,0.00,9.86
309428825,-0.036294,0.053969,0.011073,0.31,-0.23,9.64
309429815,-0.033098,0.043317,0.014269,0.14,-0.27,9.67
309430819,-0.012858,0.033729,0.011073,0.00,0.15,10.08
309431833,0.019101,0.010293,0.008943,0.17,-0.23,9.96
309432838,0.056386,-0.029123,0.010008,0.06,-0.33,10.02
309433849,0.056386,-0.049363,0.010008,0.05,0.08,10.11
309434855,0.027623,-0.047232,0.010008,-0.01,-0.20,9.52
309435864,-0.014988,-0.019535,0.007877,0.07,-0.54,9.42
309436922,-0.019249,0.014554,0.006812,-0.03,-0.04,9.72
309437907,-0.012858,0.034794,0.006812,-0.22,-0.23,9.56
309438935,-0.021380,0.032664,0.006812,0.00,-0.77,9.70
309439926,-0.010727,0.016684,0.004682,-0.06,-0.01,10.04
309440912,0.014840,-0.009948,-0.000645,-0.26,-0.27,9.60
309441926,0.055320,-0.035514,-0.003841,0.02,-0.92,9.82
309442930,0.062777,-0.051493,0.001486,-0.01,0.13,10.20
309443940,0.015905,-0.034449,0.000420,-0.28,-0.29,9.45
309444950,-0.029902,0.017750,-0.005971,0.10,-0.96,9.48
309445960,-0.026706,0.050773,-0.007037,0.10,0.30,10.14
309446972,-0.024576,0.055035,-0.005971,-0.29,-0.36,9.41
309447980,0.002056,0.027337,-0.004906,0.10,-1.04,9.51
309449010,0.035080,-0.008882,0.000420,0.09,0.42,10.48
309450004,0.032949,-0.035514,-0.000645,-0.28,-0.32,9.55
309451010,0.039341,-0.046167,-0.001710,0.16,-1.04,9.46
309452024,0.037211,-0.040841,0.000420,0.14,0.47,10.43
309453030,-0.010727,-0.006752,0.000420,-0.31,-0.35,9.44
309454040,-0.045881,0.041186,-0.000645,0.08,-1.01,9.44
309455050,-0.030967,0.052904,0.003616,0.16,0.44,10.45
309456060,-0.020315,0.032664,0.005747,-0.33,-0.41,9.47
309457072,0.025492,-0.007817,0.006812,0.06,-0.93,9.53
309458080,0.062777,-0.042971,0.008943,0.18,0.41,10.55
309459112,0.043602,-0.050428,0.005747,-0.27,-0.42,9.60
309460104,0.025492,-0.037645,0.003616,0.10,-0.91,9.52
309461110,0.011644,-0.023796,0.007877,0.13,0.33,10.46
309462124,-0.023510,0.007097,0.008943,-0.34,-0.39,9.51
309463130,-0.041620,0.036925,0.006812,0.06,-0.88,9.38
309464140,-0.028837,0.039055,0.005747,0.12,0.29,10.43
309465150,-0.006466,0.018815,0.004682,-0.40,-0.41,9.55
309466160,0.048929,-0.031253,0.004682,-0.02,-0.85,9.44
309467172,0.069169,-0.069603,0.006812,0.14,0.31,10.48
309468180,0.023362,-0.057885,0.003616,-0.41,-0.45,9.55
309469210,-0.009662,-0.020600,-0.001710,-0.01,-0.86,9.41
309470204,-0.013923,0.004966,-0.001710,0.22,0.32,10.55
309471210,-0.038424,0.034794,-0.003841,-0.35,-0.41,9.70
309472224,-0.051208,0.058230,-0.005971,-0.02,-0.79,9.48
309473230,-0.036294,0.052904,-0.004906,0.12,0.23,10.45
309474240,-0.025641,0.035860,-0.007037,-0.46,-0.47,9.61
309475250,0.018035,0.000705,-0.005971,-0.03,-0.69,9.44
309476260,0.043602,-0.031253,-0.002775,0.18,0.19,10.40
309477272,0.037211,-0.048298,-0.003841,-0.40,-0.53,9.64
309478280,0.046798,-0.061081,-0.007037,0.00,-0.66,9.37
309479312,0.035080,-0.063212,-0.008102,0.18,0.16,10.32
309480304,-0.014988,-0.034449,-0.011298,-0.39,-0.51,9.68
309481310,-0.049077,0.014554,-0.015559,0.01,-0.58,9.46
309482324,-0.038424,0.040121,-0.011298,0.14,0.19,10.35
309483330,-0.041620,0.052904,-0.007037,-0.39,-0.52,9.67
309484340,-0.044816,0.053969,-0.007037,0.08,-0.57,9.36
309485350,-0.026706,0.040121,-0.005971,0.14,0.20,10.29
309486360,-0.011792,0.019880,-0.003841,-0.44,-0.57,9.73
309487372,0.038276,-0.021666,-0.000645,0.09,-0.58,9.43
309488380,0.059581,-0.055755,0.002551,0.15,0.09,10.30
309489410,0.019101,-0.050428,-0.001710,-0.43,-0.66,9.68
309490404,0.004187,-0.033384,-0.004906,0.09,-0.53,9.47
309491410,0.005252,-0.020600,-0.000645,0.09,0.08,10.25
309492424,-0.028837,0.009228,0.001486,-0.47,-0.65,9.65
309493430,-0.051208,0.056100,-0.001710,0.07,0.09,10.23
309494440,-0.042686,0.046512,-0.000645,-0.46,-0.66,9.62
309495450,-0.004335,0.018815,-0.000645,0.06,-0.46,9.68
309496460,0.024427,-0.017404,-0.001710,0.03,0.05,10.28
309497472,0.031884,-0.044037,-0.007037,-0.44,-0.66,9.62
309498480,0.041472,-0.055755,-0.008102,0.07,-0.38,9.71
309499512,0.021231,-0.050428,-0.003841,0.01,-0.01,10.11
309500504,-0.023510,-0.020600,-0.005971,-0.41,-0.69,9.51
309501510,-0.038424,0.023076,-0.009167,0.15,-0.27,9.66
309502524,-0.024576,0.035860,-0.004906,0.04,-0.01,10.15
309503530,-0.036294,0.035860,-0.003841,-0.36,-0.64,9.65
309504540,-0.035229,0.031598,-0.008102,0.24,-0.15,9.61
309505550,-0.011792,0.025207,-0.008102,0.07,0.09,10.16
309506560,0.010578,0.007097,-0.010232,-0.37,-0.65,9.65
309507572,0.053190,-0.032318,-0.011298,0.33,-0.21,9.44
309508600,0.048929,-0.050428,-0.010232,0.09,0.06,10.22
309509594,-0.006466,-0.030188,-0.012363,-0.40,-0.73,9.74
309510600,-0.023510,0.003901,-0.014493,0.41,-0.21,9.54
309511610,-0.024576,0.025207,-0.012363,0.10,0.14,10.20
309512624,-0.056534,0.049708,-0.010232,-0.43,-0.80,9.58
309513630,-0.056534,0.049708,-0.007037,0.23,-0.41,9.77
309514640,-0.022445,0.016685,-0.002775,-0.05,0.04,9.91
309515650,-0.004335,0.002836,-0.003841,-0.37,-0.72,9.46
309516660,0.012709,-0.003556,-0.002775,0.12,-0.53,10.11
309517677,0.037211,-0.023796,-0.004906,-0.14,-0.07,9.92
309518707,0.028688,-0.039775,-0.002775,-0.31,-0.60,9.91
309519699,-0.017119,-0.035514,-0.001710,0.05,-0.27,9.74
309520706,-0.068252,0.012423,-0.004906,0.00,-0.31,9.25
309521736,-0.069318,0.058230,-0.000645,-0.26,-0.53,9.63
309522733,-0.044816,0.058230,0.000420,-0.16,0.05,9.74
309523736,-0.022445,0.036925,0.001486,-0.05,-0.54,9.54
309524751,0.007383,0.017750,0.004682,-0.15,-0.25,9.94
309525757,0.022297,0.000705,0.003616,-0.02,-0.11,10.14
309526772,0.027623,-0.022731,-0.001710,-0.02,-0.58,9.43
309527784,0.037211,-0.034449,-0.001710,-0.01,-0.08,9.98
309528809,0.018035,-0.026992,0.001486,-0.08,-0.11,10.00
309529804,-0.032033,-0.000360,-0.001710,-0.02,-0.40,9.17
309530805,-0.055469,0.035860,-0.004906,0.19,-0.22,9.69
309531822,-0.035229,0.053969,-0.004906,-0.07,0.04,9.91
309532835,-0.018184,0.044382,-0.004906,-0.02,-0.32,9.44
309533841,0.007383,0.013489,-0.003841,0.32,-0.23,9.96
309534847,0.021231,-0.018470,-0.004906,-0.03,0.13,10.07
309535855,0.030819,-0.034449,-0.010232,-0.08,-0.50,9.38
309536864,0.049994,-0.041906,-0.009167,0.46,-0.09,9.93
309537882,0.026558,-0.033384,-0.005971,-0.07,0.37,10.06
309538906,-0.026706,0.006032,-0.010232,-0.18,-0.67,9.21
309539898,-0.051208,0.049708,-0.012363,0.61,-0.05,9.79
309540904,-0.058665,0.063557,-0.008102,-0.16,0.44,10.18
309541912,-0.055469,0.050773,-0.005971,-0.34,-0.80,9.30
309542926,0.003122,0.007097,-0.002775,0.49,-0.22,9.93
309543930,0.055320,-0.030188,0.001486,-0.19,0.35,10.12
309544940,0.069169,-0.039775,0.001486,-0.24,-0.78,9.27
309545950,0.070234,-0.047232,0.003616,0.23,-0.37,9.76
309546960,0.045733,-0.055755,0.004682,-0.22,0.15,9.79
309547972,0.010578,-0.042971,0.004682,-0.14,-0.70,9.75
309549000,-0.025641,-0.002491,0.004682,0.16,-0.18,10.06
309549994,-0.058665,0.056100,0.002551,-0.11,-0.17,9.83
309551000,-0.054404,0.075275,0.004682,-0.27,-0.53,9.87
309552028,-0.039490,0.056100,0.006812,0.04,0.03,9.58
309553025,-0.040555,0.045447,0.011073,0.07,-0.50,9.47
309554030,-0.029902,0.040121,0.015334,-0.19,-0.24,9.81
309555040,-0.006466,0.020946,0.014269,0.06,-0.11,9.79
309556050,0.010578,-0.004621,0.013204,0.00,-0.50,9.90
309557060,0.028688,-0.018470,0.013204,-0.19,0.01,10.07
309558072,0.036145,-0.028057,0.013204,0.01,-0.23,9.77
309559107,0.043602,-0.046167,0.012139,0.05,-0.23,9.65
309560091,0.055320,-0.057885,0.011073,0.01,-0.11,9.92
309561100,0.046798,-0.053624,0.008943,-0.07,-0.19,9.86
309562128,0.030819,-0.049363,0.003616,0.09,-0.12,9.54
309563125,0.038276,-0.049363,0.002551,0.11,-0.32,9.75
309564130,0.042537,-0.049363,0.004682,-0.12,0.00,9.99
309565140,0.019101,-0.038710,0.002551,0.12,-0.02,9.77
309566150,0.003122,-0.017404,0.002551,0.18,-0.40,9.90
309567160,-0.001140,-0.003556,0.001486,-0.12,0.04,9.88
309568172,-0.014988,0.015619,-0.002775,0.12,-0.07,9.62
309569206,-0.014988,0.031598,-0.002775,0.30,-0.31,9.85
309570191,-0.013923,0.032664,0.001486,-0.17,0.16,9.85
309571200,-0.032033,0.036925,0.001486,0.09,-0.23,9.59
309572228,-0.038424,0.048643,-0.000645,0.43,-0.25,9.87
309573225,-0.027772,0.046512,-0.001710,-0.21,0.29,9.87
309574230,-0.019249,0.030533,-0.002775,0.06,-0.32,9.57
309575240,-0.004335,0.020946,-0.002775,0.53,-0.32,9.93
309576250,0.002056,0.016684,-0.002775,-0.28,0.34,9.86
309577260,0.019101,-0.006752,-0.000645,-0.03,-0.38,9.49
309578272,0.053190,-0.038710,0.003616,0.61,-0.26,9.86
309579307,0.045733,-0.048298,0.007877,-0.35,0.35,9.82
309580291,0.027623,-0.046167,0.002551,-0.14,-0.50,9.48
309581300,0.061712,-0.063212,0.002551,0.59,-0.30,9.87
309582328,0.068104,-0.074930,0.007877,-0.45,0.29,9.88
309583325,0.026558,-0.053624,0.005747,-0.21,-0.57,9.46
309584330,0.008448,-0.031253,0.002551,0.43,-0.51,9.58
309585340,-0.001140,-0.026992,0.000420,-0.43,0.16,9.80
309586350,-0.013923,-0.006752,-0.003841,-0.23,-0.74,9.48
309587360,-0.025641,0.017750,-0.000645,0.20,-0.30,9.87
309588372,-0.035229,0.030533,0.002551,-0.27,0.10,9.95
309589406,-0.035229,0.030533,0.006812,-0.25,-0.86,9.74
309590391,-0.043751,0.032664,0.008943,0.17,0.01,10.12
309591400,-0.074644,0.056100,0.006812,-0.05,-0.35,9.74
309592428,-0.073579,0.068883,0.006812,-0.35,-0.42,9.82
309593425,-0.044816,0.047578,0.005747,0.11,0.26,9.84
309594430,-0.022445,0.018815,0.006812,-0.03,-0.71,9.33
309595440,0.020166,-0.011013,0.003616,0.20,0.06,10.00
309596450,0.034015,-0.014209,0.002551,0.10,-0.56,9.70
309597460,0.027623,-0.022731,0.000420,-0.37,-0.03,9.91
309598472,0.046798,-0.045102,-0.004906,0.21,-0.09,9.97
309599507,0.052124,-0.054689,-0.009167,0.31,-0.36,9.68
309600491,0.021231,-0.041906,-0.014493,-0.34,0.05,9.66
309601500,0.002056,-0.019535,-0.021950,0.18,0.02,9.89
309602528,0.012709,-0.014209,-0.020885,0.47,-0.25,9.74
309603525,0.005252,-0.023796,-0.014493,-0.34,0.07,9.56
309604530,-0.037359,-0.003556,-0.015559,0.32,-0.06,9.88
309605540,-0.034163,0.027337,-0.015559,0.70,-0.26,9.92
309606550,-0.026706,0.034794,-0.013428,-0.38,0.18,9.66
309607560,-0.060795,0.046512,-0.016624,0.24,-0.13,9.86
309608598,-0.063991,0.058230,-0.018755,0.74,-0.29,9.84
309609581,-0.059730,0.062492,-0.016624,-0.45,0.23,9.58
309610590,-0.052273,0.057165,-0.013428,0.11,-0.23,9.81
309611600,-0.011792,0.018815,-0.007037,0.62,-0.32,9.71
309612628,0.010578,-0.009948,-0.002775,-0.42,0.17,9.66
309613625,0.011644,-0.009948,-0.002775,-0.09,-0.63,9.74
309614630,0.037211,-0.025927,0.001486,0.32,-0.16,10.06
309615640,0.056386,-0.046167,0.002551,-0.20,0.17,9.99
309616650,0.032949,-0.042971,0.002551,-0.20,-0.77,9.72
309617660,0.018035,-0.036580,0.001486,0.19,0.18,10.27
309618703,0.021231,-0.029123,0.002551,-0.05,-0.36,9.63
309619691,0.011644,-0.029123,0.004682,-0.39,-0.64,9.46
309620698,-0.010727,-0.023796,0.002551,0.21,0.36,9.86
309621707,-0.012858,-0.005686,0.004682,0.02,-0.60,9.33
309622735,-0.009662,0.009228,0.005747,-0.51,-0.23,9.85
309623739,-0.022445,0.026272,0.000420,0.25,0.10,10.22
309624735,-0.029902,0.043317,-0.000645,0.09,-0.61,9.74
309625755,-0.035229,0.050773,0.001486,-0.50,-0.13,9.84
309626758,-0.055469,0.061426,-0.000645,0.31,-0.05,10.02
309627773,-0.051208,0.060361,-0.000645,0.27,-0.33,9.68
309628808,-0.036294,0.055035,0.000420,-0.48,-0.15,9.46
309629792,-0.021380,0.048643,-0.001710,0.37,-0.04,9.94
309630801,0.003122,0.036925,-0.002775,0.45,-0.16,9.65
309631807,0.008448,0.025207,-0.002775,-0.50,-0.11,9.28
309632837,0.034015,-0.000360,-0.005971,0.42,-0.03,10.14
309633833,0.068104,-0.031253,-0.005971,0.51,-0.14,10.08
309634837,0.053190,-0.041906,-0.005971,-0.57,-0.08,9.54
309635850,0.044667,-0.048298,-0.009167,0.38,-0.14,9.99
309636855,0.071299,-0.061081,-0.007037,0.54,-0.13,9.82
309637866,0.056386,-0.056820,-0.005971,-0.56,0.05,9.51
309638900,0.021231,-0.032318,-0.009167,0.08,-0.52,9.86
309639885,0.013774,-0.023796,-0.005971,0.31,-0.24,9.73
309640895,0.011644,-0.026992,-0.001710,-0.31,0.16,9.68
309641904,-0.001140,-0.011013,0.000420,-0.03,-0.59,9.90
309642930,-0.035229,0.022011,0.001486,0.21,0.00,10.36
309643927,-0.053338,0.057165,0.000420,-0.13,-0.28,9.88
309644930,-0.036294,0.056100,0.007877,-0.29,-0.61,9.51
309645940,-0.046947,0.035860,0.014269,0.30,0.25,9.81
309646950,-0.074644,0.043317,0.017465,0.11,-0.55,9.32
309647960,-0.072513,0.057165,0.017465,-0.35,-0.31,9.65
309648998,-0.041620,0.039055,0.016400,0.10,-0.11,9.90
309649981,-0.008597,0.010293,0.016400,0.01,-0.49,9.72
309650990,0.014840,-0.005686,0.012139,-0.18,-0.04,9.89
309652018,0.027623,-0.015274,0.010008,0.02,-0.44,9.81
309653011,0.047863,-0.042971,0.014269,0.10,-0.22,9.96
309654024,0.054255,-0.054689,0.017465,-0.01,-0.07,9.92
309655030,0.042537,-0.048298,0.015334,-0.12,-0.36,9.77
309656040,0.040406,-0.053624,0.010008,0.25,-0.05,9.82
309657050,0.051059,-0.057885,0.006812,0.12,-0.18,9.57
309658060,0.039341,-0.046167,0.005747,-0.15,-0.14,9.67
309659099,0.005252,-0.014209,0.001486,0.34,-0.03,9.96
309660081,-0.008597,0.007097,0.001486,0.11,-0.24,9.77
309661090,-0.014988,0.013489,0.000420,-0.23,-0.19,9.58
309662118,-0.036294,0.035860,-0.003841,0.38,-0.09,9.97
309663111,-0.046947,0.061426,-0.005971,0.17,0.04,9.86
309664124,-0.041620,0.063557,-0.003841,-0.30,-0.16,9.39
309665130,-0.032033,0.048643,-0.003841,0.42,-0.21,9.78
309666140,-0.008597,0.031598,-0.004906,0.25,0.10,9.86
309667150,0.007383,0.011358,-0.005971,-0.36,-0.18,9.45
309668160,0.034015,-0.017404,-0.005971,0.44,-0.29,9.86
309669198,0.061712,-0.034449,-0.003841,0.28,0.12,9.99
309670181,0.051059,-0.039775,-0.003841,-0.41,-0.18,9.40
309671190,0.047863,-0.044037,-0.004906,0.54,-0.21,9.89
309672218,0.044667,-0.044037,-0.004906,0.36,0.20,10.11
309673211,0.007383,-0.032318,-0.005971,-0.51,-0.26,9.21
309674224,-0.037359,0.006032,-0.011298,0.50,-0.34,9.70
309675230,-0.028837,0.032664,-0.008102,0.39,0.21,9.93
309676240,-0.028837,0.040121,-0.000645,-0.61,-0.30,9.10
309677250,-0.057599,0.055035,-0.000645,0.40,-0.48,9.82
309678260,-0.061861,0.058230,0.000420,0.37,0.19,10.00
309679299,-0.059730,0.055035,0.003616,-0.66,-0.44,9.17
309680281,-0.027772,0.023076,0.007877,0.16,-0.88,9.72
309681290,0.035080,-0.037645,0.013204,0.20,0.17,9.83
309682318,0.051059,-0.062146,0.014269,-0.44,-0.32,9.43
309683311,0.026558,-0.041906,0.013204,-0.02,-0.82,9.63
309684324,0.020166,-0.032318,0.010008,-0.01,-0.14,9.96
309685330,0.023362,-0.039775,0.003616,-0.31,-0.70,9.88
309686340,0.010578,-0.051493,0.002551,-0.22,-0.31,9.72
309687350,-0.016054,-0.039775,-0.003841,0.02,-0.16,9.40
309688360,-0.028837,0.008162,-0.007037,-0.03,-0.70,9.28
309689398,-0.021380,0.026272,-0.001710,-0.28,0.11,9.92
309690381,-0.029902,0.022011,0.000420,-0.11,-0.28,9.64
309691390,-0.062926,0.043317,-0.001710,0.02,-0.68,9.62
309692418,-0.065056,0.065687,-0.002775,-0.16,0.18,10.25
309693411,-0.041620,0.045447,-0.002775,-0.20,-0.28,9.40
309694424,-0.028837,0.022011,-0.009167,0.24,-0.55,9.44
309695430,-0.010727,0.027337,-0.011298,0.08,0.23,10.10
309696440,0.008448,0.020946,-0.010232,-0.31,-0.14,9.09
309697450,0.063843,-0.052559,-0.011298,0.27,0.24,10.23
309698460,0.042537,-0.033384,-0.017689,-0.32,-0.08,9.39
309699499,0.029754,-0.019535,-0.024081,0.53,-0.66,9.63
309700481,0.042537,-0.029123,-0.020885,0.38,0.32,10.43
309701490,0.019101,-0.021666,-0.016624,-0.40,-0.20,9.22
309702518,-0.023510,0.026272,-0.020885,0.29,-0.96,9.42
309703511,-0.043751,0.046512,-0.020885,0.38,0.35,9.68
309704524,-0.044816,0.039055,-0.015559,-0.33,-0.30,9.11
309705530,-0.038424,0.041186,-0.009167,0.11,-0.76,9.60
309706540,-0.045881,0.044382,-0.002775,0.17,0.12,10.02
309707550,-0.052273,0.050773,-0.001710,-0.22,-0.63,10.04
309708586,-0.023510,0.028403,0.001486,0.02,-0.11,9.81
309709575,0.015905,-0.018470,0.003616,0.09,-0.15,9.39
309710580,0.032949,-0.035514,0.005747,-0.10,-0.67,9.44
309711590,0.032949,-0.033384,0.007877,-0.19,0.15,9.68
309712600,0.055320,-0.053624,0.008943,0.07,-0.42,9.50
309713610,0.071299,-0.067473,0.011073,-0.09,-0.56,9.58
309714622,0.053190,-0.056820,0.011073,-0.21,0.14,9.99
309715630,0.019101,-0.042971,0.010008,0.01,-0.43,9.68
309716640,-0.010727,-0.019535,0.007877,-0.09,-0.55,9.82
309717650,-0.009662,-0.000360,0.011073,-0.07,-0.02,10.11
309718690,-0.018184,0.006032,0.010008,-0.09,-0.33,9.35
309719678,-0.059730,0.028403,0.004682,0.05,-0.59,9.30
309720685,-0.057599,0.049708,0.003616,0.03,0.02,9.70
309721697,-0.034163,0.055035,0.006812,-0.15,-0.08,9.38
309722704,-0.035229,0.046512,0.006812,0.12,-0.75,9.54
309723719,-0.025641,0.037990,0.004682,0.04,0.02,10.06
309724728,0.002056,0.023076,0.001486,-0.17,-0.02,9.52
309725737,0.047863,-0.009948,-0.002775,0.18,-0.72,9.75
309726757,0.055320,-0.028057,-0.004906,0.16,0.30,10.28
309727766,0.027623,-0.024861,-0.010232,-0.23,-0.13,9.23
309728791,0.049994,-0.033384,-0.015559,0.21,-0.82,9.30
309729791,0.075561,-0.053624,-0.012363,0.22,0.48,10.16
309730788,0.028688,-0.041906,-0.010232,-0.29,-0.20,9.08
309731804,-0.020315,0.004966,-0.013428,0.22,-0.88,9.28
309732807,-0.027772,0.039055,-0.012363,0.26,0.55,10.54
309733817,-0.040555,0.062492,-0.010232,-0.30,-0.29,9.41
309734831,-0.062926,0.078471,-0.007037,0.11,-1.02,9.42
309735842,-0.063991,0.071014,0.000420,0.19,0.47,10.32
309736845,-0.053338,0.058230,0.004682,-0.29,-0.41,9.21
309737863,-0.020315,0.032664,0.004682,0.02,-0.90,9.31
309738889,0.034015,-0.014209,0.006812,0.04,0.20,9.73
309739875,0.052124,-0.042971,0.007877,-0.31,-0.67,9.45
309740884,0.039341,-0.044037,0.010008,0.00,-0.48,9.85
309741895,0.047863,-0.037645,0.010008,-0.07,-0.13,9.87
309742904,0.054255,-0.031253,0.010008,-0.27,-0.74,9.76
309743912,0.027623,-0.028057,0.010008,-0.07,-0.18,9.75
309744925,-0.020315,0.003901,0.006812,0.03,-0.48,9.42
309745930,-0.046947,0.043317,0.008943,-0.18,-0.50,9.38
309746940,-0.053338,0.057165,0.010008,-0.19,-0.05,9.71
309747950,-0.058665,0.062492,0.012139,0.01,-0.61,9.70
309748982,-0.048012,0.056100,0.014269,-0.15,-0.20,9.95
309749975,-0.023510,0.030533,0.014269,-0.20,-0.18,9.85
309750980,0.020166,-0.006752,0.014269,0.00,-0.65,9.65
309751990,0.040406,-0.029123,0.013204,-0.01,0.01,9.92
309753000,0.049994,-0.044037,0.010008,-0.14,-0.20,9.58
309754010,0.065973,-0.054689,0.006812,-0.05,-0.57,9.39
309755022,0.046798,-0.055755,0.005747,0.03,0.01,9.73
309756030,0.007383,-0.037645,-0.001710,-0.11,-0.21,9.36
309757040,-0.014988,-0.000360,-0.005971,0.01,-0.51,9.41
309758050,-0.016054,0.023076,-0.001710,0.08,0.16,10.24
309759085,-0.037359,0.029468,-0.002775,-0.15,-0.17,9.59
309760075,-0.054404,0.040121,-0.009167,0.09,-0.61,9.27
309761080,-0.032033,0.051839,-0.009167,0.22,0.27,10.33
309762090,-0.006466,0.036925,-0.009167,-0.08,-0.14,9.61
309763100,0.030819,-0.008882,-0.010232,0.16,-0.71,9.07
309764110,0.041472,-0.030188,-0.009167,0.22,0.25,10.21
309765122,0.032949,-0.030188,-0.010232,-0.13,-0.23,9.44
309766130,0.060647,-0.046167,-0.009167,0.22,-0.72,9.06
309767140,0.076626,-0.063212,-0.002775,0.27,0.31,10.31
309768150,0.035080,-0.044037,-0.001710,-0.26,-0.33,9.57
309769182,0.008448,-0.011013,-0.004906,0.00,-0.85,9.42
309770175,-0.007531,-0.006752,-0.002775,0.07,0.12,9.92
309771180,-0.011792,-0.005686,0.002551,-0.28,-0.56,9.56
309772190,-0.021380,0.008162,0.010008,0.09,-0.57,10.11
309773200,-0.062926,0.046512,0.012139,-0.16,-0.03,9.86
309774210,-0.067187,0.069949,0.013204,-0.45,-0.82,9.59
309775222,-0.032033,0.036925,0.017465,-0.03,-0.19,9.82
309776230,-0.026706,-0.001425,0.017465,-0.12,-0.32,9.14
309777240,-0.040555,0.002836,0.017465,-0.27,-0.73,9.23
309778250,-0.028837,0.009228,0.015334,-0.15,0.06,9.84
309779285,-0.000074,-0.011013,0.015334,-0.09,-0.57,9.80
309780275,0.022297,-0.030188,0.018530,-0.27,-0.42,9.84
309781280,0.029754,-0.036580,0.015334,-0.16,-0.16,10.06
309782290,0.031884,-0.040841,0.011073,-0.04,-0.57,9.70
309783300,0.043602,-0.046167,0.006812,-0.15,-0.16,9.63
309784310,0.041472,-0.037645,0.004682,-0.09,-0.28,9.84
309785322,0.026558,-0.037645,-0.000645,-0.09,-0.31,9.58
309786330,0.027623,-0.056820,-0.004906,-0.04,-0.37,9.32
309787340,0.029754,-0.056820,-0.008102,0.00,-0.23,9.74
309788350,0.015905,-0.044037,-0.014493,-0.07,-0.05,9.84
309789382,0.018035,-0.040841,-0.017689,0.02,-0.43,9.59
309790375,0.020166,-0.044037,-0.016624,0.09,-0.17,10.07
309791380,0.008448,-0.040841,-0.018755,-0.03,-0.15,9.83
309792390,0.009513,-0.024861,-0.020885,0.11,-0.37,9.55
309793400,0.009513,-0.019535,-0.019820,0.17,0.05,10.06
309794410,-0.027772,-0.003556,-0.024081,-0.07,-0.26,9.61
309795422,-0.044816,0.026272,-0.025146,0.24,-0.38,9.21
309796430,-0.024576,0.028403,-0.020885,0.22,0.24,10.22
309797440,-0.039490,0.033729,-0.020885,-0.11,-0.39,9.78
