time_us,gyro_x_rad_s,gyro_y_rad_s,gyro_z_rad_s,acc_x_m_s2,acc_y_m_s2,acc_z_m_s2,temperature_c,gyro_sensor_uncorrected_x_rad_s,gyro_sensor_uncorrected_y_rad_s,gyro_sensor_uncorrected_z_rad_s
609312037,0.003211,-0.002297,-0.000845,0.02,-0.31,9.82,33.65,0.026632,0.036220,-0.001065
609313129,0.002146,-0.001232,0.000220,0.01,-0.32,9.85,33.66,0.025567,0.035154,0.000000
609313736,0.001080,-0.000167,0.002351,0.01,-0.30,9.80,33.71,0.024501,0.034089,0.002131
609315325,0.001080,-0.000167,0.003416,0.03,-0.29,9.78,33.68,0.024501,0.034089,0.003196
609316348,0.000015,-0.000167,0.003416,0.04,-0.29,9.81,33.68,0.024501,0.033024,0.003196
609317354,0.001080,-0.002297,0.003416,0.03,-0.28,9.80,33.69,0.026632,0.034089,0.003196
609318364,0.001080,-0.004428,0.002351,0.01,-0.28,9.82,33.69,0.028763,0.034089,0.002131
609319374,0.002146,-0.003363,0.001285,0.00,-0.28,9.85,33.69,0.027697,0.035154,0.001065
609320408,0.002146,-0.000167,0.000220,0.00,-0.28,9.81,33.66,0.024501,0.035154,0.000000
609321395,0.000015,-0.000167,-0.000845,0.00,-0.28,9.78,33.66,0.024501,0.033024,-0.001065
609322415,-0.002116,0.000898,-0.001910,0.04,-0.29,9.82,33.68,0.023436,0.030893,-0.002131
609323415,-0.003181,0.001964,-0.001910,0.05,-0.28,9.85,33.65,0.022371,0.029828,-0.002131
609324425,-0.003181,0.003029,-0.000845,0.02,-0.29,9.84,33.66,0.021306,0.029828,-0.001065
609325442,0.000015,0.001964,0.001285,0.00,-0.30,9.83,33.64,0.022371,0.033024,0.001065
609326445,0.004276,0.000898,0.001285,0.00,-0.26,9.84,33.66,0.023436,0.037285,0.001065
609327455,0.003211,0.000898,-0.000845,0.00,-0.27,9.86,33.67,0.023436,0.036220,-0.001065
609328465,0.000015,0.001964,-0.001910,0.02,-0.30,9.85,33.68,0.022371,0.033024,-0.002131
609329475,-0.001050,0.000898,-0.001910,0.01,-0.30,9.80,33.67,0.023436,0.031958,-0.002131
609330505,-0.001050,-0.001232,0.000220,0.00,-0.28,9.81,33.68,0.025567,0.031958,0.000000
609331494,-0.002116,-0.002297,0.002351,0.04,-0.25,9.85,33.70,0.026632,0.030893,0.002131
609332513,-0.002116,-0.002297,0.003416,0.02,-0.26,9.83,33.71,0.026632,0.030893,0.003196
609333514,0.000015,-0.001232,0.000220,0.02,-0.28,9.81,33.70,0.025567,0.033024,0.000000
609334524,0.002146,-0.001232,-0.002976,0.03,-0.27,9.82,33.70,0.025567,0.035154,-0.003196
609335543,0.002146,-0.002297,-0.004041,0.03,-0.27,9.82,33.73,0.026632,0.035154,-0.004261
609336544,0.001080,-0.002297,-0.002976,0.02,-0.31,9.80,33.71,0.026632,0.034089,-0.003196
609337554,-0.001050,-0.000167,-0.001910,0.01,-0.31,9.81,33.66,0.024501,0.031958,-0.002131
609338564,-0.001050,-0.002297,0.000220,0.02,-0.30,9.81,33.68,0.026632,0.031958,0.000000
609339574,0.000015,-0.001232,0.000220,0.03,-0.27,9.79,33.71,0.025567,0.033024,0.000000
609340606,-0.001050,0.001964,0.000220,0.03,-0.27,9.77,33.70,0.022371,0.031958,0.000000
609341605,-0.002116,0.001964,0.001285,0.06,-0.30,9.81,33.68,0.022371,0.030893,0.001065
609342605,-0.001050,-0.000167,0.001285,0.04,-0.29,9.82,33.67,0.024501,0.031958,0.001065
609343615,0.000015,-0.001232,0.001285,0.02,-0.26,9.78,33.71,0.025567,0.033024,0.001065
609344625,-0.001050,-0.002297,0.000220,0.02,-0.26,9.80,33.70,0.026632,0.031958,0.000000
609345642,-0.002116,-0.004428,0.000220,0.03,-0.26,9.83,33.73,0.028763,0.030893,0.000000
609346645,-0.002116,-0.005493,0.000220,0.02,-0.26,9.81,33.71,0.029828,0.030893,0.000000
609347655,-0.002116,-0.002297,0.001285,0.02,-0.27,9.78,33.70,0.026632,0.030893,0.001065
609348665,-0.003181,0.000898,0.001285,0.01,-0.29,9.76,33.71,0.023436,0.029828,0.001065
609349675,-0.002116,0.001964,0.000220,-0.01,-0.31,9.78,33.69,0.022371,0.030893,0.000000
609350705,0.000015,0.000898,-0.001910,0.02,-0.31,9.83,33.69,0.023436,0.033024,-0.002131
609351704,-0.001050,-0.001232,-0.001910,0.02,-0.26,9.87,33.67,0.025567,0.031958,-0.002131
609352704,-0.005311,-0.003363,-0.000845,0.01,-0.24,9.89,33.65,0.027697,0.027697,-0.001065
609353714,-0.001050,-0.001232,0.000220,0.03,-0.28,9.79,33.65,0.025567,0.031958,0.000000
609354734,0.001080,-0.001232,-0.000845,0.01,-0.30,9.81,33.65,0.025567,0.034089,-0.001065
609355743,0.000015,-0.001232,-0.002976,0.00,-0.31,9.81,33.69,0.025567,0.033024,-0.003196
609356744,0.000015,0.000898,-0.002976,0.01,-0.29,9.82,33.67,0.023436,0.033024,-0.003196
609357754,-0.001050,0.001964,-0.001910,0.04,-0.30,9.82,33.69,0.022371,0.031958,-0.002131
609358764,-0.001050,0.000898,0.000220,0.03,-0.31,9.83,33.69,0.023436,0.031958,0.000000
609359774,-0.001050,-0.000167,0.001285,0.00,-0.33,9.86,33.69,0.024501,0.031958,0.001065
609360806,-0.001050,0.000898,0.001285,-0.01,-0.33,9.82,33.73,0.023436,0.031958,0.001065
609361852,-0.001050,0.000898,0.001285,0.02,-0.30,9.82,33.68,0.023436,0.031958,0.001065
609362805,0.000015,-0.001232,0.000220,0.04,-0.27,9.83,33.71,0.025567,0.033024,0.000000
609363849,0.002146,-0.001232,-0.000845,0.04,-0.27,9.79,33.68,0.025567,0.035154,-0.001065
609364825,0.002146,0.000898,-0.000845,0.02,-0.30,9.82,33.69,0.023436,0.035154,-0.001065
609365842,-0.002116,0.001964,-0.000845,0.03,-0.28,9.86,33.70,0.022371,0.030893,-0.001065
609366845,-0.003181,-0.000167,-0.000845,0.05,-0.26,9.79,33.69,0.024501,0.029828,-0.001065
609367855,-0.002116,-0.002297,-0.000845,0.03,-0.28,9.79,33.68,0.026632,0.030893,-0.001065
609368865,0.000015,-0.003363,-0.000845,0.03,-0.29,9.85,33.67,0.027697,0.033024,-0.001065
609369888,0.000015,-0.003363,0.000220,0.04,-0.28,9.82,33.65,0.027697,0.033024,0.000000
609370892,-0.002116,-0.005493,0.001285,0.01,-0.28,9.83,33.68,0.029828,0.030893,0.001065
609371903,-0.002116,-0.004428,-0.000845,-0.01,-0.24,9.82,33.65,0.028763,0.030893,-0.001065
609372904,-0.001050,-0.000167,-0.001910,-0.01,-0.24,9.80,33.66,0.024501,0.031958,-0.002131
609373914,0.001080,0.003029,-0.000845,-0.03,-0.29,9.82,33.65,0.021306,0.034089,-0.001065
609374924,0.002146,0.003029,0.000220,-0.02,-0.28,9.86,33.69,0.021306,0.035154,0.000000
609375943,0.003211,0.001964,-0.000845,0.06,-0.28,9.85,33.65,0.022371,0.036220,-0.001065
609376944,0.001080,0.000898,0.000220,0.04,-0.30,9.81,33.69,0.023436,0.034089,0.000000
609377955,0.000015,-0.000167,0.000220,-0.01,-0.27,9.80,33.70,0.024501,0.033024,0.000000
609378966,0.000015,0.000898,-0.000845,0.01,-0.28,9.79,33.68,0.023436,0.033024,-0.001065
609379995,0.001080,-0.000167,0.000220,0.03,-0.28,9.81,33.69,0.024501,0.034089,0.000000
609380999,-0.001050,-0.000167,0.002351,0.01,-0.29,9.82,33.69,0.024501,0.031958,0.002131
609382011,-0.002116,-0.000167,0.001285,0.04,-0.29,9.81,33.70,0.024501,0.030893,0.001065
609383011,-0.004246,0.001964,-0.000845,0.05,-0.26,9.78,33.73,0.022371,0.028763,-0.001065
609384030,-0.002116,0.001964,0.001285,0.04,-0.27,9.79,33.70,0.022371,0.030893,0.001065
609385035,0.001080,0.003029,0.003416,0.04,-0.26,9.81,33.69,0.021306,0.034089,0.003196
609386057,0.003211,0.003029,0.003416,0.01,-0.24,9.82,33.65,0.021306,0.036220,0.003196
609387063,0.003211,0.001964,0.004481,0.00,-0.24,9.84,33.68,0.022371,0.036220,0.004261
609388069,0.001080,0.000898,0.005547,0.02,-0.25,9.80,33.68,0.023436,0.034089,0.005326
609389081,0.000015,-0.000167,0.002351,0.01,-0.27,9.78,33.70,0.024501,0.033024,0.002131
609390104,0.001080,-0.001232,-0.001910,0.01,-0.26,9.81,33.73,0.025567,0.034089,-0.002131
609391105,0.003211,-0.000167,-0.002976,0.03,-0.26,9.82,33.72,0.024501,0.036220,-0.003196
609392119,0.003211,0.000898,-0.000845,0.03,-0.30,9.83,33.67,0.023436,0.036220,-0.001065
609393114,0.003211,-0.001232,0.000220,0.00,-0.30,9.86,33.67,0.025567,0.036220,0.000000
609394123,0.003211,-0.001232,-0.001910,0.02,-0.28,9.84,33.66,0.025567,0.036220,-0.002131
609395133,0.001080,-0.001232,-0.000845,0.01,-0.28,9.81,33.71,0.025567,0.034089,-0.001065
609396148,0.000015,-0.002297,0.001285,0.01,-0.26,9.84,33.69,0.026632,0.033024,0.001065
609397150,0.001080,-0.003363,0.001285,0.01,-0.27,9.84,33.69,0.027697,0.034089,0.001065
609398157,0.001080,-0.002297,-0.001910,0.03,-0.28,9.82,33.70,0.026632,0.034089,-0.002131
609399168,0.000015,-0.000167,-0.001910,0.04,-0.27,9.82,33.72,0.024501,0.033024,-0.002131
609400193,-0.001050,0.000898,-0.002976,0.03,-0.28,9.80,33.72,0.023436,0.031958,-0.003196
609401196,-0.001050,0.000898,-0.001910,0.00,-0.29,9.81,33.72,0.023436,0.031958,-0.002131
609402210,-0.002116,-0.000167,-0.000845,-0.01,-0.26,9.83,33.72,0.024501,0.030893,-0.001065
609403208,-0.002116,-0.001232,0.000220,0.01,-0.28,9.81,33.68,0.025567,0.030893,0.000000
609404217,-0.001050,-0.001232,0.001285,0.00,-0.27,9.79,33.66,0.025567,0.031958,0.001065
609405225,-0.003181,-0.001232,0.002351,0.03,-0.25,9.85,33.71,0.025567,0.029828,0.002131
609406242,-0.005311,-0.000167,0.002351,0.04,-0.28,9.85,33.72,0.024501,0.027697,0.002131
609407245,-0.003181,-0.000167,0.001285,0.01,-0.31,9.83,33.70,0.024501,0.029828,0.001065
609408255,-0.002116,0.000898,0.000220,0.00,-0.30,9.80,33.70,0.023436,0.030893,0.000000
609409265,-0.001050,0.001964,-0.000845,0.03,-0.28,9.75,33.71,0.022371,0.031958,-0.001065
609410288,0.000015,0.000898,0.000220,0.04,-0.28,9.77,33.65,0.023436,0.033024,0.000000
609411292,0.000015,0.001964,0.001285,0.04,-0.28,9.78,33.66,0.022371,0.033024,0.001065
609412304,0.000015,0.001964,0.002351,0.02,-0.28,9.81,33.69,0.022371,0.033024,0.002131
609413304,0.001080,-0.000167,0.001285,0.01,-0.31,9.88,33.68,0.024501,0.034089,0.001065
609414314,0.001080,-0.001232,0.000220,0.02,-0.30,9.86,33.67,0.025567,0.034089,0.000000
609415324,-0.001050,-0.000167,0.001285,0.01,-0.29,9.84,33.67,0.024501,0.031958,0.001065
609416343,-0.002116,-0.001232,0.000220,0.03,-0.30,9.83,33.68,0.025567,0.030893,0.000000
609417344,-0.001050,-0.002297,0.000220,0.02,-0.29,9.82,33.71,0.026632,0.031958,0.000000
609418354,0.001080,-0.001232,0.001285,0.00,-0.28,9.83,33.73,0.025567,0.034089,0.001065
609419364,0.001080,0.000898,0.002351,0.02,-0.25,9.86,33.73,0.023436,0.034089,0.002131
609420389,0.000015,0.001964,0.003416,0.04,-0.26,9.84,33.71,0.022371,0.033024,0.003196
609421393,0.000015,-0.000167,0.001285,0.05,-0.28,9.79,33.72,0.024501,0.033024,0.001065
609422405,0.001080,-0.002297,-0.000845,0.06,-0.28,9.81,33.71,0.026632,0.034089,-0.001065
609423433,0.001107,-0.001197,-0.001915,0.08,-0.28,9.83,33.71,0.025567,0.034089,-0.002131
609424415,0.001107,0.000934,-0.002980,0.04,-0.24,9.84,33.74,0.023436,0.034089,-0.003196
609425425,0.000042,-0.000132,-0.001915,0.02,-0.21,9.85,33.70,0.024501,0.033024,-0.002131
609426442,-0.001023,-0.000132,-0.001915,0.04,-0.25,9.83,33.71,0.024501,0.031958,-0.002131
609427445,0.000042,0.000934,-0.002980,0.01,-0.31,9.84,33.71,0.023436,0.033024,-0.003196
609428455,0.000042,0.001999,-0.001915,0.00,-0.29,9.80,33.71,0.022371,0.033024,-0.002131
609429465,0.000042,0.001999,-0.000850,0.02,-0.27,9.79,33.70,0.022371,0.033024,-0.001065
609430488,0.000042,0.000934,0.000216,0.04,-0.29,9.84,33.70,0.023436,0.033024,0.000000
609431492,-0.001023,0.004129,-0.000850,0.01,-0.28,9.85,33.67,0.020240,0.031958,-0.001065
609432503,-0.003154,0.005195,-0.000850,0.01,-0.31,9.82,33.68,0.019175,0.029828,-0.001065
609433504,-0.003154,0.003064,-0.000850,0.04,-0.29,9.82,33.71,0.021306,0.029828,-0.001065
609434514,-0.001023,-0.000132,0.000216,0.03,-0.23,9.82,33.73,0.024501,0.031958,0.000000
609435524,0.001107,-0.001197,0.000216,0.04,-0.22,9.77,33.69,0.025567,0.034089,0.000000
609436543,0.003238,0.000934,0.001281,0.02,-0.24,9.79,33.69,0.023436,0.036220,0.001065
609437544,0.003238,0.003064,0.001281,0.01,-0.26,9.85,33.71,0.021306,0.036220,0.001065
609438554,0.000042,0.000934,0.000216,0.02,-0.26,9.86,33.71,0.023436,0.033024,0.000000
609439564,-0.001023,-0.000132,-0.001915,0.01,-0.30,9.84,33.73,0.024501,0.031958,-0.002131
609440589,0.001107,-0.000132,-0.000850,0.00,-0.33,9.84,33.70,0.024501,0.034089,-0.001065
609441593,0.002173,-0.000132,-0.000850,-0.01,-0.30,9.83,33.69,0.024501,0.035154,-0.001065
609442607,0.002173,-0.002262,-0.001915,0.00,-0.27,9.79,33.70,0.026632,0.035154,-0.002131
609443605,0.003238,-0.001197,-0.001915,0.01,-0.27,9.77,33.70,0.025567,0.036220,-0.002131
609444615,0.003238,0.000934,0.001281,0.02,-0.28,9.78,33.69,0.023436,0.036220,0.001065
609445625,0.002173,0.001999,0.002346,-0.01,-0.27,9.83,33.70,0.022371,0.035154,0.002131
609446642,0.002173,0.001999,0.003412,-0.02,-0.25,9.86,33.70,0.022371,0.035154,0.003196
609447645,0.001107,0.000934,0.001281,0.00,-0.25,9.84,33.69,0.023436,0.034089,0.001065
609448655,0.001107,-0.001197,0.001281,0.00,-0.27,9.85,33.71,0.025567,0.034089,0.001065
609449665,0.001107,-0.003328,0.000216,-0.01,-0.28,9.78,33.71,0.027697,0.034089,0.000000
609450675,0.002173,-0.003328,-0.000850,-0.02,-0.29,9.76,33.66,0.027697,0.035154,-0.001065
609451704,0.003238,-0.001197,0.000216,0.02,-0.30,9.84,33.70,0.025567,0.036220,0.000000
609452695,0.003238,-0.000132,-0.000850,0.04,-0.29,9.79,33.68,0.024501,0.036220,-0.001065
609453705,-0.002088,0.003064,-0.004045,0.03,-0.24,9.78,33.68,0.021306,0.030893,-0.004261
609454715,0.000042,0.003064,-0.004045,0.04,-0.27,9.82,33.70,0.021306,0.033024,-0.004261
609455725,0.001107,0.000934,-0.002980,0.02,-0.30,9.82,33.72,0.023436,0.034089,-0.003196
609456744,0.001107,-0.000132,-0.001915,0.03,-0.30,9.82,33.68,0.024501,0.034089,-0.002131
609457745,0.001107,-0.000132,-0.001915,0.03,-0.29,9.78,33.72,0.024501,0.034089,-0.002131
609458755,0.000042,-0.001197,-0.001915,0.02,-0.28,9.78,33.71,0.025567,0.033024,-0.002131
609459765,0.001107,-0.002262,-0.000850,0.02,-0.28,9.82,33.67,0.026632,0.034089,-0.001065
609460775,0.002173,-0.004393,0.000216,0.01,-0.26,9.84,33.68,0.028763,0.035154,0.000000
609461802,0.000042,-0.003328,0.000216,0.00,-0.29,9.82,33.68,0.027697,0.033024,0.000000
609462795,-0.004219,-0.000132,-0.000850,-0.01,-0.29,9.81,33.69,0.024501,0.028763,-0.001065
609463841,-0.004219,-0.001197,0.000216,-0.01,-0.27,9.77,33.69,0.025567,0.028763,0.000000
609464815,-0.001023,-0.000132,-0.000850,0.00,-0.27,9.79,33.69,0.024501,0.031958,-0.001065
609465825,0.000042,0.000934,-0.002980,0.04,-0.29,9.81,33.72,0.023436,0.033024,-0.003196
609466842,0.000042,0.000934,-0.000850,0.04,-0.30,9.79,33.72,0.023436,0.033024,-0.001065
609467845,0.000042,0.001999,0.002346,0.01,-0.28,9.83,33.71,0.022371,0.033024,0.002131
609468855,0.001107,0.004129,0.003412,-0.02,-0.28,9.82,33.66,0.020240,0.034089,0.003196
609469865,0.002173,0.006260,0.002346,-0.02,-0.31,9.78,33.68,0.018110,0.035154,0.002131
609470875,0.002173,0.004129,0.001281,0.00,-0.32,9.80,33.70,0.020240,0.035154,0.001065
609471902,0.001107,-0.000132,-0.000850,0.02,-0.29,9.78,33.74,0.024501,0.034089,-0.001065
609472895,0.000042,-0.002262,-0.001915,0.03,-0.26,9.80,33.74,0.026632,0.033024,-0.002131
609473905,-0.002088,-0.003328,-0.001915,0.03,-0.27,9.82,33.75,0.027697,0.030893,-0.002131
609474915,-0.002088,-0.004393,0.000216,0.03,-0.26,9.82,33.73,0.028763,0.030893,0.000000
609475925,0.000042,-0.002262,0.003412,0.01,-0.26,9.80,33.74,0.026632,0.033024,0.003196
609476944,0.002173,-0.002262,0.004477,-0.03,-0.27,9.80,33.67,0.026632,0.035154,0.004261
609477945,0.001107,-0.001197,0.002346,-0.04,-0.30,9.84,33.70,0.025567,0.034089,0.002131
609478957,-0.002088,-0.000132,-0.000850,-0.01,-0.33,9.84,33.68,0.024501,0.030893,-0.001065
609479966,-0.002088,-0.001197,0.000216,-0.01,-0.30,9.86,33.69,0.025567,0.030893,0.000000
609480978,-0.001023,-0.001197,0.002346,-0.03,-0.29,9.81,33.67,0.025567,0.031958,0.002131
609482007,0.000042,0.000934,0.004477,-0.01,-0.29,9.80,33.71,0.023436,0.033024,0.004261
609483002,0.001107,0.001999,0.002346,0.01,-0.28,9.85,33.73,0.022371,0.034089,0.002131
609484012,0.001107,0.003064,-0.000850,0.02,-0.30,9.85,33.72,0.021306,0.034089,-0.001065
609485022,0.002173,0.001999,0.001281,0.06,-0.29,9.78,33.73,0.022371,0.035154,0.001065
609486031,0.002173,-0.000132,0.003412,0.06,-0.28,9.78,33.75,0.024501,0.035154,0.003196
609487056,0.001107,-0.003328,0.001281,0.03,-0.24,9.84,33.75,0.027697,0.034089,0.001065
609488059,0.000042,-0.004393,-0.001915,0.02,-0.25,9.83,33.70,0.028763,0.033024,-0.002131
609489070,0.000042,-0.004393,-0.001915,0.02,-0.28,9.82,33.68,0.028763,0.033024,-0.002131
609490076,-0.001023,-0.002262,0.000216,0.03,-0.30,9.83,33.69,0.026632,0.031958,0.000000
609491088,-0.001023,-0.000132,0.001281,0.03,-0.28,9.84,33.70,0.024501,0.031958,0.001065
609492114,0.000042,0.001999,0.000216,0.01,-0.28,9.83,33.69,0.022371,0.033024,0.000000
609493107,0.000042,0.003064,-0.000850,-0.01,-0.29,9.78,33.70,0.021306,0.033024,-0.001065
609494115,0.000042,0.001999,0.002346,0.03,-0.29,9.83,33.70,0.022371,0.033024,0.002131
609495128,0.000042,0.001999,0.003412,0.02,-0.32,9.84,33.68,0.022371,0.033024,0.003196
609496139,0.001107,0.003064,0.002346,0.00,-0.31,9.83,33.66,0.021306,0.034089,0.002131
609497150,0.001107,0.003064,0.001281,0.02,-0.30,9.89,33.72,0.021306,0.034089,0.001065
609498151,0.000042,-0.000132,0.000216,0.03,-0.30,9.92,33.74,0.024501,0.033024,0.000000
609499158,-0.001023,-0.002262,0.000216,0.02,-0.30,9.87,33.67,0.026632,0.031958,0.000000
609500168,-0.003154,-0.001197,0.000216,0.00,-0.31,9.81,33.68,0.025567,0.029828,0.000000
609501175,-0.002088,-0.000132,-0.000850,0.02,-0.32,9.76,33.68,0.024501,0.030893,-0.001065
609502207,0.000042,0.000934,-0.001915,0.02,-0.28,9.75,33.68,0.023436,0.033024,-0.002131
609503199,0.001107,0.000934,-0.001915,0.04,-0.25,9.79,33.70,0.023436,0.034089,-0.002131
609504208,0.000042,-0.000132,-0.001915,0.05,-0.29,9.82,33.69,0.024501,0.033024,-0.002131
609505217,-0.004219,-0.001197,0.000216,0.00,-0.28,9.85,33.65,0.025567,0.028763,0.000000
609506225,-0.004219,-0.004393,0.001281,0.00,-0.25,9.82,33.71,0.028763,0.028763,0.001065
609507242,-0.001023,-0.003328,0.001281,0.00,-0.28,9.78,33.72,0.027697,0.031958,0.001065
609508245,0.001107,0.000934,0.001281,0.03,-0.32,9.80,33.70,0.023436,0.034089,0.001065
609509255,0.002173,0.001999,0.001281,0.04,-0.28,9.80,33.70,0.022371,0.035154,0.001065
609510265,0.001107,-0.000132,0.000216,0.02,-0.24,9.82,33.71,0.024501,0.034089,0.000000
609511275,0.001107,-0.002262,0.000216,0.03,-0.29,9.83,33.72,0.026632,0.034089,0.000000
609512302,0.000042,-0.001197,0.002346,0.01,-0.31,9.80,33.71,0.025567,0.033024,0.002131
609513295,-0.002088,0.000934,0.002346,-0.01,-0.30,9.78,33.68,0.023436,0.030893,0.002131
609514305,-0.002088,0.003064,0.000216,0.02,-0.29,9.79,33.68,0.021306,0.030893,0.000000
609515315,-0.001023,0.003064,-0.002980,0.01,-0.30,9.78,33.64,0.021306,0.031958,-0.003196
609516325,0.000042,0.003064,-0.002980,0.00,-0.29,9.77,33.63,0.021306,0.033024,-0.003196
609517344,-0.001023,0.003064,-0.000850,0.00,-0.26,9.82,33.65,0.021306,0.031958,-0.001065
609518345,0.000042,-0.000132,0.001281,0.01,-0.30,9.86,33.68,0.024501,0.033024,0.001065
609519355,0.002173,-0.003328,0.002346,0.01,-0.29,9.87,33.72,0.027697,0.035154,0.002131
609520365,0.001107,-0.004393,0.001281,0.01,-0.25,9.82,33.71,0.028763,0.034089,0.001065
609521375,-0.001023,-0.003328,0.000216,0.03,-0.27,9.80,33.70,0.027697,0.031958,0.000000
609522404,-0.001023,-0.001197,-0.000850,0.04,-0.28,9.81,33.68,0.025567,0.031958,-0.001065
609523395,0.000042,0.000934,-0.000850,0.04,-0.31,9.80,33.68,0.023436,0.033024,-0.001065
609524405,0.001107,0.000934,-0.000850,0.04,-0.30,9.81,33.74,0.023436,0.034089,-0.001065
609525415,0.000042,-0.000132,0.000216,0.03,-0.27,9.80,33.73,0.024501,0.033024,0.000000
609526425,0.000042,-0.000132,-0.000850,0.03,-0.24,9.81,33.71,0.024501,0.033024,-0.001065
609527442,-0.002088,0.000934,-0.002980,0.05,-0.24,9.79,33.70,0.023436,0.030893,-0.003196
609528445,-0.002088,0.000934,-0.004045,0.03,-0.28,9.77,33.74,0.023436,0.030893,-0.004261
609529455,-0.002088,-0.000132,-0.001915,-0.01,-0.27,9.78,33.74,0.024501,0.030893,-0.002131
609530465,-0.001023,0.000934,0.000216,-0.02,-0.27,9.78,33.73,0.023436,0.031958,0.000000
609531475,0.001107,0.000934,0.001281,-0.02,-0.29,9.81,33.71,0.023436,0.034089,0.001065
609532504,0.002173,-0.001197,0.002346,-0.01,-0.29,9.81,33.69,0.025567,0.035154,0.002131
609533495,0.003238,-0.002262,0.002346,-0.02,-0.27,9.78,33.72,0.026632,0.036220,0.002131
609534505,0.003238,-0.001197,0.001281,-0.03,-0.27,9.78,33.67,0.025567,0.036220,0.001065
609535515,0.003238,0.001999,-0.000850,-0.01,-0.28,9.78,33.71,0.022371,0.036220,-0.001065
609536525,0.002173,0.003064,-0.000850,0.02,-0.26,9.78,33.71,0.021306,0.035154,-0.001065
609537544,0.002173,-0.001197,0.002346,0.01,-0.27,9.83,33.70,0.025567,0.035154,0.002131
609538545,0.003238,-0.003328,0.005542,0.00,-0.28,9.84,33.67,0.027697,0.036220,0.005326
609539555,0.003238,-0.003328,0.004477,0.01,-0.30,9.79,33.66,0.027697,0.036220,0.004261
609540565,0.001107,-0.003328,0.001281,0.03,-0.28,9.81,33.68,0.027697,0.034089,0.001065
609541575,-0.001023,-0.003328,-0.001915,0.05,-0.25,9.87,33.68,0.027697,0.031958,-0.002131
609542602,-0.002088,-0.003328,-0.001915,0.03,-0.29,9.82,33.70,0.027697,0.030893,-0.002131
609543595,-0.002088,-0.003328,0.000216,-0.01,-0.29,9.76,33.74,0.027697,0.030893,0.000000
609544605,0.000042,-0.002262,0.000216,0.01,-0.25,9.79,33.69,0.026632,0.033024,0.000000
609545615,0.000042,0.001999,0.000216,0.03,-0.27,9.82,33.69,0.022371,0.033024,0.000000
609546625,-0.001023,0.003064,0.001281,0.02,-0.28,9.82,33.71,0.021306,0.031958,0.001065
609547642,-0.001023,0.001999,0.001281,0.02,-0.29,9.82,33.67,0.022371,0.031958,0.001065
609548645,0.000042,0.001999,0.001281,0.04,-0.28,9.86,33.65,0.022371,0.033024,0.001065
609549655,0.001107,0.000934,0.002346,0.05,-0.28,9.85,33.67,0.023436,0.034089,0.002131
609550665,0.000042,-0.000132,0.002346,0.05,-0.29,9.83,33.70,0.024501,0.033024,0.002131
609551687,0.000042,-0.001197,0.001281,0.05,-0.29,9.85,33.69,0.025567,0.033024,0.001065
609552716,0.001078,-0.002258,-0.000867,0.04,-0.30,9.89,33.70,0.026632,0.034089,-0.001065
609553695,0.000013,-0.002258,-0.000867,0.03,-0.26,9.87,33.68,0.026632,0.033024,-0.001065
609554705,-0.001052,-0.000128,-0.000867,-0.01,-0.28,9.79,33.71,0.024501,0.031958,-0.001065
609555715,0.001078,-0.000128,0.000199,0.01,-0.26,9.78,33.69,0.024501,0.034089,0.000000
609556725,0.002144,0.000937,0.001264,0.04,-0.28,9.78,33.69,0.023436,0.035154,0.001065
609557743,0.002144,0.003068,0.001264,0.03,-0.31,9.82,33.69,0.021306,0.035154,0.001065
609558745,0.001078,0.002003,0.000199,0.04,-0.26,9.84,33.71,0.022371,0.034089,0.000000
609559779,0.000013,-0.000128,0.000199,0.03,-0.23,9.84,33.67,0.024501,0.033024,0.000000
609560765,0.000013,-0.001193,0.000199,-0.01,-0.28,9.81,33.67,0.025567,0.033024,0.000000
609561784,0.001078,-0.003324,-0.000867,0.02,-0.28,9.81,33.69,0.027697,0.034089,-0.001065
609562794,0.000013,-0.003324,0.001264,0.02,-0.28,9.83,33.74,0.027697,0.033024,0.001065
609563795,-0.001052,-0.002258,0.001264,0.01,-0.28,9.83,33.72,0.026632,0.031958,0.001065
609564805,-0.001052,-0.000128,0.000199,0.02,-0.28,9.78,33.69,0.024501,0.031958,0.000000
609565815,-0.002117,-0.000128,0.000199,0.01,-0.30,9.72,33.70,0.024501,0.030893,0.000000
609566825,-0.002117,-0.000128,0.001264,0.00,-0.31,9.79,33.69,0.024501,0.030893,0.001065
609567841,-0.001052,-0.000128,0.002329,-0.01,-0.32,9.82,33.71,0.024501,0.031958,0.002131
609568845,0.001078,-0.001193,0.001264,0.01,-0.28,9.80,33.72,0.025567,0.034089,0.001065
609569855,0.000013,-0.000128,0.001264,-0.01,-0.27,9.79,33.66,0.024501,0.033024,0.001065
609570865,-0.002117,0.002003,0.000199,-0.01,-0.28,9.78,33.71,0.022371,0.030893,0.000000
609571885,-0.002117,0.002003,0.000199,0.02,-0.30,9.77,33.76,0.022371,0.030893,0.000000
609572894,0.000013,-0.000128,-0.000867,0.02,-0.29,9.75,33.70,0.024501,0.033024,-0.001065
609573895,-0.002117,-0.001193,0.000199,0.01,-0.29,9.80,33.67,0.025567,0.030893,0.000000
609574905,-0.002117,-0.001193,0.000199,0.00,-0.29,9.85,33.66,0.025567,0.030893,0.000000
609575915,-0.002117,-0.001193,0.000199,0.00,-0.29,9.89,33.65,0.025567,0.030893,0.000000
609576925,-0.001052,-0.000128,0.000199,-0.02,-0.30,9.92,33.63,0.024501,0.031958,0.000000
609577943,0.001078,0.000937,0.001264,-0.02,-0.27,9.83,33.65,0.023436,0.034089,0.001065
609578945,0.002144,-0.000128,0.002329,0.01,-0.27,9.79,33.69,0.024501,0.035154,0.002131
609579956,0.000013,-0.001193,0.003395,0.00,-0.25,9.87,33.65,0.025567,0.033024,0.003196
609580966,-0.002117,-0.000128,0.003395,0.01,-0.23,9.85,33.66,0.024501,0.030893,0.003196
609581990,-0.001052,0.002003,0.001264,0.04,-0.25,9.81,33.63,0.022371,0.031958,0.001065
609582999,0.000013,0.002003,0.000199,0.04,-0.28,9.82,33.68,0.022371,0.033024,0.000000
609584002,0.003209,-0.000128,0.001264,0.03,-0.29,9.83,33.72,0.024501,0.036220,0.001065
609585011,0.004274,-0.003324,0.001264,-0.01,-0.28,9.87,33.75,0.027697,0.037285,0.001065
609586022,0.001078,-0.004389,0.002329,-0.02,-0.31,9.82,33.73,0.028763,0.034089,0.002131
609587034,-0.003183,-0.003324,0.002329,0.01,-0.32,9.80,33.70,0.027697,0.029828,0.002131
609588057,-0.001052,-0.001193,0.001264,0.04,-0.27,9.82,33.69,0.025567,0.031958,0.001065
609589063,0.002144,0.000937,0.002329,0.03,-0.26,9.78,33.69,0.023436,0.035154,0.002131
609590069,0.002144,0.000937,0.003395,0.01,-0.29,9.79,33.71,0.023436,0.035154,0.003196
609591075,0.002144,-0.000128,0.003395,0.01,-0.29,9.81,33.66,0.024501,0.035154,0.003196
609592102,0.002144,0.000937,0.002329,0.02,-0.27,9.79,33.65,0.023436,0.035154,0.002131
609593106,0.001078,0.000937,0.002329,0.01,-0.30,9.82,33.64,0.023436,0.034089,0.002131
609594108,0.000013,-0.000128,0.002329,-0.02,-0.31,9.86,33.65,0.024501,0.033024,0.002131
609595118,0.000013,-0.001193,0.002329,0.03,-0.29,9.84,33.65,0.025567,0.033024,0.002131
609596126,0.002144,-0.001193,0.002329,0.08,-0.27,9.82,33.67,0.025567,0.035154,0.002131
609597137,0.002144,-0.001193,0.000199,0.02,-0.28,9.82,33.68,0.025567,0.035154,0.000000
609598148,0.001078,-0.001193,-0.000867,-0.02,-0.30,9.77,33.68,0.025567,0.034089,-0.001065
609599151,0.000013,-0.000128,-0.000867,0.03,-0.27,9.72,33.65,0.024501,0.033024,-0.001065
609600158,0.000013,-0.000128,-0.000867,0.04,-0.25,9.77,33.63,0.024501,0.033024,-0.001065
609601168,0.003209,-0.001193,-0.000867,0.02,-0.25,9.84,33.66,0.025567,0.036220,-0.001065
609602184,0.004274,-0.001193,-0.001932,0.02,-0.26,9.86,33.63,0.025567,0.037285,-0.002131
609603197,0.003209,-0.001193,-0.000867,0.03,-0.28,9.82,33.62,0.025567,0.036220,-0.001065
609604199,0.003209,-0.001193,0.001264,0.03,-0.28,9.79,33.67,0.025567,0.036220,0.001065
609605208,0.002144,-0.000128,0.002329,0.02,-0.24,9.82,33.68,0.024501,0.035154,0.002131
609606217,0.003209,-0.000128,0.001264,0.00,-0.25,9.84,33.70,0.024501,0.036220,0.001065
609607225,0.002144,-0.001193,-0.000867,-0.01,-0.28,9.85,33.69,0.025567,0.035154,-0.001065
609608241,0.002144,-0.001193,-0.000867,0.02,-0.28,9.86,33.70,0.025567,0.035154,-0.001065
609609245,0.003209,-0.001193,0.001264,0.01,-0.29,9.86,33.68,0.025567,0.036220,0.001065
609610255,0.002144,-0.000128,0.001264,0.02,-0.30,9.86,33.68,0.024501,0.035154,0.001065
609611265,-0.001052,0.002003,0.001264,0.02,-0.27,9.83,33.74,0.022371,0.031958,0.001065
609612285,-0.002117,0.003068,0.001264,0.00,-0.26,9.83,33.71,0.021306,0.030893,0.001065
609613294,-0.001052,0.003068,0.002329,0.01,-0.26,9.85,33.69,0.021306,0.031958,0.002131
609614295,0.001078,0.002003,0.003395,0.00,-0.28,9.82,33.68,0.022371,0.034089,0.003196
609615305,0.002144,-0.000128,0.004460,0.00,-0.30,9.82,33.67,0.024501,0.035154,0.004261
609616315,0.002144,-0.003324,0.002329,0.00,-0.28,9.83,33.69,0.027697,0.035154,0.002131
609617325,0.001078,-0.003324,0.002329,0.00,-0.26,9.85,33.68,0.027697,0.034089,0.002131
609618343,0.001078,-0.001193,0.002329,0.00,-0.27,9.86,33.71,0.025567,0.034089,0.002131
609619345,0.000013,0.000937,0.000199,0.00,-0.27,9.82,33.70,0.023436,0.033024,0.000000
609620355,0.000013,-0.001193,-0.002997,0.02,-0.26,9.75,33.70,0.025567,0.033024,-0.003196
609621365,0.001078,-0.002258,-0.004062,0.03,-0.26,9.75,33.70,0.026632,0.034089,-0.004261
609622384,0.002144,-0.002258,-0.002997,0.02,-0.28,9.80,33.70,0.026632,0.035154,-0.003196
609623394,0.000013,-0.002258,-0.004062,0.02,-0.28,9.84,33.68,0.026632,0.033024,-0.004261
609624395,-0.002117,-0.002258,-0.002997,0.01,-0.27,9.82,33.68,0.026632,0.030893,-0.003196
609625405,-0.004248,-0.001193,-0.001932,0.00,-0.26,9.80,33.65,0.025567,0.028763,-0.002131
609626415,-0.004248,-0.001193,0.001264,0.00,-0.27,9.83,33.68,0.025567,0.028763,0.001065
609627425,-0.001052,-0.001193,0.004460,0.02,-0.28,9.85,33.69,0.025567,0.031958,0.004261
609628441,0.002144,-0.001193,0.003395,0.01,-0.27,9.77,33.72,0.025567,0.035154,0.003196
609629445,0.003209,-0.001193,0.000199,-0.02,-0.28,9.76,33.69,0.025567,0.036220,0.000000
609630455,0.002144,-0.001193,-0.000867,-0.01,-0.31,9.78,33.67,0.025567,0.035154,-0.001065
609631465,0.003209,-0.001193,0.000199,0.03,-0.28,9.78,33.66,0.025567,0.036220,0.000000
609632485,0.004274,-0.001193,0.000199,0.04,-0.25,9.80,33.68,0.025567,0.037285,0.000000
609633494,0.003209,-0.001193,0.000199,0.04,-0.27,9.82,33.72,0.025567,0.036220,0.000000
609634495,0.003209,-0.001193,0.000199,0.03,-0.29,9.81,33.72,0.025567,0.036220,0.000000
609635505,0.003209,-0.003324,-0.000867,0.02,-0.29,9.81,33.72,0.027697,0.036220,-0.001065
609636515,0.002144,-0.002258,-0.002997,0.03,-0.30,9.84,33.71,0.026632,0.035154,-0.003196
609637525,0.000013,0.000937,-0.000867,0.06,-0.33,9.85,33.71,0.023436,0.033024,-0.001065
609638543,-0.001052,0.002003,-0.000867,0.06,-0.31,9.88,33.72,0.022371,0.031958,-0.001065
609639545,-0.001052,-0.000128,0.000199,0.06,-0.28,9.86,33.70,0.024501,0.031958,0.000000
609640555,0.001078,-0.002258,-0.000867,0.02,-0.28,9.81,33.67,0.026632,0.034089,-0.001065
609641565,0.001078,-0.001193,0.000199,-0.02,-0.25,9.75,33.66,0.025567,0.034089,0.000000
609642584,-0.001052,0.000937,0.001264,-0.02,-0.26,9.76,33.67,0.023436,0.031958,0.001065
609643594,0.000013,0.000937,0.002329,-0.02,-0.31,9.84,33.65,0.023436,0.033024,0.002131
609644595,0.001078,0.000937,0.001264,0.00,-0.30,9.82,33.69,0.023436,0.034089,0.001065
609645605,0.001078,0.002003,-0.001932,0.00,-0.25,9.78,33.71,0.022371,0.034089,-0.002131
609646615,0.000013,0.003068,-0.005128,0.02,-0.24,9.80,33.71,0.021306,0.033024,-0.005326
609647625,0.000013,0.004133,-0.005128,0.01,-0.28,9.80,33.68,0.020240,0.033024,-0.005326
609648641,0.001078,0.000937,-0.001932,0.01,-0.33,9.80,33.68,0.023436,0.034089,-0.002131
609649645,0.000013,-0.000128,0.001264,0.03,-0.30,9.78,33.68,0.024501,0.033024,0.001065
609650655,0.000013,-0.000128,0.000199,0.02,-0.27,9.80,33.67,0.024501,0.033024,0.000000
609651674,0.001078,0.000937,-0.001932,0.02,-0.27,9.84,33.69,0.023436,0.034089,-0.002131
609652675,0.000013,0.000937,-0.001932,0.00,-0.28,9.84,33.69,0.023436,0.033024,-0.002131
609653694,-0.001052,-0.000128,-0.001932,0.02,-0.28,9.82,33.67,0.024501,0.031958,-0.002131
609654695,-0.001052,-0.002258,-0.002997,0.02,-0.26,9.81,33.70,0.026632,0.031958,-0.003196
609655705,-0.002117,-0.000128,-0.002997,0.04,-0.28,9.79,33.71,0.024501,0.030893,-0.003196
609656727,-0.001052,0.000937,-0.000867,0.02,-0.29,9.80,33.73,0.023436,0.031958,-0.001065
609657725,0.001078,0.002003,0.000199,0.00,-0.29,9.80,33.72,0.022371,0.034089,0.000000
609658743,0.002144,0.000937,-0.000867,-0.03,-0.30,9.83,33.72,0.023436,0.035154,-0.001065
609659745,0.001078,-0.001193,-0.002997,-0.02,-0.28,9.86,33.73,0.025567,0.034089,-0.003196
609660755,0.001078,-0.002258,-0.002997,0.00,-0.28,9.84,33.69,0.026632,0.034089,-0.003196
609661774,0.001078,-0.002258,-0.002997,0.02,-0.29,9.80,33.68,0.026632,0.034089,-0.003196
609662775,0.000013,-0.002258,-0.000867,0.03,-0.28,9.86,33.68,0.026632,0.033024,-0.001065
609663794,-0.001052,-0.002258,0.001264,0.01,-0.27,9.88,33.71,0.026632,0.031958,0.001065
609664795,-0.001052,-0.000128,0.003395,-0.03,-0.28,9.81,33.71,0.024501,0.031958,0.003196
609665805,0.000013,0.000937,0.003395,0.01,-0.29,9.80,33.71,0.023436,0.033024,0.003196
609666815,0.000013,-0.000128,0.001264,0.01,-0.26,9.80,33.71,0.024501,0.033024,0.001065
609667825,-0.001052,-0.002258,0.000199,0.00,-0.26,9.82,33.71,0.026632,0.031958,0.000000
609668858,-0.002117,-0.000128,0.001264,0.02,-0.28,9.82,33.72,0.024501,0.030893,0.001065
609669845,0.000013,0.000937,0.001264,0.02,-0.29,9.79,33.70,0.023436,0.033024,0.001065
609670855,0.001078,-0.000128,0.000199,0.01,-0.30,9.76,33.69,0.024501,0.034089,0.000000
609671875,-0.001052,-0.000128,0.000199,-0.01,-0.31,9.76,33.70,0.024501,0.031958,0.000000
609672875,-0.002117,0.000937,-0.000867,-0.01,-0.32,9.85,33.70,0.023436,0.030893,-0.001065
609673894,0.000013,0.003068,-0.000867,0.02,-0.30,9.88,33.68,0.021306,0.033024,-0.001065
609674895,0.002144,-0.000128,-0.000867,0.03,-0.30,9.87,33.72,0.024501,0.035154,-0.001065
609675905,0.002144,-0.002258,-0.001932,0.01,-0.30,9.85,33.71,0.026632,0.035154,-0.002131
609676915,0.002144,-0.001193,-0.001932,0.01,-0.28,9.84,33.69,0.025567,0.035154,-0.002131
609677925,0.003209,-0.001193,-0.001932,0.03,-0.30,9.79,33.68,0.025567,0.036220,-0.002131
609678943,0.002144,-0.002258,-0.002997,0.04,-0.30,9.79,33.71,0.026632,0.035154,-0.003196
609679945,0.001078,-0.000128,-0.000867,0.04,-0.31,9.82,33.70,0.024501,0.034089,-0.001065
609680957,0.002144,0.002003,0.000199,0.03,-0.30,9.80,33.67,0.022371,0.035154,0.000000
609682004,0.001011,0.002047,-0.000888,0.04,-0.29,9.81,33.71,0.022371,0.034089,-0.001065
609682978,-0.003250,0.000982,-0.001954,0.03,-0.30,9.80,33.70,0.023436,0.029828,-0.002131
609684001,-0.004316,-0.000083,-0.000888,0.03,-0.28,9.82,33.68,0.024501,0.028763,-0.001065
609685002,-0.002185,0.000982,0.000177,0.04,-0.26,9.80,33.74,0.023436,0.030893,0.000000
609686011,0.001011,0.003112,0.001242,0.03,-0.25,9.79,33.71,0.021306,0.034089,0.001065
609687022,0.001011,0.002047,0.000177,0.02,-0.25,9.81,33.70,0.022371,0.034089,0.000000
609688035,0.002076,-0.000083,-0.000888,0.00,-0.23,9.80,33.71,0.024501,0.035154,-0.001065
609689057,0.001011,-0.001149,-0.000888,0.01,-0.24,9.79,33.70,0.025567,0.034089,-0.001065
609690058,-0.001120,-0.001149,-0.000888,0.03,-0.29,9.77,33.70,0.025567,0.031958,-0.001065
609691070,-0.003250,-0.000083,0.000177,0.03,-0.29,9.79,33.67,0.024501,0.029828,0.000000
609692089,-0.005381,-0.000083,0.001242,0.03,-0.25,9.80,33.63,0.024501,0.027697,0.001065
609693088,-0.004316,-0.000083,0.001242,0.03,-0.27,9.81,33.67,0.024501,0.028763,0.001065
609694104,-0.002185,0.002047,-0.000888,0.00,-0.29,9.80,33.65,0.022371,0.030893,-0.001065
609695112,-0.001120,0.002047,-0.001954,0.00,-0.26,9.80,33.65,0.022371,0.031958,-0.002131
609696115,0.001011,0.000982,-0.001954,0.03,-0.26,9.86,33.70,0.023436,0.034089,-0.002131
609697125,-0.000055,-0.001149,-0.001954,0.02,-0.26,9.84,33.70,0.025567,0.033024,-0.002131
609698138,-0.000055,-0.002214,0.000177,0.01,-0.25,9.79,33.72,0.026632,0.033024,0.000000
609699148,0.002076,-0.001149,0.002307,0.00,-0.25,9.82,33.71,0.025567,0.035154,0.002131
609700151,0.002076,-0.000083,0.001242,0.00,-0.27,9.83,33.68,0.024501,0.035154,0.001065
609701158,-0.000055,-0.000083,0.000177,0.02,-0.28,9.82,33.71,0.024501,0.033024,0.000000
609702178,-0.000055,-0.000083,-0.000888,0.06,-0.26,9.83,33.72,0.024501,0.033024,-0.001065
609703175,0.001011,0.002047,0.000177,0.06,-0.28,9.88,33.69,0.022371,0.034089,0.000000
609704197,0.002076,0.002047,0.000177,0.01,-0.29,9.88,33.70,0.022371,0.035154,0.000000
609705199,-0.000055,0.000982,-0.003019,0.02,-0.26,9.82,33.71,0.023436,0.033024,-0.003196
609706208,-0.001120,0.000982,-0.004084,0.03,-0.26,9.81,33.70,0.023436,0.031958,-0.004261
609707217,-0.001120,0.000982,-0.001954,0.00,-0.29,9.79,33.68,0.023436,0.031958,-0.002131
609708225,-0.000055,-0.000083,0.000177,0.03,-0.29,9.78,33.71,0.024501,0.033024,0.000000
609709241,0.001011,-0.002214,0.001242,0.04,-0.26,9.78,33.68,0.026632,0.034089,0.001065
609710245,0.002076,-0.001149,0.000177,0.03,-0.27,9.81,33.68,0.025567,0.035154,0.000000
609711255,0.002076,-0.001149,0.000177,0.04,-0.31,9.81,33.68,0.025567,0.035154,0.000000
609712275,0.001011,-0.000083,0.000177,0.03,-0.32,9.83,33.66,0.024501,0.034089,0.000000
609713275,-0.001120,0.002047,0.001242,0.04,-0.30,9.85,33.67,0.022371,0.031958,0.001065
609714294,-0.002185,0.002047,0.000177,0.04,-0.28,9.79,33.71,0.022371,0.030893,0.000000
609715295,-0.002185,0.002047,0.001242,0.02,-0.27,9.82,33.70,0.022371,0.030893,0.001065
609716305,-0.000055,0.002047,0.001242,-0.02,-0.26,9.86,33.71,0.022371,0.033024,0.001065
609717315,0.002076,0.002047,-0.000888,0.01,-0.27,9.87,33.71,0.022371,0.035154,-0.001065
609718325,0.001011,0.002047,-0.000888,0.04,-0.26,9.89,33.73,0.022371,0.034089,-0.001065
609719343,0.001011,0.000982,0.000177,0.03,-0.25,9.81,33.69,0.023436,0.034089,0.000000
609720345,0.003141,-0.000083,0.000177,0.01,-0.26,9.75,33.62,0.024501,0.036220,0.000000
609721355,0.003141,-0.000083,0.000177,0.01,-0.28,9.82,33.64,0.024501,0.036220,0.000000
609722374,0.001011,-0.001149,-0.000888,0.01,-0.32,9.82,33.64,0.025567,0.034089,-0.001065
609723375,-0.000055,-0.001149,0.000177,-0.01,-0.33,9.81,33.64,0.025567,0.033024,0.000000
609724394,-0.000055,-0.000083,0.001242,-0.01,-0.34,9.79,33.65,0.024501,0.033024,0.001065
609725395,-0.001120,0.000982,0.002307,0.00,-0.32,9.76,33.68,0.023436,0.031958,0.002131
609726405,-0.002185,-0.000083,0.000177,0.00,-0.29,9.79,33.69,0.024501,0.030893,0.000000
609727415,-0.001120,0.002047,-0.000888,0.02,-0.26,9.81,33.72,0.022371,0.031958,-0.001065
609728425,0.003141,0.002047,0.000177,0.03,-0.24,9.82,33.70,0.022371,0.036220,0.000000
609729441,0.003141,0.000982,0.002307,0.04,-0.26,9.80,33.71,0.023436,0.036220,0.002131
609730445,-0.000055,-0.000083,0.001242,0.06,-0.28,9.83,33.68,0.024501,0.033024,0.001065
609731455,-0.000055,-0.001149,0.000177,0.04,-0.26,9.84,33.65,0.025567,0.033024,0.000000
609732474,-0.000055,-0.002214,-0.000888,0.01,-0.26,9.84,33.71,0.026632,0.033024,-0.001065
609733475,0.001011,-0.002214,-0.000888,-0.01,-0.28,9.84,33.72,0.026632,0.034089,-0.001065
609734494,0.003141,-0.001149,-0.001954,0.00,-0.27,9.81,33.69,0.025567,0.036220,-0.002131
609735495,0.002076,-0.002214,-0.000888,0.00,-0.31,9.83,33.68,0.026632,0.035154,-0.001065
609736505,0.001011,-0.003279,0.000177,0.03,-0.32,9.82,33.69,0.027697,0.034089,0.000000
609737515,-0.001120,-0.004345,-0.003019,0.04,-0.29,9.81,33.71,0.028763,0.031958,-0.003196
609738525,-0.000055,-0.001149,-0.004084,0.01,-0.27,9.86,33.69,0.025567,0.033024,-0.004261
609739543,0.002076,0.002047,-0.003019,0.03,-0.24,9.84,33.69,0.022371,0.035154,-0.003196
609740545,-0.000055,0.000982,-0.001954,0.05,-0.26,9.81,33.70,0.023436,0.033024,-0.002131
609741555,-0.002185,-0.000083,-0.001954,0.00,-0.28,9.82,33.71,0.024501,0.030893,-0.002131
609742575,-0.002185,-0.000083,-0.000888,-0.03,-0.27,9.84,33.70,0.024501,0.030893,-0.001065
609743575,-0.003250,0.000982,0.000177,-0.02,-0.28,9.81,33.66,0.023436,0.029828,0.000000
609744594,-0.002185,-0.000083,-0.000888,0.02,-0.26,9.81,33.62,0.024501,0.030893,-0.001065
609745595,-0.001120,0.000982,-0.001954,0.02,-0.25,9.80,33.70,0.023436,0.031958,-0.002131
609746605,0.001011,-0.000083,0.000177,0.00,-0.26,9.78,33.72,0.024501,0.034089,0.000000
609747615,0.001011,-0.000083,0.002307,0.02,-0.25,9.78,33.73,0.024501,0.034089,0.002131
609748625,-0.000055,0.002047,0.001242,0.02,-0.25,9.77,33.73,0.022371,0.033024,0.001065
609749641,-0.002185,0.002047,0.000177,0.00,-0.27,9.84,33.73,0.022371,0.030893,0.000000
609750645,-0.003250,0.003112,-0.000888,0.00,-0.28,9.83,33.69,0.021306,0.029828,-0.001065
609751664,-0.002185,0.003112,-0.000888,0.01,-0.29,9.82,33.69,0.021306,0.030893,-0.001065
609752665,-0.002185,0.002047,0.000177,-0.02,-0.29,9.87,33.71,0.022371,0.030893,0.000000
609753675,-0.003250,-0.000083,0.001242,-0.03,-0.28,9.87,33.69,0.024501,0.029828,0.001065
609754694,-0.003250,-0.001149,0.000177,-0.02,-0.28,9.86,33.68,0.025567,0.029828,0.000000
609755695,-0.002185,-0.000083,0.000177,-0.01,-0.26,9.83,33.67,0.024501,0.030893,0.000000
609756707,-0.000055,-0.001149,0.001242,-0.02,-0.27,9.82,33.67,0.025567,0.033024,0.001065
609757715,0.001011,0.000982,0.001242,-0.02,-0.29,9.82,33.69,0.023436,0.034089,0.001065
609758725,0.001011,0.002047,0.001242,-0.03,-0.32,9.78,33.68,0.022371,0.034089,0.001065
609759743,-0.000055,0.002047,0.001242,-0.02,-0.28,9.80,33.68,0.022371,0.033024,0.001065
609760745,-0.000055,0.000982,-0.000888,0.03,-0.27,9.86,33.67,0.023436,0.033024,-0.001065
609761765,-0.001120,0.000982,-0.003019,0.04,-0.28,9.84,33.68,0.023436,0.031958,-0.003196
609762765,-0.002185,-0.000083,-0.003019,0.03,-0.26,9.81,33.67,0.024501,0.030893,-0.003196
609763775,-0.000055,-0.000083,0.000177,0.02,-0.27,9.84,33.71,0.024501,0.033024,0.000000
609764794,0.001011,-0.000083,0.002307,0.03,-0.29,9.85,33.72,0.024501,0.034089,0.002131
609765795,0.002076,-0.000083,0.002307,0.03,-0.28,9.83,33.72,0.024501,0.035154,0.002131
609766805,0.003141,0.003112,-0.000888,0.01,-0.28,9.78,33.71,0.021306,0.036220,-0.001065
609767815,0.002076,0.003112,-0.001954,0.00,-0.30,9.82,33.67,0.021306,0.035154,-0.002131
609768825,0.002076,0.000982,0.000177,0.02,-0.29,9.91,33.68,0.023436,0.035154,0.000000
609769841,0.001011,-0.001149,0.001242,0.02,-0.27,9.91,33.68,0.025567,0.034089,0.001065
609770845,-0.001120,-0.002214,0.000177,-0.01,-0.26,9.84,33.65,0.026632,0.031958,0.000000
609771864,-0.001120,-0.000083,-0.000888,0.03,-0.26,9.79,33.67,0.024501,0.031958,-0.001065
609772865,0.001011,-0.000083,0.000177,0.02,-0.27,9.80,33.68,0.024501,0.034089,0.000000
609773875,0.002076,-0.000083,0.001242,-0.01,-0.29,9.82,33.71,0.024501,0.035154,0.001065
609774894,-0.000055,-0.001149,0.001242,0.02,-0.29,9.83,33.73,0.025567,0.033024,0.001065
609775895,-0.002185,-0.001149,0.001242,0.05,-0.27,9.82,33.72,0.025567,0.030893,0.001065
609776905,-0.001120,0.002047,0.000177,0.04,-0.27,9.81,33.74,0.022371,0.031958,0.000000
609777915,-0.000055,0.004178,-0.000888,-0.02,-0.28,9.83,33.69,0.020240,0.033024,-0.001065
609778925,0.002076,0.002047,-0.001954,-0.02,-0.28,9.84,33.69,0.022371,0.035154,-0.002131
609779943,0.002076,-0.001149,-0.003019,0.00,-0.30,9.79,33.72,0.025567,0.035154,-0.003196
609780945,-0.000055,-0.001149,-0.001954,0.02,-0.28,9.79,33.76,0.025567,0.033024,-0.002131
609781967,-0.003250,0.002047,0.001242,0.06,-0.26,9.82,33.71,0.022371,0.029828,0.001065
609782966,-0.003250,0.003112,0.003373,0.05,-0.27,9.81,33.68,0.021306,0.029828,0.003196
609783976,-0.002185,0.002047,0.002307,0.00,-0.30,9.81,33.70,0.022371,0.030893,0.002131
609785003,-0.000055,0.000982,0.001242,-0.01,-0.28,9.84,33.71,0.023436,0.033024,0.001065
609786003,-0.000055,-0.001149,0.000177,0.01,-0.26,9.84,33.68,0.025567,0.033024,0.000000
609787015,-0.000055,-0.002214,0.000177,0.01,-0.28,9.82,33.70,0.026632,0.033024,0.000000
609788025,-0.000055,-0.002214,0.000177,-0.01,-0.28,9.82,33.72,0.026632,0.033024,0.000000
609789032,0.001011,0.000982,0.000177,-0.01,-0.31,9.80,33.73,0.023436,0.034089,0.000000
609790057,0.003141,0.002047,0.000177,0.00,-0.30,9.82,33.71,0.022371,0.036220,0.000000
609791056,0.001011,0.000982,0.000177,0.05,-0.26,9.83,33.71,0.023436,0.034089,0.000000
609792077,-0.000055,-0.001149,0.000177,0.05,-0.26,9.84,33.67,0.025567,0.033024,0.000000
609793076,0.001011,-0.002214,0.001242,0.03,-0.29,9.85,33.65,0.026632,0.034089,0.001065
609794088,0.002076,-0.000083,0.001242,0.02,-0.26,9.79,33.70,0.024501,0.035154,0.001065
609795135,0.002076,0.003112,0.000177,-0.02,-0.22,9.79,33.68,0.021306,0.035154,0.000000
609796127,0.001011,0.004178,0.000177,-0.02,-0.26,9.79,33.68,0.020240,0.034089,0.000000
609797114,-0.002185,0.000982,0.002307,0.03,-0.30,9.84,33.69,0.023436,0.030893,0.002131
609798126,-0.003250,-0.000083,0.001242,0.05,-0.27,9.82,33.71,0.024501,0.029828,0.001065
609799133,-0.004316,-0.000083,0.000177,0.02,-0.26,9.83,33.70,0.024501,0.028763,0.000000
609800152,-0.004316,-0.000083,0.000177,0.02,-0.28,9.88,33.69,0.024501,0.028763,0.000000
609801149,-0.004316,0.002047,0.000177,0.05,-0.29,9.86,33.69,0.022371,0.028763,0.000000
609802169,-0.002185,0.003112,0.000177,0.05,-0.30,9.82,33.70,0.021306,0.030893,0.000000
609803168,0.001011,0.000982,0.001242,0.03,-0.30,9.82,33.71,0.023436,0.034089,0.001065
609804175,-0.000055,0.002047,0.001242,0.04,-0.30,9.83,33.73,0.022371,0.033024,0.001065
609805197,-0.001120,0.000982,0.001242,0.03,-0.30,9.81,33.71,0.023436,0.031958,0.001065
609806199,0.001011,-0.002214,0.000177,0.01,-0.29,9.82,33.71,0.026632,0.034089,0.000000
609807208,0.003141,-0.003279,0.000177,0.02,-0.30,9.80,33.72,0.027697,0.036220,0.000000
609808217,-0.000055,-0.001149,0.000177,0.03,-0.30,9.81,33.71,0.025567,0.033024,0.000000
609809225,-0.004316,0.003112,0.001242,0.01,-0.27,9.87,33.64,0.021306,0.028763,0.001065
609810241,-0.004316,0.003112,0.003373,0.01,-0.27,9.84,33.68,0.021306,0.028763,0.003196
609811269,-0.003216,0.001994,0.002304,0.02,-0.30,9.75,33.74,0.022371,0.029828,0.002131
609812263,-0.002151,0.000929,-0.000892,0.01,-0.29,9.78,33.72,0.023436,0.030893,-0.001065
609813265,-0.002151,-0.000136,-0.001957,0.01,-0.24,9.84,33.69,0.024501,0.030893,-0.002131
609814275,-0.001085,-0.000136,-0.001957,0.02,-0.27,9.77,33.66,0.024501,0.031958,-0.002131
609815294,0.001045,-0.001202,-0.004088,0.02,-0.30,9.78,33.66,0.025567,0.034089,-0.004261
609816295,-0.000020,-0.003332,-0.004088,0.01,-0.30,9.83,33.66,0.027697,0.033024,-0.004261
609817305,-0.001085,-0.003332,-0.003022,0.00,-0.30,9.78,33.71,0.027697,0.031958,-0.003196
609818315,-0.003216,-0.002267,-0.001957,0.01,-0.28,9.75,33.69,0.026632,0.029828,-0.002131
609819325,-0.005346,-0.001202,0.000174,0.03,-0.27,9.81,33.69,0.025567,0.027697,0.000000
609820343,-0.006412,-0.002267,0.000174,0.05,-0.28,9.86,33.73,0.026632,0.026632,0.000000
609821345,-0.004281,-0.002267,-0.000892,0.04,-0.28,9.86,33.70,0.026632,0.028763,-0.001065
609822364,-0.000020,-0.001202,-0.000892,0.03,-0.27,9.85,33.71,0.025567,0.033024,-0.001065
609823365,0.002111,0.000929,-0.000892,0.06,-0.26,9.84,33.68,0.023436,0.035154,-0.001065
609824375,0.001045,-0.000136,0.000174,0.05,-0.26,9.78,33.71,0.024501,0.034089,0.000000
609825394,-0.002151,-0.000136,0.000174,0.00,-0.27,9.75,33.68,0.024501,0.030893,0.000000
609826395,-0.002151,-0.000136,-0.000892,0.00,-0.27,9.79,33.70,0.024501,0.030893,-0.001065
609827405,-0.000020,-0.000136,-0.003022,0.03,-0.27,9.80,33.70,0.024501,0.033024,-0.003196
609828415,0.001045,0.000929,-0.003022,0.00,-0.30,9.84,33.69,0.023436,0.034089,-0.003196
609829425,-0.000020,0.004125,-0.000892,0.00,-0.31,9.87,33.69,0.020240,0.033024,-0.001065
609830441,-0.001085,0.004125,0.001239,0.05,-0.28,9.83,33.71,0.020240,0.031958,0.001065
609831445,-0.001085,0.001994,0.003369,0.07,-0.26,9.84,33.71,0.022371,0.031958,0.003196
609832463,-0.000020,0.001994,0.002304,0.04,-0.26,9.85,33.70,0.022371,0.033024,0.002131
609833465,-0.000020,0.001994,0.001239,0.02,-0.26,9.83,33.68,0.022371,0.033024,0.001065
609834475,0.001045,0.001994,0.000174,0.00,-0.25,9.83,33.69,0.022371,0.034089,0.000000
609835494,0.003176,-0.000136,0.001239,0.01,-0.28,9.84,33.66,0.024501,0.036220,0.001065
609836495,0.002111,-0.001202,0.003369,0.01,-0.30,9.82,33.71,0.025567,0.035154,0.003196
609837505,-0.000020,-0.002267,0.001239,0.00,-0.28,9.81,33.69,0.026632,0.033024,0.001065
609838515,-0.000020,-0.003332,-0.001957,0.00,-0.28,9.79,33.65,0.027697,0.033024,-0.002131
609839525,0.002111,-0.000136,-0.003022,0.02,-0.28,9.75,33.63,0.024501,0.035154,-0.003196
609840543,0.004241,0.003059,-0.001957,0.02,-0.28,9.77,33.64,0.021306,0.037285,-0.002131
609841545,0.003176,0.004125,0.000174,0.00,-0.30,9.82,33.70,0.020240,0.036220,0.000000
609842564,-0.000020,0.004125,0.000174,0.03,-0.32,9.84,33.69,0.020240,0.033024,0.000000
609843565,0.001045,0.001994,-0.001957,0.04,-0.31,9.82,33.66,0.022371,0.034089,-0.002131
609844575,0.001045,-0.000136,-0.003022,0.00,-0.28,9.81,33.66,0.024501,0.034089,-0.003196
609845594,-0.000020,-0.001202,-0.004088,-0.02,-0.25,9.83,33.68,0.025567,0.033024,-0.004261
609846595,-0.001085,-0.001202,-0.003022,-0.01,-0.27,9.85,33.66,0.025567,0.031958,-0.003196
609847605,-0.003216,-0.001202,-0.001957,0.01,-0.26,9.86,33.65,0.025567,0.029828,-0.002131
609848615,-0.004281,-0.002267,0.001239,-0.01,-0.25,9.84,33.65,0.026632,0.028763,0.001065
609849625,-0.004281,-0.001202,0.001239,-0.01,-0.25,9.80,33.65,0.025567,0.028763,0.001065
609850641,-0.004281,-0.000136,-0.000892,-0.01,-0.27,9.74,33.69,0.024501,0.028763,-0.001065
609851653,-0.002151,0.000929,0.001239,0.01,-0.30,9.73,33.66,0.023436,0.030893,0.001065
609852655,-0.000020,0.000929,0.003369,0.00,-0.27,9.77,33.66,0.023436,0.033024,0.003196
609853665,0.002111,-0.001202,0.001239,0.03,-0.24,9.78,33.66,0.025567,0.035154,0.001065
609854675,0.003176,-0.002267,0.000174,0.02,-0.26,9.81,33.70,0.026632,0.036220,0.000000
609855694,0.002111,-0.003332,0.000174,0.01,-0.26,9.86,33.68,0.027697,0.035154,0.000000
609856695,-0.000020,-0.002267,0.002304,0.02,-0.25,9.80,33.68,0.026632,0.033024,0.002131
609857705,-0.000020,-0.000136,0.001239,0.05,-0.27,9.74,33.71,0.024501,0.033024,0.001065
609858715,0.001045,0.000929,0.000174,0.04,-0.29,9.76,33.70,0.023436,0.034089,0.000000
609859725,0.002111,0.001994,0.000174,0.02,-0.27,9.80,33.66,0.022371,0.035154,0.000000
609860743,0.002111,0.000929,-0.000892,0.01,-0.28,9.82,33.66,0.023436,0.035154,-0.001065
609861754,0.001045,-0.000136,-0.000892,0.05,-0.31,9.85,33.71,0.024501,0.034089,-0.001065
609862755,-0.002151,0.000929,0.000174,0.05,-0.30,9.83,33.70,0.023436,0.030893,0.000000
609863765,-0.002151,0.000929,0.000174,0.00,-0.29,9.80,33.67,0.023436,0.030893,0.000000
609864775,-0.000020,-0.001202,-0.000892,0.01,-0.31,9.81,33.68,0.025567,0.033024,-0.001065
609865794,0.001045,-0.003332,-0.000892,0.03,-0.28,9.85,33.71,0.027697,0.034089,-0.001065
609866802,0.001045,-0.004398,-0.000892,0.03,-0.28,9.85,33.73,0.028763,0.034089,-0.001065
609867805,0.001045,-0.002267,0.000174,0.02,-0.29,9.81,33.73,0.026632,0.034089,0.000000
609868815,-0.002151,-0.001202,0.001239,0.00,-0.28,9.77,33.68,0.025567,0.030893,0.001065
609869825,-0.005346,-0.002267,0.002304,0.02,-0.30,9.79,33.68,0.026632,0.027697,0.002131
609870841,-0.004281,-0.001202,0.000174,0.02,-0.29,9.80,33.68,0.025567,0.028763,0.000000
609871853,-0.002151,-0.002267,-0.000892,-0.01,-0.27,9.81,33.69,0.026632,0.030893,-0.001065
609872855,-0.001085,-0.003332,0.001239,0.00,-0.26,9.80,33.69,0.027697,0.031958,0.001065
609873901,-0.001085,-0.004398,0.002304,0.01,-0.26,9.83,33.67,0.028763,0.031958,0.002131
609874875,-0.000020,-0.004398,0.002304,0.01,-0.27,9.84,33.66,0.028763,0.033024,0.002131
609875894,0.001045,-0.002267,-0.000892,0.01,-0.26,9.82,33.64,0.026632,0.034089,-0.001065
609876895,-0.002151,0.001994,-0.001957,0.00,-0.28,9.78,33.67,0.022371,0.030893,-0.002131
609877905,-0.003216,0.004125,0.001239,-0.01,-0.30,9.76,33.69,0.020240,0.029828,0.001065
609878915,-0.002151,0.004125,0.004435,0.01,-0.31,9.78,33.73,0.020240,0.030893,0.004261
609879925,0.001045,0.000929,0.004435,0.03,-0.30,9.84,33.72,0.023436,0.034089,0.004261
609880943,0.001045,-0.000136,0.003369,0.01,-0.25,9.90,33.69,0.024501,0.034089,0.003196
609881955,-0.000020,-0.001202,0.002304,0.00,-0.26,9.87,33.70,0.025567,0.033024,0.002131
609882955,-0.001085,-0.001202,0.001239,0.03,-0.28,9.82,33.69,0.025567,0.031958,0.001065
609883966,-0.001085,-0.000136,0.000174,0.01,-0.26,9.77,33.68,0.024501,0.031958,0.000000
609884977,0.001045,-0.001202,0.001239,-0.03,-0.26,9.80,33.69,0.025567,0.034089,0.001065
609886000,0.004241,-0.000136,0.001239,-0.02,-0.27,9.88,33.70,0.024501,0.037285,0.001065
609887003,0.003176,-0.000136,0.001239,0.00,-0.26,9.88,33.74,0.024501,0.036220,0.001065
609888013,-0.000020,-0.001202,-0.000892,0.00,-0.29,9.81,33.72,0.025567,0.033024,-0.001065
609889026,-0.001085,-0.002267,-0.001957,-0.02,-0.30,9.81,33.69,0.026632,0.031958,-0.002131
609890032,-0.001085,-0.003332,-0.001957,-0.03,-0.29,9.78,33.71,0.027697,0.031958,-0.002131
609891053,-0.001085,-0.002267,0.000174,0.01,-0.29,9.72,33.70,0.026632,0.031958,0.000000
609892069,0.002111,-0.000136,0.001239,-0.01,-0.32,9.74,33.69,0.024501,0.035154,0.001065
609893066,0.002111,-0.001202,0.001239,-0.05,-0.32,9.76,33.69,0.025567,0.035154,0.001065
609894076,-0.000020,-0.001202,0.002304,-0.03,-0.28,9.77,33.71,0.025567,0.033024,0.002131
609895089,-0.002151,-0.000136,0.003369,-0.01,-0.26,9.82,33.68,0.024501,0.030893,0.003196
609896110,-0.001085,-0.000136,0.003369,-0.01,-0.24,9.83,33.68,0.024501,0.031958,0.003196
609897105,0.001045,-0.001202,0.001239,0.01,-0.25,9.83,33.70,0.025567,0.034089,0.001065
609898115,0.002111,-0.001202,-0.000892,0.06,-0.31,9.81,33.72,0.025567,0.035154,-0.001065
609899122,0.003176,-0.000136,-0.001957,0.05,-0.33,9.79,33.71,0.024501,0.036220,-0.002131
609900135,0.001045,0.000929,-0.003022,0.03,-0.27,9.80,33.68,0.023436,0.034089,-0.003196
609901151,-0.001085,0.000929,-0.001957,0.04,-0.25,9.81,33.65,0.023436,0.031958,-0.002131
609902163,-0.001085,0.000929,0.000174,0.00,-0.26,9.87,33.67,0.023436,0.031958,0.000000
609903158,-0.001085,0.001994,0.002304,-0.04,-0.27,9.91,33.71,0.022371,0.031958,0.002131
609904168,-0.000020,0.001994,0.004435,0.00,-0.31,9.86,33.71,0.022371,0.033024,0.004261
609905175,-0.000020,0.003059,0.002304,0.01,-0.32,9.78,33.72,0.021306,0.033024,0.002131
609906197,-0.001085,0.003059,0.001239,-0.01,-0.30,9.75,33.70,0.021306,0.031958,0.001065
609907199,-0.002151,0.001994,-0.000892,0.02,-0.28,9.79,33.72,0.022371,0.030893,-0.001065
609908208,-0.003216,-0.001202,0.000174,0.05,-0.27,9.80,33.65,0.025567,0.029828,0.000000
609909217,-0.002151,-0.001202,0.002304,0.03,-0.25,9.81,33.68,0.025567,0.030893,0.002131
609910225,0.001045,-0.000136,0.001239,0.01,-0.27,9.87,33.66,0.024501,0.034089,0.001065
609911241,0.002111,0.000929,-0.003022,0.02,-0.29,9.86,33.64,0.023436,0.035154,-0.003196
609912253,0.001045,-0.000136,-0.004088,0.01,-0.24,9.79,33.68,0.024501,0.034089,-0.004261
609913255,-0.000020,-0.000136,0.000174,-0.01,-0.25,9.72,33.69,0.024501,0.033024,0.000000
609914265,0.001045,-0.001202,0.002304,-0.01,-0.29,9.70,33.63,0.025567,0.034089,0.002131
609915275,-0.000020,-0.001202,0.001239,0.01,-0.29,9.74,33.65,0.025567,0.033024,0.001065
609916294,-0.001085,-0.000136,0.001239,0.01,-0.28,9.83,33.70,0.024501,0.031958,0.001065
609917295,-0.001085,-0.000136,0.001239,0.00,-0.28,9.87,33.70,0.024501,0.031958,0.001065
609918305,0.001045,-0.002267,0.000174,-0.01,-0.29,9.84,33.70,0.026632,0.034089,0.000000
609919315,0.001045,-0.003332,0.000174,-0.02,-0.29,9.81,33.67,0.027697,0.034089,0.000000
609920325,-0.000020,-0.003332,0.001239,0.00,-0.28,9.82,33.70,0.027697,0.033024,0.001065
609921343,-0.001085,-0.002267,-0.000892,0.03,-0.28,9.82,33.68,0.026632,0.031958,-0.001065
609922354,-0.002151,-0.001202,-0.001957,0.05,-0.27,9.86,33.69,0.025567,0.030893,-0.002131
609923355,-0.003216,0.000929,-0.001957,0.05,-0.28,9.87,33.70,0.023436,0.029828,-0.002131
609924365,-0.003216,0.001994,-0.001957,0.01,-0.29,9.84,33.68,0.022371,0.029828,-0.002131
609925375,-0.003216,0.000929,-0.000892,0.00,-0.28,9.86,33.65,0.023436,0.029828,-0.001065
609926394,-0.004281,-0.000136,0.001239,0.02,-0.28,9.83,33.65,0.024501,0.028763,0.001065
609927395,-0.004281,0.000929,0.001239,0.03,-0.29,9.81,33.68,0.023436,0.028763,0.001065
609928405,-0.003216,0.000929,0.000174,0.03,-0.30,9.82,33.71,0.023436,0.029828,0.000000
609929415,-0.001085,-0.000136,-0.000892,-0.01,-0.27,9.77,33.70,0.024501,0.031958,-0.001065
609930425,0.001045,-0.000136,-0.001957,-0.03,-0.25,9.76,33.71,0.024501,0.034089,-0.002131
609931441,0.002111,0.001994,-0.000892,0.00,-0.25,9.80,33.71,0.022371,0.035154,-0.001065
609932454,0.003176,0.001994,-0.000892,0.00,-0.27,9.83,33.74,0.022371,0.036220,-0.001065
609933455,0.003176,0.001994,-0.000892,0.00,-0.27,9.83,33.71,0.022371,0.036220,-0.001065
609934465,0.003176,0.003059,-0.001957,0.01,-0.25,9.84,33.67,0.021306,0.036220,-0.002131
609935475,-0.000020,0.003059,-0.001957,0.02,-0.27,9.77,33.70,0.021306,0.033024,-0.002131
609936494,-0.000020,0.000929,-0.001957,0.01,-0.28,9.74,33.71,0.023436,0.033024,-0.002131
609937495,-0.000020,-0.000136,0.000174,0.01,-0.28,9.80,33.71,0.024501,0.033024,0.000000
609938505,0.002111,0.000929,0.001239,0.03,-0.28,9.85,33.73,0.023436,0.035154,0.001065
609939515,0.004241,0.000929,0.000174,0.05,-0.31,9.87,33.73,0.023436,0.037285,0.000000
609940562,0.005338,-0.001178,-0.000891,0.03,-0.30,9.90,33.72,0.025567,0.038350,-0.001065
609941542,0.001077,-0.001178,-0.000891,0.01,-0.27,9.88,33.72,0.025567,0.034089,-0.001065
609942555,-0.001054,-0.001178,-0.000891,0.02,-0.28,9.86,33.72,0.025567,0.031958,-0.001065
609943554,0.001077,-0.002244,-0.001956,0.00,-0.29,9.82,33.76,0.026632,0.034089,-0.002131
609944564,0.003207,-0.000113,-0.000891,-0.02,-0.28,9.78,33.76,0.024501,0.036220,-0.001065
609945574,0.004273,0.002018,-0.000891,-0.01,-0.30,9.79,33.74,0.022371,0.037285,-0.001065
609946593,0.002142,0.003083,0.000175,-0.03,-0.32,9.75,33.70,0.021306,0.035154,0.000000
609947594,0.001077,0.000952,0.003371,-0.02,-0.32,9.78,33.71,0.023436,0.034089,0.003196
609948604,0.000011,-0.001178,0.002305,0.01,-0.30,9.87,33.67,0.025567,0.033024,0.002131
609949614,0.002142,-0.003309,-0.000891,0.02,-0.28,9.89,33.68,0.027697,0.035154,-0.001065
609950639,0.003207,-0.002244,-0.001956,0.02,-0.29,9.85,33.67,0.026632,0.036220,-0.002131
609951650,0.004273,-0.001178,-0.000891,0.01,-0.26,9.84,33.66,0.025567,0.037285,-0.001065
609952645,0.004273,-0.000113,0.001240,-0.02,-0.28,9.82,33.67,0.024501,0.037285,0.001065
609953655,0.001077,0.000952,0.000175,-0.02,-0.31,9.77,33.68,0.023436,0.034089,0.000000
609954665,0.000011,0.000952,0.000175,0.00,-0.28,9.78,33.71,0.023436,0.033024,0.000000
609955675,0.001077,-0.000113,0.000175,0.01,-0.26,9.83,33.71,0.024501,0.034089,0.000000
609956694,0.000011,0.000952,-0.000891,0.04,-0.24,9.84,33.71,0.023436,0.033024,-0.001065
609957695,0.001077,-0.000113,-0.000891,0.03,-0.28,9.74,33.73,0.024501,0.034089,-0.001065
609958705,0.002142,0.000952,-0.000891,0.01,-0.28,9.80,33.69,0.023436,0.035154,-0.001065
609959715,0.001077,0.004148,0.000175,0.00,-0.25,9.83,33.66,0.020240,0.034089,0.000000
609960738,0.001077,0.006279,0.002305,0.01,-0.25,9.86,33.67,0.018110,0.034089,0.002131
609961752,0.000011,0.003083,0.001240,-0.02,-0.30,9.85,33.70,0.021306,0.033024,0.001065
609962744,0.000011,0.000952,-0.001956,-0.04,-0.29,9.82,33.73,0.023436,0.033024,-0.002131
609963754,0.001077,-0.000113,-0.001956,0.00,-0.27,9.80,33.68,0.024501,0.034089,-0.002131
609964764,0.000011,0.000952,-0.000891,-0.01,-0.29,9.80,33.67,0.023436,0.033024,-0.001065
609965774,-0.001054,-0.000113,-0.000891,-0.01,-0.31,9.79,33.65,0.024501,0.031958,-0.001065
609966793,-0.001054,-0.001178,0.000175,0.03,-0.32,9.83,33.66,0.025567,0.031958,0.000000
609967794,0.000011,0.000952,0.000175,0.04,-0.30,9.88,33.70,0.023436,0.033024,0.000000
609968804,0.001077,0.003083,0.002305,0.03,-0.29,9.83,33.71,0.021306,0.034089,0.002131
609969814,0.002142,-0.000113,0.001240,0.01,-0.28,9.82,33.69,0.024501,0.035154,0.001065
609970839,0.003207,-0.001178,0.000175,0.00,-0.27,9.82,33.71,0.025567,0.036220,0.000000
609971850,0.002142,-0.000113,-0.000891,-0.02,-0.24,9.82,33.73,0.024501,0.035154,-0.001065
609972845,0.000011,-0.000113,0.000175,-0.01,-0.28,9.78,33.70,0.024501,0.033024,0.000000
609973855,0.000011,-0.001178,0.000175,0.02,-0.32,9.75,33.70,0.025567,0.033024,0.000000
609974865,-0.001054,-0.001178,-0.000891,0.04,-0.29,9.80,33.71,0.025567,0.031958,-0.001065
609975886,-0.003184,0.000952,-0.000891,0.01,-0.29,9.84,33.67,0.023436,0.029828,-0.001065
609976894,-0.003184,0.002018,-0.000891,0.01,-0.29,9.83,33.68,0.022371,0.029828,-0.001065
609977895,-0.001054,0.002018,0.000175,0.03,-0.29,9.81,33.68,0.022371,0.031958,0.000000
609978905,0.000011,0.002018,-0.001956,0.00,-0.30,9.82,33.70,0.022371,0.033024,-0.002131
609979928,0.001077,0.000952,-0.001956,0.00,-0.30,9.81,33.69,0.023436,0.034089,-0.002131
609980924,0.000011,0.002018,0.000175,0.03,-0.26,9.80,33.70,0.022371,0.033024,0.000000
609981953,-0.001054,0.000952,0.001240,0.01,-0.23,9.86,33.70,0.023436,0.031958,0.001065
609982944,-0.002119,-0.000113,0.000175,-0.03,-0.28,9.87,33.71,0.024501,0.030893,0.000000
609983955,-0.001054,-0.001178,0.000175,-0.03,-0.28,9.84,33.72,0.025567,0.031958,0.000000
609984967,0.000011,-0.001178,0.002305,0.00,-0.26,9.84,33.72,0.025567,0.033024,0.002131
609985977,-0.001054,-0.001178,0.000175,0.02,-0.28,9.86,33.70,0.025567,0.031958,0.000000
609987003,0.000011,-0.003309,-0.003021,0.01,-0.25,9.84,33.68,0.027697,0.033024,-0.003196
609988004,0.001077,-0.003309,-0.004086,0.02,-0.26,9.82,33.67,0.027697,0.034089,-0.004261
609989011,0.002142,-0.002244,-0.001956,0.03,-0.30,9.84,33.69,0.026632,0.035154,-0.002131
609990037,0.001077,-0.000113,-0.000891,0.01,-0.29,9.87,33.74,0.024501,0.034089,-0.001065
609991032,-0.002119,-0.000113,0.000175,0.01,-0.31,9.88,33.70,0.024501,0.030893,0.000000
609992063,-0.003184,-0.001178,0.000175,0.01,-0.32,9.81,33.71,0.025567,0.029828,0.000000
609993056,-0.002119,-0.003309,0.000175,0.00,-0.31,9.80,33.69,0.027697,0.030893,0.000000
609994071,-0.002119,-0.003309,0.000175,0.02,-0.30,9.85,33.68,0.027697,0.030893,0.000000
609995081,-0.002119,-0.002244,0.000175,0.04,-0.28,9.83,33.74,0.026632,0.030893,0.000000
609996091,-0.001054,-0.001178,0.002305,0.03,-0.25,9.81,33.75,0.025567,0.031958,0.002131
609997105,-0.001054,-0.000113,0.003371,0.01,-0.25,9.78,33.74,0.024501,0.031958,0.003196
609998112,-0.001054,0.000952,0.002305,-0.01,-0.25,9.81,33.74,0.023436,0.031958,0.002131
609999114,0.001077,0.000952,0.001240,0.00,-0.28,9.91,33.73,0.023436,0.034089,0.001065
610000137,0.001077,0.003083,0.000175,0.03,-0.28,9.86,33.65,0.021306,0.034089,0.000000
610001148,0.000011,0.002018,0.000175,0.03,-0.23,9.81,33.67,0.022371,0.033024,0.000000
610002168,-0.001054,-0.001178,-0.000891,0.02,-0.22,9.81,33.68,0.025567,0.031958,-0.001065
610003149,0.000011,-0.004374,-0.000891,0.03,-0.27,9.79,33.68,0.028763,0.033024,-0.001065
610004157,0.001077,-0.004374,0.000175,0.01,-0.29,9.82,33.66,0.028763,0.034089,0.000000
610005168,0.001077,-0.003309,-0.000891,-0.01,-0.28,9.82,33.64,0.027697,0.034089,-0.001065
610006174,-0.001054,-0.002244,-0.001956,0.00,-0.30,9.79,33.65,0.026632,0.031958,-0.002131
610007196,-0.004250,-0.001178,-0.000891,0.00,-0.33,9.79,33.67,0.025567,0.028763,-0.001065
610008198,-0.004250,-0.002244,-0.000891,0.01,-0.32,9.83,33.66,0.026632,0.028763,-0.001065
610009207,-0.001054,-0.001178,-0.001956,0.03,-0.27,9.83,33.64,0.025567,0.031958,-0.002131
610010231,0.002142,0.003083,-0.000891,0.00,-0.27,9.81,33.67,0.021306,0.035154,-0.001065
610011225,0.002142,0.004148,0.000175,-0.03,-0.28,9.84,33.72,0.020240,0.035154,0.000000
610012251,0.001077,0.003083,0.000175,-0.05,-0.26,9.85,33.72,0.021306,0.034089,0.000000
610013245,0.000011,0.002018,0.002305,-0.02,-0.27,9.80,33.66,0.022371,0.033024,0.002131
610014255,0.000011,-0.000113,0.002305,0.02,-0.29,9.75,33.64,0.024501,0.033024,0.002131
610015265,0.000011,-0.003309,0.000175,0.02,-0.28,9.78,33.66,0.027697,0.033024,0.000000
610016275,0.000011,-0.002244,0.000175,0.01,-0.22,9.82,33.67,0.026632,0.033024,0.000000
610017294,0.000011,-0.001178,0.000175,0.01,-0.23,9.81,33.68,0.025567,0.033024,0.000000
610018295,0.000011,-0.000113,-0.000891,0.04,-0.29,9.82,33.71,0.024501,0.033024,-0.001065
610019305,0.000011,0.000952,-0.000891,0.04,-0.27,9.85,33.68,0.023436,0.033024,-0.001065
610020328,-0.001054,0.002018,-0.000891,0.01,-0.26,9.82,33.72,0.022371,0.031958,-0.001065
610021324,-0.002119,0.002018,-0.000891,0.00,-0.30,9.80,33.69,0.022371,0.030893,-0.001065
610022354,-0.002119,0.000952,0.000175,0.00,-0.26,9.86,33.68,0.023436,0.030893,0.000000
610023344,-0.002119,-0.002244,-0.001956,-0.02,-0.23,9.85,33.67,0.026632,0.030893,-0.002131
610024354,0.000011,-0.002244,-0.001956,-0.01,-0.25,9.82,33.69,0.026632,0.033024,-0.002131
610025364,0.000011,-0.003309,-0.001956,0.02,-0.26,9.78,33.70,0.027697,0.033024,-0.002131
610026374,-0.001054,-0.002244,-0.001956,0.03,-0.28,9.81,33.70,0.026632,0.031958,-0.002131
610027393,-0.003184,0.000952,-0.000891,0.02,-0.29,9.86,33.70,0.023436,0.029828,-0.001065
610028394,-0.003184,0.003083,0.001240,0.00,-0.28,9.87,33.69,0.021306,0.029828,0.001065
610029404,-0.002119,0.003083,0.002305,0.00,-0.27,9.91,33.69,0.021306,0.030893,0.002131
610030429,-0.001054,0.002018,0.001240,-0.02,-0.28,9.86,33.67,0.022371,0.031958,0.001065
610031425,-0.001054,-0.000113,0.000175,0.00,-0.28,9.78,33.67,0.024501,0.031958,0.000000
610032451,0.000011,0.000952,-0.000891,0.01,-0.26,9.73,33.66,0.023436,0.033024,-0.001065
610033445,0.001077,0.004148,0.000175,0.02,-0.25,9.76,33.64,0.020240,0.034089,0.000000
610034455,0.000011,0.004148,0.001240,0.03,-0.28,9.80,33.64,0.020240,0.033024,0.001065
610035465,-0.001054,0.000952,0.000175,0.03,-0.30,9.80,33.68,0.023436,0.031958,0.000000
610036475,-0.002119,-0.000113,0.000175,0.04,-0.31,9.80,33.68,0.024501,0.030893,0.000000
610037494,-0.002119,0.003083,0.002305,0.02,-0.31,9.83,33.69,0.021306,0.030893,0.002131
610038495,-0.001054,0.003083,0.001240,0.02,-0.26,9.80,33.65,0.021306,0.031958,0.001065
610039505,-0.001054,0.003083,-0.000891,0.02,-0.25,9.77,33.70,0.021306,0.031958,-0.001065
610040528,-0.001054,0.002018,-0.001956,0.03,-0.26,9.80,33.72,0.022371,0.031958,-0.002131
610041524,0.000011,0.000952,-0.000891,0.03,-0.27,9.81,33.71,0.023436,0.033024,-0.001065
610042554,0.002142,0.002018,0.000175,0.02,-0.30,9.83,33.72,0.022371,0.035154,0.000000
610043544,0.003207,0.002018,-0.000891,-0.01,-0.29,9.80,33.72,0.022371,0.036220,-0.001065
610044554,0.002142,0.000952,-0.001956,0.00,-0.27,9.80,33.68,0.023436,0.035154,-0.002131
610045564,0.000011,0.002018,-0.003021,0.04,-0.25,9.77,33.68,0.022371,0.033024,-0.003196
610046574,0.000011,0.002018,-0.000891,0.01,-0.25,9.77,33.70,0.022371,0.033024,-0.001065
610047593,-0.001054,0.000952,0.003371,0.00,-0.26,9.87,33.69,0.023436,0.031958,0.003196
610048594,-0.001054,-0.000113,0.004436,0.01,-0.29,9.84,33.65,0.024501,0.031958,0.004261
610049604,-0.001054,-0.001178,0.002305,-0.02,-0.30,9.80,33.67,0.025567,0.031958,0.002131
610050629,-0.001054,-0.001178,0.000175,-0.03,-0.27,9.81,33.67,0.025567,0.031958,0.000000
610051637,-0.002119,0.002018,0.002305,0.00,-0.25,9.80,33.68,0.022371,0.030893,0.002131
610052642,-0.002119,0.003083,0.003371,0.03,-0.27,9.82,33.69,0.021306,0.030893,0.003196
610053645,-0.001054,0.004148,0.002305,0.04,-0.28,9.83,33.70,0.020240,0.031958,0.002131
610054655,-0.002119,0.004148,-0.000891,0.02,-0.26,9.81,33.71,0.020240,0.030893,-0.001065
610055665,-0.003184,0.002018,-0.000891,0.00,-0.27,9.81,33.68,0.022371,0.029828,-0.001065
610056675,-0.003184,-0.001178,0.000175,0.01,-0.30,9.84,33.69,0.025567,0.029828,0.000000
610057693,0.000011,-0.001178,-0.001956,0.00,-0.30,9.85,33.66,0.025567,0.033024,-0.002131
610058695,0.000011,-0.000113,-0.001956,0.01,-0.29,9.82,33.66,0.024501,0.033024,-0.002131
610059705,0.000011,-0.002244,0.000175,0.06,-0.26,9.79,33.67,0.026632,0.033024,0.000000
610060728,0.000011,-0.004374,0.000175,0.06,-0.26,9.84,33.67,0.028763,0.033024,0.000000
610061737,-0.001054,-0.001178,-0.001956,0.04,-0.26,9.88,33.70,0.025567,0.031958,-0.002131
610062743,-0.002119,0.002018,-0.001956,0.03,-0.26,9.86,33.70,0.022371,0.030893,-0.002131
610063744,-0.005315,0.002018,-0.001956,0.00,-0.27,9.82,33.65,0.022371,0.027697,-0.002131
610064754,-0.005315,0.002018,-0.000891,0.00,-0.25,9.80,33.65,0.022371,0.027697,-0.001065
610065764,-0.003184,-0.000113,-0.000891,0.01,-0.27,9.78,33.66,0.024501,0.029828,-0.001065
610066774,-0.002119,-0.001178,-0.000891,-0.01,-0.29,9.82,33.67,0.025567,0.030893,-0.001065
610067792,-0.002119,-0.000113,0.001240,-0.04,-0.28,9.86,33.70,0.024501,0.030893,0.001065
610068794,-0.003184,0.003083,0.002305,-0.01,-0.25,9.80,33.72,0.021306,0.029828,0.002131
610069829,-0.003139,0.003044,0.002315,0.03,-0.24,9.74,33.71,0.021306,0.029828,0.002131
610070829,-0.002073,0.000914,0.003381,0.02,-0.28,9.78,33.69,0.023436,0.030893,0.003196
610071845,0.000057,-0.001217,0.002315,0.01,-0.30,9.80,33.69,0.025567,0.033024,0.002131
610072842,0.002188,-0.001217,0.001250,0.00,-0.29,9.79,33.71,0.025567,0.035154,0.001065
610073845,0.003253,-0.001217,0.001250,-0.01,-0.28,9.83,33.68,0.025567,0.036220,0.001065
610074855,0.002188,0.000914,0.000185,-0.03,-0.28,9.83,33.67,0.023436,0.035154,0.000000
610075865,0.002188,0.001979,0.000185,-0.02,-0.30,9.80,33.69,0.022371,0.035154,0.000000
610076875,0.002188,0.000914,0.001250,0.02,-0.30,9.81,33.71,0.023436,0.035154,0.001065
610077893,0.002188,0.000914,0.001250,0.03,-0.30,9.83,33.70,0.023436,0.035154,0.001065
610078895,0.001122,0.001979,0.000185,0.03,-0.27,9.81,33.71,0.022371,0.034089,0.000000
610079918,0.001122,0.001979,-0.000881,0.03,-0.24,9.83,33.71,0.022371,0.034089,-0.001065
610080914,0.000057,0.000914,-0.000881,0.02,-0.25,9.81,33.70,0.023436,0.033024,-0.001065
610081937,0.000057,-0.000152,0.000185,0.01,-0.26,9.80,33.68,0.024501,0.033024,0.000000
610082943,0.000057,0.000914,0.000185,0.02,-0.25,9.82,33.71,0.023436,0.033024,0.000000
610083944,-0.001008,0.000914,0.000185,0.03,-0.26,9.84,33.71,0.023436,0.031958,0.000000
610084954,-0.001008,0.000914,0.000185,0.05,-0.30,9.83,33.71,0.023436,0.031958,0.000000
610085969,0.000057,0.000914,0.001250,0.02,-0.30,9.82,33.66,0.023436,0.033024,0.001065
610086975,-0.001008,-0.000152,0.001250,0.01,-0.29,9.85,33.67,0.024501,0.031958,0.001065
610088003,-0.002073,-0.001217,0.000185,0.03,-0.25,9.87,33.70,0.025567,0.030893,0.000000
610089002,0.000057,-0.003347,-0.001946,0.02,-0.25,9.83,33.72,0.027697,0.033024,-0.002131
610090032,0.000057,-0.001217,-0.000881,0.03,-0.30,9.81,33.71,0.025567,0.033024,-0.001065
610091026,-0.001008,-0.000152,0.000185,0.03,-0.30,9.83,33.70,0.024501,0.031958,0.000000
610092053,-0.002073,-0.000152,-0.000881,0.00,-0.30,9.79,33.71,0.024501,0.030893,-0.001065
610093052,-0.002073,-0.000152,0.000185,0.00,-0.30,9.78,33.72,0.024501,0.030893,0.000000
610094060,0.000057,0.000914,0.000185,0.01,-0.26,9.82,33.69,0.023436,0.033024,0.000000
610095079,0.001122,0.000914,0.000185,-0.01,-0.24,9.84,33.64,0.023436,0.034089,0.000000
610096076,-0.003139,0.001979,0.000185,0.00,-0.24,9.83,33.65,0.022371,0.029828,0.000000
610097087,-0.005269,0.000914,0.001250,0.00,-0.27,9.80,33.68,0.023436,0.027697,0.001065
610098108,-0.003139,-0.000152,0.001250,0.01,-0.30,9.78,33.70,0.024501,0.029828,0.001065
610099105,-0.001008,0.000914,0.001250,0.03,-0.31,9.79,33.71,0.023436,0.031958,0.001065
610100115,-0.002073,-0.000152,0.000185,0.01,-0.29,9.82,33.65,0.024501,0.030893,0.000000
610101122,-0.002073,-0.002282,0.000185,0.01,-0.29,9.84,33.62,0.026632,0.030893,0.000000
610102145,0.000057,-0.002282,0.000185,0.00,-0.30,9.82,33.67,0.026632,0.033024,0.000000
610103152,0.001122,-0.001217,-0.000881,-0.01,-0.27,9.83,33.68,0.025567,0.034089,-0.001065
610104152,0.001122,0.000914,-0.001946,0.02,-0.27,9.82,33.68,0.023436,0.034089,-0.002131
610105158,0.000057,0.001979,-0.001946,0.01,-0.28,9.77,33.65,0.022371,0.033024,-0.002131
610106168,0.001122,0.003044,0.000185,0.02,-0.27,9.74,33.62,0.021306,0.034089,0.000000
610107175,0.001122,0.003044,0.001250,0.03,-0.29,9.73,33.62,0.021306,0.034089,0.001065
610108196,-0.001008,0.000914,0.000185,0.04,-0.34,9.74,33.68,0.023436,0.031958,0.000000
610109199,-0.001008,-0.000152,0.000185,0.03,-0.35,9.80,33.69,0.024501,0.031958,0.000000
610110208,-0.001008,-0.002282,-0.000881,0.01,-0.29,9.81,33.65,0.026632,0.031958,-0.001065
610111217,-0.002073,-0.003347,-0.000881,0.00,-0.24,9.79,33.65,0.027697,0.030893,-0.001065
610112237,-0.003139,-0.002282,0.000185,-0.01,-0.25,9.78,33.69,0.026632,0.029828,0.000000
610113242,-0.002073,-0.000152,0.000185,0.04,-0.28,9.76,33.71,0.024501,0.030893,0.000000
610114245,0.001122,-0.001217,0.001250,0.06,-0.28,9.79,33.74,0.025567,0.034089,0.001065
610115255,0.003253,-0.001217,0.001250,0.04,-0.28,9.82,33.71,0.025567,0.036220,0.001065
610116265,0.003253,-0.001217,0.001250,0.03,-0.29,9.82,33.68,0.025567,0.036220,0.001065
610117275,0.004318,0.000914,0.000185,0.00,-0.28,9.86,33.66,0.023436,0.037285,0.000000
610118293,0.004318,0.000914,0.000185,0.00,-0.27,9.87,33.70,0.023436,0.037285,0.000000
610119295,0.002188,-0.000152,-0.000881,0.01,-0.27,9.83,33.71,0.024501,0.035154,-0.001065
610120305,-0.001008,-0.000152,-0.000881,0.01,-0.27,9.84,33.69,0.024501,0.031958,-0.001065
610121315,-0.001008,0.000914,-0.000881,0.01,-0.28,9.82,33.68,0.023436,0.031958,-0.001065
610122337,0.000057,0.000914,-0.000881,0.03,-0.28,9.81,33.68,0.023436,0.033024,-0.001065
610123344,0.001122,0.000914,0.000185,0.04,-0.27,9.78,33.68,0.023436,0.034089,0.000000
610124345,0.000057,0.000914,0.000185,0.05,-0.28,9.72,33.66,0.023436,0.033024,0.000000
610125355,-0.001008,-0.001217,-0.000881,0.06,-0.29,9.76,33.71,0.025567,0.031958,-0.001065
610126365,-0.002073,-0.000152,-0.001946,0.05,-0.33,9.87,33.72,0.024501,0.030893,-0.002131
610127375,0.000057,0.003044,-0.000881,0.03,-0.34,9.87,33.68,0.021306,0.033024,-0.001065
610128393,0.001122,0.004110,0.001250,0.01,-0.30,9.85,33.69,0.020240,0.034089,0.001065
610129395,0.000057,0.000914,0.001250,0.01,-0.26,9.89,33.69,0.023436,0.033024,0.001065
610130405,0.000057,-0.000152,-0.000881,0.01,-0.25,9.86,33.67,0.024501,0.033024,-0.001065
610131415,0.001122,-0.000152,-0.003011,0.02,-0.26,9.80,33.67,0.024501,0.034089,-0.003196
610132435,0.003253,0.000914,-0.001946,0.01,-0.28,9.82,33.71,0.023436,0.036220,-0.002131
610133442,0.005384,-0.000152,0.000185,0.00,-0.28,9.83,33.68,0.024501,0.038350,0.000000
610134445,0.004318,-0.000152,0.000185,-0.01,-0.27,9.80,33.67,0.024501,0.037285,0.000000
610135455,0.001122,-0.000152,0.000185,0.00,-0.27,9.82,33.67,0.024501,0.034089,0.000000
610136465,-0.001008,0.000914,0.002315,-0.01,-0.28,9.84,33.69,0.023436,0.031958,0.002131
610137475,-0.002073,0.001979,0.002315,-0.04,-0.27,9.80,33.72,0.022371,0.030893,0.002131
610138493,-0.001008,-0.000152,0.001250,-0.02,-0.26,9.80,33.72,0.024501,0.031958,0.001065
610139495,0.002188,-0.001217,0.001250,0.02,-0.28,9.85,33.70,0.025567,0.035154,0.001065
610140505,0.004318,-0.000152,0.001250,0.04,-0.29,9.80,33.74,0.024501,0.037285,0.001065
610141515,0.003253,-0.000152,0.000185,0.02,-0.29,9.77,33.72,0.024501,0.036220,0.000000
610142537,0.002188,0.000914,-0.001946,0.03,-0.29,9.82,33.71,0.023436,0.035154,-0.002131
610143544,0.001122,0.001979,-0.001946,0.01,-0.28,9.86,33.71,0.022371,0.034089,-0.002131
610144545,0.000057,0.001979,-0.000881,0.01,-0.27,9.84,33.70,0.022371,0.033024,-0.001065
610145555,0.001122,-0.000152,0.000185,0.04,-0.28,9.79,33.66,0.024501,0.034089,0.000000
610146565,0.002188,-0.000152,0.000185,0.04,-0.30,9.76,33.69,0.024501,0.035154,0.000000
610147575,0.001122,0.000914,-0.000881,0.04,-0.28,9.77,33.68,0.023436,0.034089,-0.001065
610148593,0.002188,0.000914,-0.000881,0.04,-0.28,9.82,33.67,0.023436,0.035154,-0.001065
610149595,0.003253,-0.001217,0.001250,0.03,-0.27,9.85,33.69,0.025567,0.036220,0.001065
610150605,0.002188,-0.002282,0.001250,0.01,-0.27,9.87,33.71,0.026632,0.035154,0.001065
610151615,-0.001008,-0.000152,0.001250,0.01,-0.30,9.87,33.67,0.024501,0.031958,0.001065
610152637,-0.004204,0.003044,0.000185,0.04,-0.28,9.81,33.68,0.021306,0.028763,0.000000
610153642,-0.003139,0.001979,0.001250,0.05,-0.26,9.77,33.68,0.022371,0.029828,0.001065
610154645,-0.001008,0.000914,0.002315,0.03,-0.26,9.77,33.69,0.023436,0.031958,0.002131
610155655,-0.001008,-0.000152,0.002315,0.02,-0.28,9.82,33.68,0.024501,0.031958,0.002131
610156665,-0.002073,0.001979,0.002315,0.01,-0.29,9.86,33.69,0.022371,0.030893,0.002131
610157675,-0.001008,0.003044,0.000185,0.02,-0.27,9.81,33.71,0.021306,0.031958,0.000000
610158693,0.001122,-0.002282,-0.001946,-0.01,-0.28,9.85,33.68,0.026632,0.034089,-0.002131
610159695,0.001122,-0.003347,0.000185,0.01,-0.27,9.89,33.67,0.027697,0.034089,0.000000
610160705,0.001122,-0.002282,0.002315,0.03,-0.29,9.85,33.65,0.026632,0.034089,0.002131
610161725,0.000057,-0.002282,0.000185,-0.01,-0.30,9.78,33.65,0.026632,0.033024,0.000000
610162725,-0.001008,-0.003347,0.000185,-0.02,-0.25,9.76,33.68,0.027697,0.031958,0.000000
610163744,-0.001008,-0.002282,0.000185,0.02,-0.27,9.83,33.66,0.026632,0.031958,0.000000
610164745,0.002188,-0.000152,0.001250,0.00,-0.30,9.89,33.67,0.024501,0.035154,0.001065
610165755,0.001122,-0.000152,0.002315,0.00,-0.31,9.91,33.68,0.024501,0.034089,0.002131
610166765,-0.001008,-0.000152,0.000185,0.04,-0.28,9.90,33.68,0.024501,0.031958,0.000000
610167775,0.000057,0.001979,-0.000881,0.03,-0.26,9.84,33.69,0.022371,0.033024,-0.001065
610168793,0.000057,0.003044,-0.000881,0.01,-0.28,9.84,33.71,0.021306,0.033024,-0.001065
610169795,-0.003139,0.000914,0.000185,0.02,-0.26,9.86,33.73,0.023436,0.029828,0.000000
610170805,-0.005269,-0.002282,-0.001946,0.02,-0.24,9.82,33.73,0.026632,0.027697,-0.002131
610171827,-0.003139,-0.004413,-0.005142,0.02,-0.27,9.85,33.73,0.028763,0.029828,-0.005326
610172825,-0.001008,-0.005478,-0.001946,0.02,-0.30,9.83,33.71,0.029828,0.031958,-0.002131
610173842,-0.002073,-0.005478,0.000185,0.03,-0.31,9.78,33.70,0.029828,0.030893,0.000000
610174845,-0.004204,-0.005478,0.001250,0.02,-0.31,9.83,33.68,0.029828,0.028763,0.001065
610175855,-0.002073,-0.002282,0.000185,0.03,-0.31,9.82,33.67,0.026632,0.030893,0.000000
610176865,0.001122,0.000914,0.002315,0.03,-0.30,9.80,33.67,0.023436,0.034089,0.002131
610177875,0.002188,0.000914,0.004446,0.01,-0.30,9.83,33.66,0.023436,0.035154,0.004261
610178893,0.000057,-0.000152,0.001250,0.04,-0.27,9.80,33.67,0.024501,0.033024,0.001065
610179895,-0.001008,-0.001217,-0.001946,0.05,-0.25,9.80,33.68,0.025567,0.031958,-0.002131
610180907,-0.001008,-0.001217,-0.003011,0.02,-0.27,9.79,33.69,0.025567,0.031958,-0.003196
610181925,0.001122,-0.001217,-0.003011,0.01,-0.29,9.80,33.68,0.025567,0.034089,-0.003196
610182925,0.003253,-0.001217,-0.003011,0.00,-0.28,9.82,33.71,0.025567,0.036220,-0.003196
610183944,0.001122,-0.002282,-0.001946,0.02,-0.28,9.85,33.70,0.026632,0.034089,-0.002131
610184945,-0.003139,-0.004413,-0.001946,0.03,-0.30,9.87,33.71,0.028763,0.029828,-0.002131
610185957,-0.003139,-0.001217,0.001250,0.04,-0.30,9.80,33.68,0.025567,0.029828,0.001065
610186966,-0.003139,0.000914,0.001250,0.05,-0.28,9.78,33.71,0.023436,0.029828,0.001065
610187976,-0.002073,-0.001217,-0.000881,0.00,-0.30,9.77,33.68,0.025567,0.030893,-0.001065
610189003,0.000057,-0.001217,-0.001946,-0.04,-0.32,9.81,33.68,0.025567,0.033024,-0.002131
610190004,0.000057,0.000914,-0.000881,-0.03,-0.30,9.82,33.69,0.023436,0.033024,-0.001065
610191017,0.000057,-0.000152,0.000185,-0.01,-0.30,9.81,33.68,0.024501,0.033024,0.000000
610192035,0.000057,-0.001217,0.000185,0.01,-0.28,9.82,33.67,0.025567,0.033024,0.000000
610193031,0.001122,-0.000152,0.000185,0.00,-0.27,9.81,33.68,0.024501,0.034089,0.000000
610194060,0.001122,0.000914,0.000185,0.00,-0.28,9.81,33.69,0.023436,0.034089,0.000000
610195068,-0.001008,-0.000152,0.001250,-0.01,-0.29,9.79,33.66,0.024501,0.031958,0.001065
610196065,-0.001008,-0.002282,0.002315,-0.01,-0.27,9.77,33.70,0.026632,0.031958,0.002131
610197076,-0.001008,-0.002282,0.002315,0.02,-0.28,9.80,33.71,0.026632,0.031958,0.002131
610198091,-0.001008,-0.001217,0.001250,0.04,-0.33,9.82,33.72,0.025567,0.031958,0.001065
610199125,0.001123,0.002001,-0.000894,0.04,-0.32,9.81,33.71,0.022371,0.034089,-0.001065
610200112,0.001123,0.004132,-0.000894,0.01,-0.27,9.85,33.66,0.020240,0.034089,-0.001065
610201114,0.000057,0.003067,0.001237,0.01,-0.26,9.82,33.69,0.021306,0.033024,0.001065
610202132,0.001123,0.002001,0.001237,0.04,-0.26,9.82,33.64,0.022371,0.034089,0.001065
610203138,-0.001008,0.000936,0.003367,0.04,-0.29,9.84,33.67,0.023436,0.031958,0.003196
610204153,-0.002073,-0.000129,0.002302,0.00,-0.31,9.83,33.66,0.024501,0.030893,0.002131
610205149,-0.002073,-0.001195,0.002302,0.01,-0.28,9.82,33.67,0.025567,0.030893,0.002131
610206158,-0.001008,-0.002260,0.002302,0.01,-0.26,9.81,33.69,0.026632,0.031958,0.002131
610207168,-0.002073,-0.000129,0.002302,0.01,-0.28,9.84,33.67,0.024501,0.030893,0.002131
610208175,-0.001008,0.000936,0.001237,0.05,-0.27,9.86,33.68,0.023436,0.031958,0.001065
610209196,0.001123,-0.000129,-0.000894,0.05,-0.26,9.85,33.65,0.024501,0.034089,-0.001065
610210199,0.001123,-0.001195,-0.000894,0.00,-0.30,9.82,33.67,0.025567,0.034089,-0.001065
610211208,0.001123,-0.000129,-0.001959,-0.01,-0.31,9.77,33.67,0.024501,0.034089,-0.002131
610212228,0.000057,0.004132,-0.000894,0.00,-0.30,9.82,33.67,0.020240,0.033024,-0.001065
610213225,-0.001008,0.004132,0.000172,0.02,-0.30,9.86,33.67,0.020240,0.031958,0.000000
610214242,-0.004204,0.002001,0.001237,0.01,-0.28,9.85,33.68,0.022371,0.028763,0.001065
610215245,-0.003139,0.000936,-0.000894,0.00,-0.26,9.85,33.69,0.023436,0.029828,-0.001065
610216255,0.001123,-0.001195,-0.003024,0.01,-0.24,9.81,33.71,0.025567,0.034089,-0.003196
610217265,0.002188,-0.002260,-0.003024,0.02,-0.28,9.78,33.69,0.026632,0.035154,-0.003196
610218275,0.002188,-0.002260,0.000172,0.00,-0.30,9.83,33.68,0.026632,0.035154,0.000000
610219293,0.002188,-0.000129,0.003367,0.02,-0.28,9.83,33.64,0.024501,0.035154,0.003196
610220295,0.002188,-0.000129,0.004433,0.05,-0.26,9.74,33.66,0.024501,0.035154,0.004261
610221305,0.002188,-0.000129,0.003367,0.04,-0.26,9.77,33.69,0.024501,0.035154,0.003196
610222324,0.000057,-0.001195,0.001237,0.04,-0.28,9.82,33.72,0.025567,0.033024,0.001065
610223325,0.000057,-0.001195,-0.000894,0.02,-0.29,9.83,33.73,0.025567,0.033024,-0.001065
610224344,0.000057,-0.000129,0.000172,0.03,-0.28,9.84,33.71,0.024501,0.033024,0.000000
610225345,0.000057,-0.000129,0.000172,0.02,-0.26,9.79,33.70,0.024501,0.033024,0.000000
610226355,-0.001008,-0.001195,0.000172,0.00,-0.28,9.79,33.69,0.025567,0.031958,0.000000
610227365,-0.002073,-0.001195,-0.000894,0.00,-0.32,9.81,33.74,0.025567,0.030893,-0.001065
610228375,-0.002073,0.000936,-0.001959,0.01,-0.32,9.81,33.71,0.023436,0.030893,-0.002131
610229393,-0.001008,0.002001,0.000172,0.00,-0.27,9.82,33.69,0.022371,0.031958,0.000000
610230395,0.000057,0.003067,0.001237,-0.01,-0.25,9.82,33.68,0.021306,0.033024,0.001065
610231405,-0.001008,0.003067,0.001237,0.02,-0.28,9.81,33.68,0.021306,0.031958,0.001065
610232425,-0.003139,0.002001,0.002302,0.05,-0.29,9.85,33.68,0.022371,0.029828,0.002131
610233425,-0.003139,0.002001,0.002302,0.05,-0.26,9.84,33.65,0.022371,0.029828,0.002131
610234442,-0.001008,0.000936,0.000172,0.01,-0.24,9.83,33.65,0.023436,0.031958,0.000000
610235445,0.002188,-0.002260,-0.000894,-0.01,-0.28,9.82,33.65,0.026632,0.035154,-0.001065
610236455,0.002188,-0.002260,-0.000894,0.00,-0.28,9.79,33.65,0.026632,0.035154,-0.001065
610237465,0.002188,-0.000129,-0.001959,0.00,-0.27,9.82,33.66,0.024501,0.035154,-0.002131
610238475,0.000057,0.002001,-0.001959,0.02,-0.30,9.80,33.69,0.022371,0.033024,-0.002131
610239493,-0.002073,0.003067,-0.000894,0.02,-0.31,9.83,33.70,0.021306,0.030893,-0.001065
610240495,-0.002073,0.002001,0.000172,0.01,-0.29,9.85,33.65,0.022371,0.030893,0.000000
610241505,-0.002073,-0.000129,0.002302,0.04,-0.30,9.85,33.66,0.024501,0.030893,0.002131
610242525,-0.002073,-0.000129,0.001237,0.03,-0.29,9.85,33.66,0.024501,0.030893,0.001065
610243525,-0.002073,-0.000129,0.000172,0.03,-0.28,9.81,33.66,0.024501,0.030893,0.000000
610244544,0.000057,-0.000129,0.002302,0.03,-0.28,9.78,33.68,0.024501,0.033024,0.002131
610245545,0.002188,0.000936,0.002302,0.04,-0.28,9.79,33.68,0.023436,0.035154,0.002131
610246555,0.003253,0.000936,0.002302,0.03,-0.27,9.84,33.67,0.023436,0.036220,0.002131
610247565,0.002188,-0.000129,0.002302,0.05,-0.26,9.84,33.66,0.024501,0.035154,0.002131
610248575,0.001123,-0.002260,0.001237,0.06,-0.26,9.85,33.66,0.026632,0.034089,0.001065
610249593,0.000057,-0.003325,0.001237,0.00,-0.27,9.87,33.70,0.027697,0.033024,0.001065
610250595,0.000057,-0.002260,0.001237,0.00,-0.28,9.82,33.71,0.026632,0.033024,0.001065
610251605,0.001123,-0.001195,0.000172,0.02,-0.27,9.76,33.71,0.025567,0.034089,0.000000
610252624,0.001123,0.000936,-0.000894,-0.02,-0.25,9.77,33.74,0.023436,0.034089,-0.001065
610253625,0.001123,-0.000129,-0.001959,-0.01,-0.26,9.84,33.73,0.024501,0.034089,-0.002131
610254642,0.001123,-0.001195,-0.000894,0.00,-0.28,9.85,33.72,0.025567,0.034089,-0.001065
610255645,-0.001008,-0.000129,0.000172,0.01,-0.28,9.83,33.71,0.024501,0.031958,0.000000
610256655,-0.001008,-0.000129,0.001237,0.03,-0.28,9.84,33.68,0.024501,0.031958,0.001065
610257665,-0.001008,0.000936,0.001237,0.02,-0.27,9.86,33.65,0.023436,0.031958,0.001065
610258675,-0.001008,0.002001,0.000172,0.00,-0.27,9.84,33.67,0.022371,0.031958,0.000000
610259693,-0.001008,0.004132,0.002302,-0.02,-0.25,9.82,33.68,0.020240,0.031958,0.002131
610260695,0.001123,0.003067,0.003367,-0.03,-0.27,9.86,33.66,0.021306,0.034089,0.003196
610261715,0.001123,0.000936,0.002302,-0.01,-0.27,9.83,33.65,0.023436,0.034089,0.002131
610262715,0.000057,-0.000129,0.001237,0.02,-0.27,9.79,33.66,0.024501,0.033024,0.001065
610263725,-0.001008,-0.000129,0.001237,0.02,-0.27,9.82,33.71,0.024501,0.031958,0.001065
610264744,-0.002073,0.000936,0.000172,-0.01,-0.28,9.84,33.67,0.023436,0.030893,0.000000
610265745,-0.001008,0.003067,-0.000894,0.01,-0.29,9.84,33.68,0.021306,0.031958,-0.001065
610266755,0.000057,0.002001,-0.000894,0.02,-0.30,9.84,33.69,0.022371,0.033024,-0.001065
610267765,0.000057,-0.000129,-0.001959,0.01,-0.28,9.83,33.67,0.024501,0.033024,-0.002131
610268775,0.001123,-0.002260,-0.003024,0.01,-0.27,9.85,33.66,0.026632,0.034089,-0.003196
610269793,0.000057,-0.001195,-0.003024,0.00,-0.26,9.87,33.68,0.025567,0.033024,-0.003196
610270795,0.000057,-0.001195,-0.000894,0.01,-0.24,9.85,33.69,0.025567,0.033024,-0.001065
610271814,-0.001008,-0.000129,0.001237,0.03,-0.29,9.82,33.71,0.024501,0.031958,0.001065
610272815,-0.001008,-0.000129,0.001237,0.03,-0.33,9.82,33.71,0.024501,0.031958,0.001065
610273825,0.000057,-0.000129,-0.000894,0.04,-0.29,9.86,33.73,0.024501,0.033024,-0.001065
610274842,0.001123,0.000936,-0.000894,0.04,-0.30,9.86,33.67,0.023436,0.034089,-0.001065
610275845,0.000057,0.000936,0.000172,0.06,-0.30,9.84,33.67,0.023436,0.033024,0.000000
610276855,-0.001008,-0.001195,0.000172,0.05,-0.25,9.82,33.65,0.025567,0.031958,0.000000
610277865,0.000057,-0.004390,0.001237,0.01,-0.26,9.81,33.69,0.028763,0.033024,0.001065
610278875,0.002188,-0.004390,0.002302,0.01,-0.25,9.82,33.68,0.028763,0.035154,0.002131
610279893,0.001123,-0.001195,0.001237,0.00,-0.24,9.83,33.68,0.025567,0.034089,0.001065
610280895,0.000057,0.002001,0.000172,-0.02,-0.23,9.82,33.67,0.022371,0.033024,0.000000
610281915,0.000057,0.002001,0.000172,-0.01,-0.25,9.79,33.68,0.022371,0.033024,0.000000
610282945,0.000057,0.000936,-0.001959,0.01,-0.28,9.81,33.65,0.023436,0.033024,-0.002131
610283925,-0.001008,-0.000129,-0.001959,0.00,-0.27,9.83,33.68,0.024501,0.031958,-0.002131
610284944,0.001123,-0.001195,-0.000894,0.02,-0.25,9.81,33.70,0.025567,0.034089,-0.001065
610285945,0.003253,-0.001195,-0.000894,0.03,-0.27,9.82,33.71,0.025567,0.036220,-0.001065
610286955,0.004318,-0.000129,-0.000894,0.03,-0.30,9.82,33.70,0.024501,0.037285,-0.001065
610287966,0.001123,0.000936,0.001237,0.05,-0.29,9.77,33.69,0.023436,0.034089,0.001065
610288977,-0.001008,-0.000129,0.002302,0.02,-0.25,9.86,33.68,0.024501,0.031958,0.002131
610290003,-0.001008,0.000936,0.002302,0.00,-0.25,9.90,33.68,0.023436,0.031958,0.002131
610291003,0.000057,0.002001,0.002302,0.00,-0.24,9.83,33.71,0.022371,0.033024,0.002131
610292023,0.001123,0.000936,0.002302,-0.02,-0.24,9.83,33.70,0.023436,0.034089,0.002131
610293026,0.002188,0.000936,-0.000894,-0.02,-0.29,9.84,33.70,0.023436,0.035154,-0.001065
610294032,0.003253,0.002001,-0.000894,-0.02,-0.28,9.83,33.70,0.022371,0.036220,-0.001065
610295055,0.002188,0.000936,0.001237,0.00,-0.27,9.83,33.70,0.023436,0.035154,0.001065
610296062,0.002188,-0.000129,0.001237,0.03,-0.29,9.80,33.69,0.024501,0.035154,0.001065
610297066,0.002188,-0.001195,0.000172,0.01,-0.30,9.83,33.69,0.025567,0.035154,0.000000
610298076,0.001123,-0.000129,-0.000894,0.02,-0.28,9.86,33.69,0.024501,0.034089,-0.001065
610299087,0.000057,0.000936,-0.000894,0.03,-0.27,9.84,33.68,0.023436,0.033024,-0.001065
610300132,-0.001008,-0.000129,-0.001959,0.03,-0.28,9.85,33.70,0.024501,0.031958,-0.002131
610301146,0.000057,0.000936,-0.001959,0.00,-0.30,9.82,33.64,0.023436,0.033024,-0.002131
610302133,0.001123,-0.000129,0.000172,-0.02,-0.32,9.83,33.64,0.024501,0.034089,0.000000
610303122,0.001123,-0.002260,0.000172,0.00,-0.31,9.82,33.69,0.026632,0.034089,0.000000
610304137,0.002188,-0.000129,-0.000894,0.02,-0.28,9.82,33.68,0.024501,0.035154,-0.001065
610305153,0.002188,0.000936,-0.001959,0.00,-0.29,9.85,33.68,0.023436,0.035154,-0.002131
610306151,0.003253,0.000936,-0.004090,-0.01,-0.31,9.84,33.65,0.023436,0.036220,-0.004261
610307158,0.002188,0.000936,-0.004090,0.00,-0.28,9.84,33.65,0.023436,0.035154,-0.004261
610308168,0.000057,-0.000129,-0.001959,0.01,-0.30,9.82,33.70,0.024501,0.033024,-0.002131
610309175,0.000057,-0.002260,-0.000894,0.02,-0.27,9.78,33.68,0.026632,0.033024,-0.001065
610310196,0.003253,-0.003325,0.000172,0.03,-0.24,9.79,33.66,0.027697,0.036220,0.000000
610311200,0.002188,-0.004390,-0.000894,0.01,-0.27,9.88,33.68,0.028763,0.035154,-0.001065
610312218,0.000057,-0.003325,-0.000894,-0.01,-0.27,9.90,33.68,0.027697,0.033024,-0.001065
610313217,-0.003139,-0.002260,-0.000894,-0.03,-0.27,9.84,33.69,0.026632,0.029828,-0.001065
610314225,-0.003139,-0.002260,-0.000894,-0.02,-0.29,9.83,33.69,0.026632,0.029828,-0.001065
610315242,-0.001008,-0.001195,0.000172,0.00,-0.31,9.85,33.71,0.025567,0.031958,0.000000
610316245,-0.001008,-0.000129,0.000172,0.01,-0.31,9.81,33.72,0.024501,0.031958,0.000000
610317255,-0.001008,0.000936,-0.000894,0.01,-0.32,9.79,33.71,0.023436,0.031958,-0.001065
610318265,0.000057,0.000936,-0.000894,0.01,-0.29,9.83,33.70,0.023436,0.033024,-0.001065
610319275,0.001123,-0.000129,-0.000894,-0.01,-0.27,9.90,33.71,0.024501,0.034089,-0.001065
610320293,0.001123,-0.001195,0.002302,-0.01,-0.29,9.86,33.77,0.025567,0.034089,0.002131
610321295,0.002188,-0.000129,0.003367,0.02,-0.30,9.82,33.76,0.024501,0.035154,0.003196
610322315,0.001123,0.002001,0.002302,0.00,-0.29,9.82,33.74,0.022371,0.034089,0.002131
610323315,0.000057,0.002001,0.000172,0.01,-0.27,9.82,33.74,0.022371,0.033024,0.000000
610324325,-0.001008,0.002001,0.000172,0.04,-0.28,9.84,33.69,0.022371,0.031958,0.000000
610325344,-0.001008,0.002001,-0.000894,0.04,-0.28,9.89,33.70,0.022371,0.031958,-0.001065
610326345,0.000057,-0.000129,-0.001959,0.01,-0.27,9.84,33.71,0.024501,0.033024,-0.002131
610327355,0.001123,-0.003325,-0.001959,0.02,-0.28,9.81,33.68,0.027697,0.034089,-0.002131
610328389,0.000033,-0.003335,0.000152,0.03,-0.30,9.88,33.65,0.027697,0.033024,0.000000
610329375,0.001099,-0.000139,0.001217,0.02,-0.30,9.91,33.69,0.024501,0.034089,0.001065
610330393,0.003229,0.000927,0.002282,0.05,-0.28,9.87,33.72,0.023436,0.036220,0.002131
610331395,0.003229,0.000927,0.002282,0.02,-0.27,9.86,33.73,0.023436,0.036220,0.002131
610332413,0.001099,0.000927,0.001217,0.00,-0.31,9.83,33.70,0.023436,0.034089,0.001065
610333415,0.000033,0.000927,0.000152,0.04,-0.33,9.78,33.69,0.023436,0.033024,0.000000
610334425,-0.002097,-0.000139,0.000152,0.05,-0.32,9.86,33.71,0.024501,0.030893,0.000000
610335442,-0.002097,0.000927,0.000152,0.05,-0.29,9.87,33.67,0.023436,0.030893,0.000000
610336445,-0.001032,0.004122,0.000152,0.04,-0.24,9.81,33.65,0.020240,0.031958,0.000000
610337455,0.001099,0.004122,-0.001979,0.03,-0.22,9.79,33.64,0.020240,0.034089,-0.002131
610338465,0.003229,0.000927,-0.001979,0.00,-0.28,9.81,33.66,0.023436,0.036220,-0.002131
610339475,0.002164,-0.001204,-0.000913,0.02,-0.31,9.84,33.70,0.025567,0.035154,-0.001065
610340493,0.002164,-0.001204,0.000152,0.05,-0.30,9.81,33.71,0.025567,0.035154,0.000000
610341495,0.003229,-0.002269,0.000152,0.03,-0.30,9.80,33.69,0.026632,0.036220,0.000000
610342514,0.004295,-0.002269,0.001217,0.03,-0.25,9.84,33.69,0.026632,0.037285,0.001065
610343515,0.004295,-0.001204,0.000152,0.02,-0.27,9.84,33.68,0.025567,0.037285,0.000000
610344525,0.002164,-0.000139,-0.000913,0.00,-0.30,9.81,33.68,0.024501,0.035154,-0.001065
610345544,0.000033,0.000927,-0.001979,0.03,-0.30,9.80,33.69,0.023436,0.033024,-0.002131
