t,dt_s,gyro_x,gyro_y,gyro_z,acc_x,acc_y,acc_z,rates.x,rates.y,rates.z,ratesTarget.x,ratesTarget.y,ratesTarget.z,attitude.x,attitude.y,attitude.z,attitudeTarget.x,attitudeTarget.y,attitudeTarget.z,thrustTarget,battery_v,rc_roll,rc_pitch,rc_yaw,rc_throttle,rc_mode,flight_mode,rc_age_s,armed,fault_mask,motor_rl,motor_rr,motor_fr,motor_fl,rate_i_x,rate_i_y,rate_i_z,mix_scale,control_source,accel_correction_confidence
44.613,0.001009,0.08007812,-0.001953125,-0.08398438,1.5625,-0.984375,8.8125,0.01953125,-0.009765625,-0.01757812,0,0,0,-0.001708984,-0.006835938,0.2730713,0,0,0.2744141,0,4.052,0,0,0,0,nan,2,0.196,1,0,0.1000061,0.1000061,0.1000061,0.1000061,0,0,0,1,2,0
44.623,0.001017,-0.05859375,-0.01367188,0.08789062,-1.390625,1.414062,8.679688,-0.0078125,0.005859375,0.015625,0,0,0,-0.001708984,-0.006835938,0.2730713,0,0,0.2744141,0,4.052,0,0,0,0,nan,2,0.206,1,0,0.1000061,0.1000061,0.1000061,0.1000061,0,0,0,1,2,0
44.633,0.000977,0.05664062,-0.005859375,-0.0859375,0.453125,-0.4140625,11.55469,0.00390625,-0.009765625,-0.01367188,0,0,0,-0.001708984,-0.006835938,0.2730713,0,0,0.2744141,0,4.052,0,0,0,0,nan,2,0,1,0,0.1000061,0.1000061,0.1000061,0.1000061,0,0,0,1,2,0
44.643,0.000997,-0.06640625,0.00390625,0.08203125,-0.078125,-0.09375,7.382812,-0.005859375,0.00390625,0.0078125,0,0,0,-0.001708984,-0.006835938,0.2730713,0,0,0.2744141,0,4.052,0,0,0,0,nan,2,0.01,1,0,0.1000061,0.1000061,0.1000061,0.1000061,0,0,0,1,2,0
44.653,0.001009,0.03320312,0.00390625,-0.05859375,0.0859375,-0.7109375,12.32031,-0.001953125,-0.001953125,-0.001953125,0,0,0,-0.001708984,-0.006835938,0.2730713,0,0,0.2744141,0,4.052,0,0,0,0,nan,2,0.02,1,0,0.1000061,0.1000061,0.1000061,0.1000061,0,0,0,1,2,0
44.663,0.001009,-0.03320312,-0.0078125,0.046875,0.7109375,0.359375,7.40625,-0.005859375,-0.001953125,0.01171875,0,0,0,-0.001708984,-0.006835938,0.2730713,0,0,0.2744141,0,4.052,0,0,0,0,nan,2,0.03,1,0,0.1000061,0.1000061,0.1000061,0.1000061,0,0,0,1,2,0
44.673,0.001009,0.009765625,-0.005859375,-0.03125,-0.828125,-0.765625,12.78125,0.00390625,-0.001953125,-0.001953125,0,0,0,-0.001708984,-0.006835938,0.2730713,0,0,0.2744141,0,4.052,0,0,0,0,nan,2,0.04,1,0,0.1000061,0.1000061,0.1000061,0.1000061,0,0,0,1,2,0
44.683,0.001008,0.01367188,0,0.01171875,1.15625,0.2265625,7.28125,0.005859375,0,-0.005859375,0,0,0,-0.001586914,-0.006958008,0.2730713,0,0,0.2744141,0,4.052,0,0,0,0,nan,2,0.05,1,0,0.1000061,0.1000061,0.1000061,0.1000061,0,0,0,1,2,0
44.694,0.001009,-0.03320312,-0.00390625,0.01953125,-1.023438,-0.375,12.34375,-0.00390625,0,0.01171875,0,0,0,-0.001586914,-0.006958008,0.2730713,0,0,0.2744141,0,4.052,0,0,0,0,nan,2,0.061,1,0,0.1000061,0.1000061,0.1000061,0.1000061,0,0,0,1,2,0
44.703,0.001011,0.001953125,-0.01171875,-0.04882812,0.65625,1.0625,8.484375,-0.0078125,-0.00390625,-0.00390625,0,0,0,-0.001586914,-0.006958008,0.2730713,0,0,0.2744141,0,4.052,0,0,0,0,nan,2,0.07,1,0,0.1000061,0.1000061,0.1000061,0.1000061,0,0,0,1,2,0
44.713,0.001011,0.0078125,0.005859375,0.06054688,-0.671875,-1.109375,9.304688,0.01171875,0.001953125,0.009765625,0,0,0,-0.001586914,-0.006958008,0.2731934,0,0,0.2744141,0,4.052,0,0,0,0,nan,2,0.08,1,0,0.1000061,0.1000061,0.1000061,0.1000061,0,0,0,1,2,0.0952381
44.723,0.001015,-0.015625,-0.00390625,-0.05859375,0.59375,1.898438,11.27344,-0.015625,-0.00390625,0.001953125,0,0,0,-0.001708984,-0.006958008,0.2731934,0,0,0.2744141,0,4.052,0,0,0,0,nan,2,0.09,1,0,0.1000061,0.1000061,0.1000061,0.1000061,0,0,0,1,2,0
44.733,0.001007,0.03320312,0.001953125,0.046875,-0.21875,-2.476562,8.046875,0.02148438,0.00390625,-0.005859375,0,0,0,-0.001586914,-0.006958008,0.2731934,0,0,0.2744141,0,4.052,0,0,0,0,nan,2,0.1,1,0,0.1000061,0.1000061,0.1000061,0.1000061,0,0,0,1,2,0
44.743,0.001008,-0.05664062,-0.00390625,-0.03125,0.390625,1.789062,11.79688,-0.01953125,-0.00390625,0.01171875,0,0,0,-0.001586914,-0.006958008,0.2731934,0,0,0.2744141,0,4.052,0,0,0,0,nan,2,0.11,1,0,0.1000061,0.1000061,0.1000061,0.1000061,0,0,0,1,2,0
44.753,0.001012,0.07421875,0.00390625,0.0078125,-0.5703125,-1.570312,8.8125,0.01757812,0.005859375,-0.01757812,0,0,0,-0.001586914,-0.006958008,0.2731934,0,0,0.2744141,0,4.052,0,0,0,0,nan,2,0.12,1,0,0.1000061,0.1000061,0.1000061,0.1000061,0,0,0,1,2,0
44.763,0.001011,-0.02734375,0.03125,-0.06835938,1.34375,2.171875,11.82031,-0.009765625,0.001953125,-0.0078125,0,0,0,-0.001586914,-0.006958008,0.2731934,0,0,0.2744141,0,4.052,0,0,0,0,nan,2,0.13,1,0,0.1000061,0.1000061,0.1000061,0.1000061,0,0,0,1,2,0
44.773,0.001012,0.05273438,-0.02539062,0.05664062,-1.546875,-1.117188,7.78125,0.01757812,0.0078125,-0.001953125,0,0,0,-0.001586914,-0.006835938,0.2730713,0,0,0.2744141,0,4.052,0,0,0,0,nan,2,0.14,1,0,0.1000061,0.1000061,0.1000061,0.1000061,0,0,0,1,2,0
44.783,0.001012,-0.07226562,0.01757812,-0.0234375,1.421875,-0.1015625,11.47656,-0.01757812,-0.01171875,0.01171875,0,0,0,-0.001586914,-0.006958008,0.2730713,0,0,0.2744141,0,4.052,0,0,0,0,nan,2,0.15,1,0,0.1000061,0.1000061,0.1000061,0.1000061,0,0,0,1,2,0
44.794,0.001012,0.06835938,0.01757812,0.01953125,-1.898438,-0.0625,9.453125,0.01367188,0.01367188,-0.005859375,0,0,0,-0.001586914,-0.006958008,0.2730713,0,0,0.2744141,0,4.052,0,0,0,0,nan,2,0.161,1,0,0.1000061,0.1000061,0.1000061,0.1000061,0,0,0,1,2,0.5396826
44.803,0.001009,-0.015625,-0.07421875,0.02929688,0.734375,-0.875,8.421875,0.01171875,-0.01757812,0.01171875,0,0,0,-0.001464844,-0.006958008,0.2731934,0,0,0.2744141,0,4.052,0,0,0,0,nan,2,0.17,1,0,0.1000061,0.1000061,0.1000061,0.1000061,0,0,0,1,2,0
44.813,0.00101,-0.02539062,0.0625,-0.01953125,0.46875,1.382812,11.875,-0.01953125,0.0078125,-0.00390625,0,0,0,-0.001586914,-0.006958008,0.2731934,0,0,0.2744141,0,4.052,0,0,0,0,nan,2,0.18,1,0,0.1000061,0.1000061,0.1000061,0.1000061,0,0,0,1,2,0
44.823,0.001009,0.06835938,-0.0625,0.01171875,0.1796875,-1.101562,7.289062,0.02148438,-0.009765625,0.001953125,0,0,0,-0.001586914,-0.006958008,0.2731934,0,0,0.2744141,0,4.052,0,0,0,0,nan,2,0.19,1,0,0.1000061,0.1000061,0.1000061,0.1000061,0,0,0,1,2,0
44.833,0.001006,-0.078125,0.0625,0,-0.28125,1.09375,12.15625,-0.015625,0.0078125,0.001953125,0,0,0,-0.001586914,-0.006958008,0.2731934,0,0,0.2744141,0,4.052,0,0,0,0,nan,2,0.2,1,0,0.1000061,0.1000061,0.1000061,0.1000061,0,0,0,1,2,0
44.843,0.001008,0.1035156,-0.03710938,-0.0234375,-0.5390625,-0.1171875,8.382812,0.01171875,0.001953125,-0.005859375,0,0,0,-0.001586914,-0.006958008,0.2731934,0,0,0.2744141,0,4.052,0,0,0,0,nan,2,0.21,1,0,0.1000061,0.1000061,0.1000061,0.1000061,0,0,0,1,2,0
44.853,0.001002,-0.1035156,0.015625,0.03320312,0.1328125,-0.8203125,10.11719,-0.00390625,-0.005859375,0.005859375,0,0,0,-0.001464844,-0.006958008,0.2731934,0,0,0.2744141,0,4.052,0,0,0,0,nan,2,0.004,1,0,0.1000061,0.1000061,0.1000061,0.1000061,0,0,0,1,2,0.2857143
44.863,0.001011,0.1445312,-0.01757812,-0.0078125,-0.59375,-2.0625,8.523438,0.03515625,0.001953125,-0.0078125,0,0,0,-0.001464844,-0.006958008,0.2731934,0,0,0.2744141,0,4.052,0,0,0,0,nan,2,0.014,1,0,0.1000061,0.1000061,0.1000061,0.1000061,0,0,0,1,2,0
44.873,0.00101,-0.1796875,-0.02148438,0.02148438,1.0625,0.890625,10.64844,-0.0234375,-0.009765625,0.009765625,0,0,0,-0.001464844,-0.006958008,0.2731934,0,0,0.2744141,0,4.052,0,0,0,0,nan,2,0.024,1,0,0.1000061,0.1000061,0.1000061,0.1000061,0,0,0,1,2,0
44.883,0.001011,0.15625,0.0625,-0.0234375,-1.382812,-0.4296875,9.953125,0.0078125,0.01757812,-0.01171875,0,0,0,-0.001586914,-0.006835938,0.2731934,0,0,0.2744141,0,4.052,0,0,0,0,nan,2,0.034,1,0,0.1000061,0.1000061,0.1000061,0.1000061,0,0,0,1,2,0.4285714
44.894,0.00101,-0.1660156,-0.08789062,0.01953125,1.195312,-1.101562,9.429688,-0.001953125,-0.015625,0.005859375,0,0,0,-0.001586914,-0.006713867,0.2730713,0,0,0.2744141,0,4.052,0,0,0,0,nan,2,0.044,1,0,0.1000061,0.1000061,0.1000061,0.1000061,0,0,0,1,2,0.4920635
44.904,0.001009,0.09765625,0.109375,-0.015625,0.171875,0.3125,10.75,-0.015625,0.01367188,-0.01171875,0,0,0,-0.001708984,-0.006713867,0.2730713,0,0,0.2744141,0,4.052,0,0,0,0,nan,2,0.054,1,0,0.1000061,0.1000061,0.1000061,0.1000061,0,0,0,1,2,0
44.913,0.00101,0.1074219,-0.02929688,0.0234375,-2.875,-1.234375,8.351562,0.04882812,0.01953125,0.001953125,0,0,0,-0.001586914,-0.006591797,0.2730713,0,0,0.2744141,0,4.052,0,0,0,0,nan,2,0.064,1,0,0.1000061,0.1000061,0.1000061,0.1000061,0,0,0,1,2,0
44.923,0.00101,-0.1152344,-0.0078125,-0.04101562,2.9375,1.84375,9.679688,-0.04101562,-0.02734375,-0.01367188,0,0,0,-0.001708984,-0.006713867,0.2730713,0,0,0.2744141,0,4.052,0,0,0,0,nan,2,0.074,1,0,0.1000061,0.1000061,0.1000061,0.1000061,0,0,0,1,2,0.03174603
44.933,0.001006,0.1523438,0.04101562,0.0390625,-3.3125,0.0625,10.80469,0.03320312,0.02929688,0.009765625,0,0,0,-0.001708984,-0.006713867,0.2729492,0,0,0.2744141,0,4.052,0,0,0,0,nan,2,0.084,1,0,0.1000061,0.1000061,0.1000061,0.1000061,0,0,0,1,2,0
44.943,0.001012,-0.1484375,-0.05664062,-0.04882812,2.929688,0.125,8.945312,-0.01757812,-0.0234375,-0.01367188,0,0,0,-0.001586914,-0.006713867,0.2729492,0,0,0.2744141,0,4.052,0,0,0,0,nan,2,0.094,1,0,0.1000061,0.1000061,0.1000061,0.1000061,0,0,0,1,2,0.1746032
44.953,0.001006,0.1015625,0.06054688,0.06054688,-2.789062,1.085938,10.96875,0.001953125,0.02148438,0.01171875,0,0,0,-0.001708984,-0.006591797,0.2729492,0,0,0.2744141,0,4.052,0,0,0,0,nan,2,0.104,1,0,0.1000061,0.1000061,0.1000061,0.1000061,0,0,0,1,2,0
44.963,0.00101,-0.109375,0.00390625,-0.03125,2.09375,-0.6953125,9.554688,-0.01757812,-0.01171875,-0.0234375,0,0,0,-0.001708984,-0.006713867,0.2728271,0,0,0.2744141,0,4.052,0,0,0,0,nan,2,0.114,1,0,0.1000061,0.1000061,0.1000061,0.1000061,0,0,0,1,2,0.9206349
44.973,0.00101,0.07421875,0,0.03125,-1.382812,1.007812,9.8125,-0.005859375,0.0078125,0.015625,0,0,0,-0.001831055,-0.006713867,0.2728271,0,0,0.2744141,0,4.052,0,0,0,0,nan,2,0.124,1,0,0.1000061,0.1000061,0.1000061,0.1000061,0,0,0,1,2,0.6507937
44.983,0.001009,-0.03710938,-0.01171875,-0.05078125,1.023438,-1.25,9.210938,0.015625,-0.0078125,-0.0234375,0,0,0,-0.001708984,-0.006713867,0.2728271,0,0,0.2744141,0,4.052,0,0,0,0,nan,2,0.134,1,0,0.1000061,0.1000061,0.1000061,0.1000061,0,0,0,1,2,0.06349207
44.993,0.00101,0.009765625,0.02148438,0.06054688,-0.171875,2.367188,9.8125,-0.02148438,0.005859375,0.01757812,0,0,0,-0.001831055,-0.006713867,0.2728271,0,0,0.2744141,0,4.052,0,0,0,0,nan,2,0.144,1,0,0.1000061,0.1000061,0.1000061,0.1000061,0,0,0,1,2,0.4126984
45.004,0.00101,0.01953125,-0.02929688,-0.05273438,-0.84375,-3.015625,10.11719,0.02734375,-0.00390625,-0.0078125,0,0,0,-0.001708984,-0.006713867,0.2728271,0,0,0.2744141,0,4.052,0,0,0,0,nan,2,0.154,1,0,0.1000061,0.1000061,0.1000061,0.1000061,0,0,0,1,2,0
45.013,0.001009,-0.1191406,-0.01367188,0.02734375,1.992188,1.90625,8.921875,-0.02148438,-0.005859375,-0.005859375,0,0,0,-0.001708984,-0.006835938,0.2728271,0,0,0.2744141,0,4.052,0,0,0,0,nan,2,0.164,1,0,0.1000061,0.1000061,0.1000061,0.1000061,0,0,0,1,2,0.03174603
45.023,0.001009,0.1308594,0.04101562,-0.009765625,-1.398438,-1.5625,11.03906,0.01757812,0.01171875,0.005859375,0,0,0,-0.001708984,-0.006713867,0.2728271,0,0,0.2744141,0,4.052,0,0,0,0,nan,2,0.174,1,0,0.1000061,0.1000061,0.1000061,0.1000061,0,0,0,1,2,0
45.033,0.00101,-0.1230469,-0.07617188,-0.015625,1.851562,0.7578125,8.53125,-0.01171875,-0.01171875,-0.009765625,0,0,0,-0.001708984,-0.006713867,0.2727051,0,0,0.2744141,0,4.052,0,0,0,0,nan,2,0.184,1,0,0.1000061,0.1000061,0.1000061,0.1000061,0,0,0,1,2,0
45.043,0.001031,0.1113281,0.07226562,0.046875,-1.125,-0.515625,11.10156,0.0078125,0.005859375,0.01171875,0,0,0,-0.001708984,-0.006713867,0.2728271,0,0,0.2744141,0,4.052,0,0,0,0,nan,2,0.194,1,0,0.1000061,0.1000061,0.1000061,0.1000061,0,0,0,1,2,0
45.053,0.001007,-0.07617188,-0.05859375,-0.06054688,0.140625,1.421875,8.851562,-0.005859375,0.00390625,-0.01171875,0,0,0,-0.001708984,-0.006713867,0.2728271,0,0,0.2744141,0,4.052,0,0,0,0,nan,2,0.204,1,0,0.1000061,0.1000061,0.1000061,0.1000061,0,0,0,1,2,0
45.063,0.001052,0.05859375,0.05664062,0.05859375,-1.695312,-0.828125,11.14844,0.0078125,0.0078125,0.015625,0,0,0,-0.001708984,-0.006835938,0.2727051,0,0,0.2744141,0,4.052,0,0,0,0,nan,2,0.214,1,0,0.1000061,0.1000061,0.1000061,0.1000061,0,0,0,1,2,0
45.073,0.001029,-0.02148438,-0.04882812,-0.09960938,1.429688,1.257812,8.46875,-0.0078125,-0.005859375,-0.02148438,0,0,0,-0.001831055,-0.006835938,0.2727051,0,0,0.2744141,0,4.052,0,0,0,0,nan,2,0.005,1,0,0.1000061,0.1000061,0.1000061,0.1000061,0,0,0,1,2,0
45.083,0.001009,0.01171875,0.0234375,0.09960938,-1.203125,-0.2734375,10.25781,-0.001953125,0.005859375,0.009765625,0,0,0,-0.001831055,-0.006835938,0.272583,0,0,0.2744141,0,4.052,0,0,0,0,nan,2,0.015,1,0,0.1000061,0.1000061,0.1000061,0.1000061,0,0,0,1,2,0
45.093,0.001009,-0.005859375,-0.0234375,-0.1152344,0.2890625,0.546875,9.492188,-0.0078125,-0.00390625,-0.01367188,0,0,0,-0.001831055,-0.006835938,0.272583,0,0,0.2744141,0,4.052,0,0,0,0,nan,2,0.025,1,0,0.1000061,0.1000061,0.1000061,0.1000061,0,0,0,1,2,0.3492064
45.104,0.00101,-0.01171875,0.02148438,0.1035156,-0.015625,-0.5546875,9.257812,-0.001953125,0.0078125,0,0,0,0,-0.001831055,-0.006835938,0.272583,0,0,0.2744141,0,4.052,0,0,0,0,nan,2,0.035,1,0,0.1000061,0.1000061,0.1000061,0.1000061,0,0,0,1,2,0
45.113,0.001008,-0.0078125,-0.009765625,0.0234375,-0.703125,0.2265625,10.11719,-0.005859375,-0.001953125,0.02539062,0,0,0,-0.001831055,-0.006835938,0.272583,0,0,0.2744141,0,4.052,0,0,0,0,nan,2,0.044,1,0,0.1000061,0.1000061,0.1000061,0.1000061,0,0,0,1,2,0.2857143
45.123,0.00101,0.02148438,0.0078125,-0.06640625,0.65625,0.21875,10.14062,0.01171875,0.00390625,-0.03515625,0,0,0,-0.001831055,-0.006835938,0.2724609,0,0,0.2744141,0,4.052,0,0,0,0,nan,2,0.055,1,0,0.1000061,0.1000061,0.1000061,0.1000061,0,0,0,1,2,0.2222222
45.133,0.001006,-0.0078125,-0.01953125,0.08007812,0.078125,0.375,8.695312,-0.00390625,-0.00390625,0.02734375,0,0,0,-0.001831055,-0.006835938,0.2724609,0,0,0.2744141,0,4.052,0,0,0,0,nan,2,0.065,1,0,0.1000061,0.1000061,0.1000061,0.1000061,0,0,0,1,2,0
45.143,0.00101,0.0078125,0.01757812,-0.09570312,-0.21875,0.0625,11.41406,0.001953125,0.0078125,-0.02734375,0,0,0,-0.001831055,-0.006835938,0.2724609,0,0,0.2744141,0,4.052,0,0,0,0,nan,2,0.075,1,0,0.1000061,0.1000061,0.1000061,0.1000061,0,0,0,1,2,0
45.153,0.001005,-0.001953125,-0.0234375,0.08789062,0.25,0.0625,7.773438,-0.005859375,-0.01171875,0.01757812,0,0,0,-0.001831055,-0.006835938,0.2724609,0,0,0.2744141,0,4.052,0,0,0,0,nan,2,0.085,1,0,0.1000061,0.1000061,0.1000061,0.1000061,0,0,0,1,2,0
45.163,0.001009,-0.005859375,-0.005859375,-0.05273438,-0.859375,1.453125,11.10938,0,0.009765625,-0.02148438,0,0,0,-0.001831055,-0.006835938,0.2724609,0,0,0.2744141,0,4.052,0,0,0,0,nan,2,0.095,1,0,0.1000061,0.1000061,0.1000061,0.1000061,0,0,0,1,2,0
45.173,0.000962,0.04296875,-0.005859375,0.06054688,1.234375,-0.28125,8.507812,0.01171875,-0.01367188,0.015625,0,0,0,-0.001831055,-0.006835938,0.2724609,0,0,0.2744141,0,4.047,0,0,0,0,nan,2,0.105,1,0,0.1000061,0.1000061,0.1000061,0.1000061,0,0,0,1,2,0
45.183,0.001009,-0.04296875,0.01367188,-0.05664062,-1.296875,1.296875,10.79688,-0.0078125,0.01171875,-0.005859375,0,0,0,-0.001831055,-0.006835938,0.2724609,0,0,0.2744141,0,4.047,0,0,0,0,nan,2,0.115,1,0,0.1000061,0.1000061,0.1000061,0.1000061,0,0,0,1,2,0
45.193,0.001008,0.06640625,-0.01953125,0.0390625,0.9609375,-0.390625,8.171875,0.009765625,-0.009765625,-0.00390625,0,0,0,-0.001831055,-0.006835938,0.2724609,0,0,0.2744141,0,4.047,0,0,0,0,nan,2,0.125,1,0,0.1000061,0.1000061,0.1000061,0.1000061,0,0,0,1,2,0
45.204,0.001009,-0.07421875,0.03710938,-0.015625,-1.476562,0.265625,12.03906,-0.01367188,0.009765625,0.009765625,0,0,0,-0.001831055,-0.006835938,0.2724609,0,0,0.2744141,0,4.047,0,0,0,0,nan,2,0.135,1,0,0.1000061,0.1000061,0.1000061,0.1000061,0,0,0,1,2,0
45.213,0.000994,0.02539062,-0.02929688,-0.06835938,0.6640625,1.9375,10.15625,-0.01171875,-0.001953125,-0.01757812,0,0,0,-0.001831055,-0.006835938,0.2724609,0,0,0.2744141,0,4.047,0,0,0,0,nan,2,0.144,1,0,0.1000061,0.1000061,0.1000061,0.1000061,0,0,0,1,2,0
45.223,0.000995,-0.0078125,0.01171875,0.09179688,-0.4453125,-2.046875,9.5,0.01757812,-0.00390625,0.01953125,0,0,0,-0.001831055,-0.006835938,0.2724609,0,0,0.2744141,0,4.047,0,0,0,0,nan,2,0.155,1,0,0.1000061,0.1000061,0.1000061,0.1000061,0,0,0,1,2,0.7301587
45.233,0.001019,-0.015625,0,-0.1035156,0.9453125,2.859375,10.21094,-0.02148438,0.00390625,-0.01367188,0,0,0,-0.001953125,-0.006835938,0.2724609,0,0,0.2744141,0,4.047,0,0,0,0,nan,2,0.165,1,0,0.1000061,0.1000061,0.1000061,0.1000061,0,0,0,1,2,0
45.243,0.000971,0.0390625,-0.0078125,0.1035156,-0.453125,-2.460938,9.445312,0.01757812,-0.00390625,0.0078125,0,0,0,-0.001953125,-0.006835938,0.2724609,0,0,0.2744141,0,4.047,0,0,0,0,nan,2,0.175,1,0,0.1000061,0.1000061,0.1000061,0.1000061,0,0,0,1,2,0.8730159
45.253,0.001013,-0.05273438,0.02148438,-0.09570312,0.734375,1.820312,10.25781,-0.02148438,0.001953125,-0.001953125,0,0,0,-0.001953125,-0.006958008,0.272583,0,0,0.2744141,0,4.047,0,0,0,0,nan,2,0.185,1,0,0.1000061,0.1000061,0.1000061,0.1000061,0,0,0,1,2,0
45.263,0.000993,0.01757812,-0.05078125,0.1074219,-0.515625,-1.15625,8.046875,0.01757812,-0.0078125,0.015625,0,0,0,-0.001953125,-0.006835938,0.2724609,0,0,0.2744141,0,4.047,0,0,0,0,nan,2,0.195,1,0,0.1000061,0.1000061,0.1000061,0.1000061,0,0,0,1,2,0
45.273,0.000961,-0.01953125,0.05664062,-0.1113281,0.6953125,1.734375,11.20312,-0.01757812,0.0078125,-0.01367188,0,0,0,-0.001953125,-0.006835938,0.2724609,0,0,0.2744141,0,4.047,0,0,0,0,nan,2,0.205,1,0,0.1000061,0.1000061,0.1000061,0.1000061,0,0,0,1,2,0
45.283,0.000983,0.05078125,-0.0546875,0.09375,-1.015625,-0.1953125,8.46875,0.015625,-0.001953125,0.009765625,0,0,0,-0.001953125,-0.006835938,0.2724609,0,0,0.2744141,0,4.047,0,0,0,0,nan,2,0.001,1,0,0.1000061,0.1000061,0.1000061,0.1000061,0,0,0,1,2,0
45.293,0.001011,-0.05664062,0.0546875,-0.0703125,0.8046875,-0.0703125,10.82812,-0.01367188,0.001953125,-0.001953125,0,0,0,-0.001953125,-0.006835938,0.2724609,0,0,0.2744141,0,4.047,0,0,0,0,nan,2,0.011,1,0,0.1000061,0.1000061,0.1000061,0.1000061,0,0,0,1,2,0
45.304,0.001004,0.04492188,-0.04296875,0.05078125,-1.179688,-0.0703125,8.40625,0.001953125,0.00390625,-0.001953125,0,0,0,-0.001953125,-0.006835938,0.2724609,0,0,0.2744141,0,4.047,0,0,0,0,nan,2,0.021,1,0,0.1000061,0.1000061,0.1000061,0.1000061,0,0,0,1,2,0
45.313,0.00101,-0.00390625,-0.03125,0.02929688,1.960938,-1.53125,8.835938,0.009765625,-0.01367188,0.01367188,0,0,0,-0.001953125,-0.006835938,0.2724609,0,0,0.2744141,0,4.047,0,0,0,0,nan,2,0.03,1,0,0.1000061,0.1000061,0.1000061,0.1000061,0,0,0,1,2,0
45.323,0.00101,-0.02929688,0.046875,-0.04101562,-1.179688,2.46875,10.90625,-0.01953125,0.01757812,-0.01367188,0,0,0,-0.002075195,-0.006835938,0.2724609,0,0,0.2744141,0,4.047,0,0,0,0,nan,2,0.04,1,0,0.1000061,0.1000061,0.1000061,0.1000061,0,0,0,1,2,0
45.333,0.001011,0.0859375,-0.04492188,0.03515625,1.164062,-1.671875,8.4375,0.0234375,-0.01367188,0.00390625,0,0,0,-0.002075195,-0.006835938,0.2724609,0,0,0.2744141,0,4.047,0,0,0,0,nan,2,0.05,1,0,0.1000061,0.1000061,0.1000061,0.1000061,0,0,0,1,2,0
45.343,0.001006,-0.09570312,0.04492188,-0.02734375,-0.734375,2,10.82031,-0.02148438,0.01171875,0,0,0,0,-0.002075195,-0.006835938,0.2724609,0,0,0.2744141,0,4.047,0,0,0,0,nan,2,0.061,1,0,0.1000061,0.1000061,0.1000061,0.1000061,0,0,0,1,2,0
45.353,0.001008,0.1054688,-0.04296875,0.01171875,0.4375,-1.117188,8.90625,0.01367188,-0.005859375,-0.0078125,0,0,0,-0.002075195,-0.006835938,0.2724609,0,0,0.2744141,0,4.047,0,0,0,0,nan,2,0.071,1,0,0.1000061,0.1000061,0.1000061,0.1000061,0,0,0,1,2,0
45.363,0.001008,-0.1113281,0.03320312,-0.03515625,-0.21875,2.882812,10.26562,-0.02929688,0.009765625,0.001953125,0,0,0,-0.002075195,-0.006835938,0.2724609,0,0,0.2744141,0,4.047,0,0,0,0,nan,2,0.081,1,0,0.1000061,0.1000061,0.1000061,0.1000061,0,0,0,1,2,0
45.373,0.001009,0.1269531,-0.02148438,0.02929688,-0.546875,-1.78125,9.117188,0.02734375,-0.005859375,-0.005859375,0,0,0,-0.002075195,-0.006835938,0.2723389,0,0,0.2744141,0,4.047,0,0,0,0,nan,2,0.091,1,0,0.1000061,0.1000061,0.1000061,0.1000061,0,0,0,1,2,0
45.383,0.001009,-0.1484375,0.02734375,-0.01367188,0.40625,1.585938,10.32031,-0.02734375,0.00390625,0.009765625,0,0,0,-0.002075195,-0.006835938,0.2724609,0,0,0.2744141,0,4.047,0,0,0,0,nan,2,0.101,1,0,0.1000061,0.1000061,0.1000061,0.1000061,0,0,0,1,2,0
45.393,0.001009,0.1269531,-0.02148438,-0.00390625,-0.8984375,-1.382812,8.367188,0.01171875,0.00390625,-0.01757812,0,0,0,-0.002197266,-0.006835938,0.2723389,0,0,0.2744141,0,4.047,0,0,0,0,nan,2,0.111,1,0,0.1000061,0.1000061,0.1000061,0.1000061,0,0,0,1,2,0
45.404,0.001008,-0.1191406,-0.005859375,0.015625,0.5078125,0.296875,10.28125,-0.005859375,-0.01171875,0.01367188,0,0,0,-0.002197266,-0.006835938,0.2723389,0,0,0.2744141,0,4.047,0,0,0,0,nan,2,0.121,1,0,0.1000061,0.1000061,0.1000061,0.1000061,0,0,0,1,2,0
45.413,0.001012,0.00390625,0.08203125,-0.08398438,0.578125,2.53125,11.39062,-0.02539062,0.01367188,-0.01953125,0,0,0,-0.002319336,-0.006835938,0.2723389,0,0,0.2744141,0,4.047,0,0,0,0,nan,2,0.13,1,0,0.1000061,0.1000061,0.1000061,0.1000061,0,0,0,1,2,0
45.423,0.001009,0.0390625,-0.0859375,0.08203125,-0.7421875,-1.679688,8.21875,0.02734375,-0.0078125,0.01367188,0,0,0,-0.002197266,-0.006713867,0.2722168,0,0,0.2744141,0,4.047,0,0,0,0,nan,2,0.14,1,0,0.1000061,0.1000061,0.1000061,0.1000061,0,0,0,1,2,0
45.433,0.001003,-0.05664062,0.07617188,-0.07226562,1.164062,2.101562,11.0625,-0.02539062,0.001953125,-0.009765625,0,0,0,-0.002197266,-0.006713867,0.2723389,0,0,0.2744141,0,4.047,0,0,0,0,nan,2,0.15,1,0,0.1000061,0.1000061,0.1000061,0.1000061,0,0,0,1,2,0
45.443,0.001006,0.09960938,-0.05273438,0.06054688,-1.726562,-0.0390625,9.148438,0.0234375,0.005859375,0.0078125,0,0,0,-0.002197266,-0.006713867,0.2723389,0,0,0.2744141,0,4.047,0,0,0,0,nan,2,0.161,1,0,0.1000061,0.1000061,0.1000061,0.1000061,0,0,0,1,2,0
45.453,0.001007,-0.08984375,0.05078125,-0.04492188,1.476562,0.046875,9.625,-0.015625,-0.00390625,-0.001953125,0,0,0,-0.002197266,-0.006713867,0.2723389,0,0,0.2744141,0,4.047,0,0,0,0,nan,2,0.171,1,0,0.1000061,0.1000061,0.1000061,0.1000061,0,0,0,1,2,0.7777778
45.463,0.001009,0.08984375,-0.07421875,0.03320312,-0.6875,-0.65625,8.398438,0.01757812,-0.005859375,0.009765625,0,0,0,-0.002319336,-0.006713867,0.2723389,0,0,0.2744141,0,4.047,0,0,0,0,nan,2,0.181,1,0,0.1000061,0.1000061,0.1000061,0.1000061,0,0,0,1,2,0
45.473,0.001009,-0.1191406,0.0703125,-0.02148438,0.125,0.1171875,10.1875,-0.015625,0.0078125,-0.00390625,0,0,0,-0.002319336,-0.006713867,0.2723389,0,0,0.2744141,0,4.047,0,0,0,0,nan,2,0.191,1,0,0.1000061,0.1000061,0.1000061,0.1000061,0,0,0,1,2,0.2063492
45.483,0.000968,0.08984375,-0.05664062,0.009765625,-0.78125,0.6484375,8.96875,-0.001953125,0,0.00390625,0,0,0,-0.002319336,-0.006713867,0.2723389,0,0,0.2744141,0,4.047,0,0,0,0,nan,2,0.201,1,0,0.1000061,0.1000061,0.1000061,0.1000061,0,0,0,1,2,0
45.493,0.001009,-0.09765625,0.03710938,0.005859375,0.296875,-1.515625,10.17969,0.001953125,-0.001953125,0.00390625,0,0,0,-0.002319336,-0.006713867,0.2723389,0,0,0.2744141,0,4.047,0,0,0,0,nan,2,0.211,1,0,0.1000061,0.1000061,0.1000061,0.1000061,0,0,0,1,2,0
45.504,0.001008,0.04492188,-0.01757812,-0.01953125,0.09375,1.390625,10.58594,-0.01953125,0.005859375,-0.00390625,0,0,0,-0.002441406,-0.006713867,0.2724609,0,0,0.2744141,0,4.047,0,0,0,0,nan,2,0.221,1,0,0.1000061,0.1000061,0.1000061,0.1000061,0,0,0,1,2,0
45.513,0.001011,0.109375,-0.0390625,0.01953125,0.015625,-3,9.53125,0.03515625,-0.01171875,-0.00390625,0,0,0,-0.002441406,-0.006713867,0.2723389,0,0,0.2744141,0,4.047,0,0,0,0,nan,2,0.23,1,0,0.1000061,0.1000061,0.1000061,0.1000061,0,0,0,1,2,0.5873016
45.523,0.000981,-0.125,0.03710938,-0.0234375,0.5625,3.789062,9.53125,-0.03710938,0.005859375,0.00390625,0,0,0,-0.002563477,-0.006713867,0.2724609,0,0,0.2744141,0,4.047,0,0,0,0,nan,2,0.24,1,0,0.1000061,0.1000061,0.1000061,0.1000061,0,0,0,1,2,0.04761905
45.533,0.001027,0.1503906,-0.03125,0.01171875,-1.117188,-2.140625,10.02344,0.03125,-0.001953125,-0.005859375,0,0,0,-0.002563477,-0.006713867,0.2723389,0,0,0.2744141,0,4.047,0,0,0,0,nan,2,0.005,1,0,0.1000061,0.1000061,0.1000061,0.1000061,0,0,0,1,2,0
45.543,0.001031,-0.1582031,0.005859375,-0.02148438,1.585938,1.359375,9.25,-0.02734375,-0.0078125,0.00390625,0,0,0,-0.002563477,-0.006713867,0.2723389,0,0,0.2744141,0,4.047,0,0,0,0,nan,2,0.015,1,0,0.1000061,0.1000061,0.1000061,0.1000061,0,0,0,1,2,0.3174603
45.553,0.001021,0.1230469,-0.03125,0.04882812,-1.65625,-2.671875,10.11719,0.01367188,0.005859375,-0.00390625,0,0,0,-0.002685547,-0.006713867,0.2723389,0,0,0.2744141,0,4.047,0,0,0,0,nan,2,0.025,1,0,0.1000061,0.1000061,0.1000061,0.1000061,0,0,0,1,2,0
45.563,0.00101,-0.1289062,0.01171875,-0.05273438,2.625,1.664062,8.828125,-0.0390625,-0.01367188,-0.00390625,0,0,0,-0.002807617,-0.006713867,0.2723389,0,0,0.2744141,0,4.047,0,0,0,0,nan,2,0.035,1,0,0.1000061,0.1000061,0.1000061,0.1000061,0,0,0,1,2,0.07936508
45.573,0.001009,0.1308594,0,0.05078125,-2.414062,-0.609375,10.21875,0.02539062,0.01367188,0.001953125,0,0,0,-0.002807617,-0.006713867,0.2723389,0,0,0.2744141,0,4.047,0,0,0,0,nan,2,0.045,1,0,0.1000061,0.1000061,0.1000061,0.1000061,0,0,0,1,2,0
45.583,0.000979,-0.1191406,-0.009765625,-0.04492188,2.609375,-0.171875,9.523438,-0.009765625,-0.01757812,0.001953125,0,0,0,-0.002807617,-0.006713867,0.2723389,0,0,0.2744141,0,4.047,0,0,0,0,nan,2,0.056,1,0,0.1000061,0.1000061,0.1000061,0.1000061,0,0,0,1,2,0.7777778
45.593,0.001008,0.08984375,0.03515625,0.04296875,-2.320312,0.8515625,10.57031,0.001953125,0.01953125,0.001953125,0,0,0,-0.002807617,-0.006713867,0.2723389,0,0,0.2744141,0,4.047,0,0,0,0,nan,2,0.066,1,0,0.1000061,0.1000061,0.1000061,0.1000061,0,0,0,1,2,0
45.604,0.001008,-0.046875,-0.03125,-0.03515625,2.28125,-2.1875,9.390625,0.01171875,-0.02148438,-0.001953125,0,0,0,-0.002807617,-0.006835938,0.2723389,0,0,0.2744141,0,4.047,0,0,0,0,nan,2,0.076,1,0,0.1000061,0.1000061,0.1000061,0.1000061,0,0,0,1,2,0.7301587
45.613,0.00101,-0.08789062,0.06835938,-0.001953125,-0.25,1.773438,10.59375,-0.02539062,0.01171875,-0.009765625,0,0,0,-0.002807617,-0.006835938,0.2723389,0,0,0.2744141,0,4.047,0,0,0,0,nan,2,0.085,1,0,0.1000061,0.1000061,0.1000061,0.1000061,0,0,0,1,2,0
45.623,0.001008,0.1210938,-0.06640625,0.001953125,-0.4453125,-1.570312,9.054688,0.0234375,-0.009765625,0.009765625,0,0,0,-0.002807617,-0.006713867,0.2723389,0,0,0.2744141,0,4.047,0,0,0,0,nan,2,0.095,1,0,0.1000061,0.1000061,0.1000061,0.1000061,0,0,0,1,2,0
45.633,0.001006,-0.1171875,0.05273438,0,0.359375,0.421875,9.617188,-0.01171875,0.005859375,-0.00390625,0,0,0,-0.002929688,-0.006835938,0.2723389,0,0,0.2744141,0,4.047,0,0,0,0,nan,2,0.105,1,0,0.1000061,0.1000061,0.1000061,0.1000061,0,0,0,1,2,0.6031746
45.643,0.001007,0.1191406,-0.03710938,-0.005859375,-0.5703125,0.5546875,9.625,0.009765625,-0.001953125,0.00390625,0,0,0,-0.002807617,-0.006713867,0.2723389,0,0,0.2744141,0,4.047,0,0,0,0,nan,2,0.115,1,0,0.1000061,0.1000061,0.1000061,0.1000061,0,0,0,1,2,0.6349207
45.653,0.001006,-0.1464844,0.02929688,0.0078125,0.4375,2.546875,9.328125,-0.00390625,-0.001953125,0,0,0,0,-0.002807617,-0.006713867,0.2723389,0,0,0.2744141,0,4.047,0,0,0,0,nan,2,0.125,1,0,0.1000061,0.1000061,0.1000061,0.1000061,0,0,0,1,2,0.6507937
45.663,0.001009,0.1445312,-0.02929688,-0.01367188,-0.7109375,-1.125,10.09375,0.02148438,0,-0.001953125,0,0,0,-0.002807617,-0.006713867,0.2723389,0,0,0.2744141,0,4.047,0,0,0,0,nan,2,0.135,1,0,0.1000061,0.1000061,0.1000061,0.1000061,0,0,0,1,2,0.2063492
45.673,0.001037,-0.1445312,0.01367188,0.00390625,0.796875,0.7109375,9.703125,-0.009765625,-0.00390625,0.001953125,0,0,0,-0.002807617,-0.006835938,0.2723389,0,0,0.2744141,0,4.047,0,0,0,0,nan,2,0.145,1,0,0.1000061,0.1000061,0.1000061,0.1000061,0,0,0,1,2,0.8888889
45.683,0.001004,0.125,0.02539062,0,-0.78125,-0.0390625,9.65625,-0.00390625,0.009765625,-0.001953125,0,0,0,-0.002929688,-0.006713867,0.2723389,0,0,0.2744141,0,4.047,0,0,0,0,nan,2,0.001,1,0,0.1000061,0.1000061,0.1000061,0.1000061,0,0,0,1,2,0.7142857
45.693,0.00101,-0.1015625,-0.05273438,0.0078125,-0.0390625,-0.46875,9.984375,0.009765625,-0.009765625,0.005859375,0,0,0,-0.002807617,-0.006713867,0.2723389,0,0,0.2744141,0,4.047,0,0,0,0,nan,2,0.011,1,0,0.1000061,0.1000061,0.1000061,0.1000061,0,0,0,1,2,0.5555556
45.703,0.001012,-0.0859375,0.02539062,-0.02734375,1.804688,2.15625,9.75,-0.04296875,-0.009765625,-0.005859375,0,0,0,-0.002929688,-0.006713867,0.2723389,0,0,0.2744141,0,4.047,0,0,0,0,nan,2,0.02,1,0,0.1000061,0.1000061,0.1000061,0.1000061,0,0,0,1,2,0.2698413
45.713,0.00101,0.1269531,-0.01367188,0.03125,-2.382812,-1.695312,10.80469,0.04101562,0.01171875,0.005859375,0,0,0,-0.002929688,-0.006713867,0.2723389,0,0,0.2744141,0,4.047,0,0,0,0,nan,2,0.03,1,0,0.1000061,0.1000061,0.1000061,0.1000061,0,0,0,1,2,0
45.723,0.001011,-0.1308594,-0.001953125,-0.046875,3.078125,1.875,8.765625,-0.03320312,-0.01953125,-0.009765625,0,0,0,-0.002929688,-0.006835938,0.2723389,0,0,0.2744141,0,4.047,0,0,0,0,nan,2,0.04,1,0,0.1000061,0.1000061,0.1000061,0.1000061,0,0,0,1,2,0.2539683
45.733,0.001015,0.1445312,0.01953125,0.05078125,-2.523438,-0.171875,10.95312,0.02539062,0.015625,0.01367188,0,0,0,-0.002929688,-0.006835938,0.2723389,0,0,0.2744141,0,4.047,0,0,0,0,nan,2,0.05,1,0,0.1000061,0.1000061,0.1000061,0.1000061,0,0,0,1,2,0
45.743,0.001005,-0.1113281,-0.02929688,-0.05859375,2.875,-0.4765625,8.945312,-0.0078125,-0.015625,-0.01171875,0,0,0,-0.002929688,-0.006835938,0.2723389,0,0,0.2744141,0,4.047,0,0,0,0,nan,2,0.061,1,0,0.1000061,0.1000061,0.1000061,0.1000061,0,0,0,1,2,0.1746032
45.753,0.001007,0.1152344,-0.02148438,0.02148438,-1.757812,0.109375,10.00781,0.01757812,0.001953125,0.0078125,0,0,0,-0.002929688,-0.006835938,0.2723389,0,0,0.2744141,0,4.047,0,0,0,0,nan,2,0.071,1,0,0.1000061,0.1000061,0.1000061,0.1000061,0,0,0,1,2,0.2698413
45.763,0.001011,-0.09570312,0.009765625,-0.04101562,1.960938,-0.109375,9.164062,-0.00390625,-0.0078125,-0.0234375,0,0,0,-0.002929688,-0.006835938,0.2723389,0,0,0.2744141,0,4.047,0,0,0,0,nan,2,0.081,1,0,0.1000061,0.1000061,0.1000061,0.1000061,0,0,0,1,2,0.1111111
45.773,0.001011,0.0703125,0.001953125,0.04296875,-1.296875,1.59375,9.820312,-0.005859375,0.009765625,0.01757812,0,0,0,-0.002929688,-0.006713867,0.2723389,0,0,0.2744141,0,4.047,0,0,0,0,nan,2,0.091,1,0,0.1000061,0.1000061,0.1000061,0.1000061,0,0,0,1,2,0.4920635
45.783,0.001011,-0.03515625,-0.00390625,-0.0546875,0.96875,-2.015625,9.695312,0.01953125,-0.005859375,-0.01953125,0,0,0,-0.002929688,-0.006713867,0.2722168,0,0,0.2744141,0,4.047,0,0,0,0,nan,2,0.101,1,0,0.1000061,0.1000061,0.1000061,0.1000061,0,0,0,1,2,0.7142857
45.793,0.00101,0.009765625,0.01171875,0.05859375,0.046875,2.234375,9.367188,-0.0234375,0.001953125,0.015625,0,0,0,-0.002929688,-0.006713867,0.2722168,0,0,0.2744141,0,4.047,0,0,0,0,nan,2,0.111,1,0,0.1000061,0.1000061,0.1000061,0.1000061,0,0,0,1,2,0.6190476
45.804,0.001011,0.0390625,-0.02148438,-0.05273438,-0.59375,-2.90625,9.835938,0.03320312,-0.00390625,-0.01171875,0,0,0,-0.002807617,-0.006835938,0.2722168,0,0,0.2744141,0,4.047,0,0,0,0,nan,2,0.121,1,0,0.1000061,0.1000061,0.1000061,0.1000061,0,0,0,1,2,0.03174603
45.813,0.001009,-0.1347656,-0.00390625,0.02929688,1.492188,1.515625,8.820312,-0.0234375,-0.00390625,-0.001953125,0,0,0,-0.002929688,-0.006835938,0.2722168,0,0,0.2744141,0,4.047,0,0,0,0,nan,2,0.13,1,0,0.1000061,0.1000061,0.1000061,0.1000061,0,0,0,1,2,0
45.823,0.00101,0.1601562,0.03320312,-0.0078125,-1.445312,-1.59375,10.92188,0.02148438,0.0078125,0.005859375,0,0,0,-0.002929688,-0.006713867,0.2722168,0,0,0.2744141,0,4.045,0,0,0,0,nan,2,0.14,1,0,0.1000061,0.1000061,0.1000061,0.1000061,0,0,0,1,2,0
45.833,0.00101,-0.1484375,-0.05273438,-0.01367188,1.851562,1.539062,8.09375,-0.01367188,-0.00390625,-0.009765625,0,0,0,-0.002929688,-0.006713867,0.2722168,0,0,0.2744141,0,4.045,0,0,0,0,nan,2,0.15,1,0,0.1000061,0.1000061,0.1000061,0.1000061,0,0,0,1,2,0
45.843,0.001006,0.1445312,0.07617188,0.03320312,-1.148438,-0.65625,11.4375,0.005859375,0.005859375,0.005859375,0,0,0,-0.003051758,-0.006713867,0.2722168,0,0,0.2744141,0,4.045,0,0,0,0,nan,2,0.161,1,0,0.1000061,0.1000061,0.1000061,0.1000061,0,0,0,1,2,0
45.853,0.000975,-0.1484375,-0.1035156,-0.046875,3.328125,2.085938,8.140625,-0.04296875,-0.02929688,-0.0234375,0,0,0,-0.003051758,-0.006713867,0.2720947,0,0,0.2744141,0,4.045,0,0,0,0,nan,2,0.171,1,0,0.1000061,0.1000061,0.1000061,0.1000061,0,0,0,1,2,0
45.863,0.001009,0.1367188,0.09570312,0.046875,-2.21875,-0.453125,12.13281,0.01757812,0.015625,0.005859375,0,0,0,-0.003173828,-0.006835938,0.2719727,0,0,0.2744141,0,4.045,0,0,0,0,nan,2,0.181,1,0,0.1000061,0.1000061,0.1000061,0.1000061,0,0,0,1,2,0
45.873,0.00101,-0.09179688,-0.07617188,-0.08398438,2.148438,0.4765625,8.148438,-0.005859375,-0.015625,-0.01953125,0,0,0,-0.003051758,-0.006835938,0.2719727,0,0,0.2744141,0,4.045,0,0,0,0,nan,2,0.191,1,0,0.1000061,0.1000061,0.1000061,0.1000061,0,0,0,1,2,0
45.883,0.000984,0.05078125,0.05273438,0.08984375,-1.242188,0,10.76562,-0.005859375,0.009765625,0.01171875,0,0,0,-0.003051758,-0.006958008,0.2719727,0,0,0.2744141,0,4.045,0,0,0,0,nan,2,0.201,1,0,0.1000061,0.1000061,0.1000061,0.1000061,0,0,0,1,2,0
45.894,0.001025,-0.005859375,-0.03515625,-0.09765625,0.4609375,-1.078125,10.05469,0.01171875,-0.005859375,-0.01367188,0,0,0,-0.003051758,-0.006835938,0.2719727,0,0,0.2744141,0,4.045,0,0,0,0,nan,2,0.211,1,0,0.1000061,0.1000061,0.1000061,0.1000061,0,0,0,1,2,0.3015873
45.903,0.001045,-0.0625,0.00390625,0.01757812,1.789062,0.3359375,9.570312,-0.01171875,-0.00390625,-0.01757812,0,0,0,-0.003051758,-0.006958008,0.2718506,0,0,0.2744141,0,4.045,0,0,0,0,nan,2,0,1,0,0.1000061,0.1000061,0.1000061,0.1000061,0,0,0,1,2,0.8412699
45.913,0.001027,0.05273438,-0.01367188,-0.001953125,-0.6484375,-0.4296875,10.83594,0.001953125,0,0.01757812,0,0,0,-0.003173828,-0.006958008,0.2718506,0,0,0.2744141,0,4.045,0,0,0,0,nan,2,0.01,1,0,0.1000061,0.1000061,0.1000061,0.1000061,0,0,0,1,2,0
45.923,0.00101,-0.04296875,0.005859375,-0.03515625,1.054688,-0.625,9.210938,0,0,-0.02929688,0,0,0,-0.003051758,-0.006958008,0.2718506,0,0,0.2744141,0,4.045,0,0,0,0,nan,2,0.02,1,0,0.1000061,0.1000061,0.1000061,0.1000061,0,0,0,1,2,0
45.933,0.00101,0.0234375,-0.015625,0.04296875,-0.1875,0.4609375,10.03906,-0.01171875,-0.001953125,0.01953125,0,0,0,-0.003173828,-0.006958008,0.2718506,0,0,0.2744141,0,4.045,0,0,0,0,nan,2,0.03,1,0,0.1000061,0.1000061,0.1000061,0.1000061,0,0,0,1,2,0.4603175
45.943,0.001012,-0.01757812,-0.01757812,-0.0625,-0.2109375,-0.984375,9.773438,0.005859375,0,-0.0234375,0,0,0,-0.003173828,-0.006958008,0.2717285,0,0,0.2744141,0,4.045,0,0,0,0,nan,2,0.04,1,0,0.1000061,0.1000061,0.1000061,0.1000061,0,0,0,1,2,0.7619048
45.953,0.001007,0.05273438,0.01757812,0.02148438,-0.5546875,0.125,11.35156,0.00390625,0.001953125,0.02148438,0,0,0,-0.003173828,-0.006958008,0.2718506,0,0,0.2744141,0,4.045,0,0,0,0,nan,2,0.05,1,0,0.1000061,0.1000061,0.1000061,0.1000061,0,0,0,1,2,0
45.963,0.001006,-0.04492188,-0.03320312,-0.03125,-0.5625,0.5625,8.851562,0.001953125,0.001953125,-0.009765625,0,0,0,-0.003173828,-0.006958008,0.2718506,0,0,0.2744141,0,4.045,0,0,0,0,nan,2,0.061,1,0,0.1000061,0.1000061,0.1000061,0.1000061,0,0,0,1,2,0
45.973,0.00101,0.05273438,0.04492188,0.04492188,-0.1484375,0.5390625,10.17969,-0.001953125,-0.005859375,0.01171875,0,0,0,-0.003173828,-0.006958008,0.2718506,0,0,0.2744141,0,4.045,0,0,0,0,nan,2,0.071,1,0,0.1000061,0.1000061,0.1000061,0.1000061,0,0,0,1,2,0.1746032
45.983,0.00101,-0.04101562,-0.04101562,-0.05078125,-1.195312,-0.375,10.35156,0.0078125,0.005859375,-0.0078125,0,0,0,-0.003051758,-0.006958008,0.2718506,0,0,0.2744141,0,4.045,0,0,0,0,nan,2,0.081,1,0,0.1000061,0.1000061,0.1000061,0.1000061,0,0,0,1,2,0
45.993,0.001011,0.02539062,0.01367188,0.04492188,1.703125,-0.0625,8.96875,-0.0078125,-0.01757812,-0.001953125,0,0,0,-0.003051758,-0.006958008,0.2718506,0,0,0.2744141,0,4.045,0,0,0,0,nan,2,0.091,1,0,0.1000061,0.1000061,0.1000061,0.1000061,0,0,0,1,2,0
46.003,0.00101,-0.015625,0,-0.02539062,-1.890625,-1.320312,11.28125,0.009765625,0.015625,0.009765625,0,0,0,-0.003051758,-0.006958008,0.2718506,0,0,0.2744141,0,4.045,0,0,0,0,nan,2,0.101,1,0,0.1000061,0.1000061,0.1000061,0.1000061,0,0,0,1,2,0
46.014,0.00101,-0.015625,-0.01953125,0.009765625,2.710938,-0.2265625,8.78125,-0.01171875,-0.015625,-0.015625,0,0,0,-0.003051758,-0.007080078,0.2718506,0,0,0.2744141,0,4.045,0,0,0,0,nan,2,0.111,1,0,0.1000061,0.1000061,0.1000061,0.1000061,0,0,0,1,2,0
46.023,0.001011,0.03125,0.04882812,0.0859375,-1.890625,0.03125,10.8125,0.0078125,0.009765625,0.01757812,0,0,0,-0.003051758,-0.007080078,0.2718506,0,0,0.2744141,0,4.045,0,0,0,0,nan,2,0.12,1,0,0.1000061,0.1000061,0.1000061,0.1000061,0,0,0,1,2,0
46.033,0.00101,0.005859375,-0.03515625,-0.1132812,1.515625,0.515625,9.132812,0.00390625,-0.0078125,-0.0234375,0,0,0,-0.003051758,-0.007080078,0.2717285,0,0,0.2744141,0,4.045,0,0,0,0,nan,2,0.13,1,0,0.1000061,0.1000061,0.1000061,0.1000061,0,0,0,1,2,0
46.043,0.001013,-0.001953125,0.02734375,0.1152344,-1.226562,0.3828125,9.296875,0.001953125,0.00390625,0.015625,0,0,0,-0.002929688,-0.007080078,0.2717285,0,0,0.2744141,0,4.045,0,0,0,0,nan,2,0.14,1,0,0.1000061,0.1000061,0.1000061,0.1000061,0,0,0,1,2,0.1269841
46.053,0.001009,0.02734375,0,-0.09960938,0.984375,0.28125,9.4375,0.009765625,-0.001953125,-0.03710938,0,0,0,-0.002929688,-0.007080078,0.2717285,0,0,0.2744141,0,4.045,0,0,0,0,nan,2,0.15,1,0,0.1000061,0.1000061,0.1000061,0.1000061,0,0,0,1,2,0.3174603
46.063,0.001012,-0.02148438,-0.01171875,0.1035156,-0.8046875,0.9921875,8.773438,-0.0078125,0,0.02148438,0,0,0,-0.002929688,-0.007080078,0.2716064,0,0,0.2744141,0,4.045,0,0,0,0,nan,2,0.161,1,0,0.1000061,0.1000061,0.1000061,0.1000061,0,0,0,1,2,0
46.073,0.001024,0.03125,0.01367188,-0.109375,-0.0703125,-0.53125,10.78125,0.0078125,0.00390625,-0.02148438,0,0,0,-0.002929688,-0.007080078,0.2716064,0,0,0.2744141,0,4.045,0,0,0,0,nan,2,0.171,1,0,0.1000061,0.1000061,0.1000061,0.1000061,0,0,0,1,2,0
46.083,0.001015,-0.03710938,-0.00390625,0.1015625,0.2578125,1.03125,8,-0.01171875,0,0.01367188,0,0,0,-0.002929688,-0.007080078,0.2716064,0,0,0.2744141,0,4.045,0,0,0,0,nan,2,0.002,1,0,0.1000061,0.1000061,0.1000061,0.1000061,0,0,0,1,2,0
46.093,0.00101,0.01953125,0.02148438,-0.07226562,-0.8203125,-1.898438,12.52344,0.00390625,0.005859375,-0.00390625,0,0,0,-0.002929688,-0.007080078,0.2716064,0,0,0.2744141,0,4.045,0,0,0,0,nan,2,0.012,1,0,0.1000061,0.1000061,0.1000061,0.1000061,0,0,0,1,2,0
46.103,0.00101,-0.03125,-0.0390625,0.05859375,1.320312,0.84375,7.546875,-0.005859375,-0.009765625,-0.001953125,0,0,0,-0.002929688,-0.007080078,0.2716064,0,0,0.2744141,0,4.045,0,0,0,0,nan,2,0.022,1,0,0.1000061,0.1000061,0.1000061,0.1000061,0,0,0,1,2,0
46.114,0.001011,0.02148438,0.046875,-0.01757812,-1.359375,-0.9375,12.07031,0.0078125,0.009765625,0.009765625,0,0,0,-0.002929688,-0.007080078,0.2716064,0,0,0.2744141,0,4.045,0,0,0,0,nan,2,0.032,1,0,0.1000061,0.1000061,0.1000061,0.1000061,0,0,0,1,2,0
46.123,0.001009,-0.015625,-0.03710938,-0.05664062,-0.6953125,1.15625,10.15625,-0.001953125,0.00390625,-0.01367188,0,0,0,-0.002929688,-0.007080078,0.2716064,0,0,0.2744141,0,4.045,0,0,0,0,nan,2,0.041,1,0,0.1000061,0.1000061,0.1000061,0.1000061,0,0,0,1,2,0.06349207
46.133,0.001009,0.04296875,0.03710938,0.06054688,0.453125,-0.4140625,8.546875,0.009765625,-0.001953125,0.0078125,0,0,0,-0.002929688,-0.007080078,0.2716064,0,0,0.2744141,0,4.045,0,0,0,0,nan,2,0.051,1,0,0.1000061,0.1000061,0.1000061,0.1000061,0,0,0,1,2,0
46.143,0.00101,-0.05078125,-0.01953125,-0.0546875,-0.921875,1.070312,11.64844,-0.0078125,0.0078125,-0.001953125,0,0,0,-0.002807617,-0.007080078,0.2716064,0,0,0.2744141,0,4.045,0,0,0,0,nan,2,0.062,1,0,0.1000061,0.1000061,0.1000061,0.1000061,0,0,0,1,2,0
46.153,0.001012,0.03125,0.02734375,0.0859375,-0.265625,-1.335938,9.03125,0.015625,0,0.01171875,0,0,0,-0.002807617,-0.007080078,0.2716064,0,0,0.2744141,0,4.045,0,0,0,0,nan,2,0.072,1,0,0.1000061,0.1000061,0.1000061,0.1000061,0,0,0,1,2,0
46.163,0.001006,-0.03125,-0.01757812,-0.09375,0.0703125,1.976562,11.29688,-0.015625,0,-0.009765625,0,0,0,-0.002807617,-0.007080078,0.2716064,0,0,0.2744141,0,4.045,0,0,0,0,nan,2,0.082,1,0,0.1000061,0.1000061,0.1000061,0.1000061,0,0,0,1,2,0
46.173,0.001008,0.03320312,0.01757812,0.07421875,-0.0625,-1.601562,8.867188,0.01171875,0.001953125,-0.005859375,0,0,0,-0.002807617,-0.007080078,0.2714844,0,0,0.2744141,0,4.045,0,0,0,0,nan,2,0.092,1,0,0.1000061,0.1000061,0.1000061,0.1000061,0,0,0,1,2,0
46.183,0.001009,-0.04492188,-0.01757812,-0.06054688,0.1953125,1.007812,10.97656,-0.015625,-0.00390625,0.0078125,0,0,0,-0.002807617,-0.007080078,0.2716064,0,0,0.2744141,0,4.045,0,0,0,0,nan,2,0.102,1,0,0.1000061,0.1000061,0.1000061,0.1000061,0,0,0,1,2,0
46.193,0.00101,0.04101562,0.01171875,0.03125,-0.2734375,-0.9921875,8.890625,0.01171875,0.00390625,-0.01953125,0,0,0,-0.002807617,-0.007080078,0.2714844,0,0,0.2744141,0,4.045,0,0,0,0,nan,2,0.112,1,0,0.1000061,0.1000061,0.1000061,0.1000061,0,0,0,1,2,0
46.203,0.001009,-0.0546875,-0.015625,-0.0078125,0.0703125,0.2421875,10.57031,-0.01171875,-0.0078125,0.01953125,0,0,0,-0.002807617,-0.007202148,0.2714844,0,0,0.2744141,0,4.045,0,0,0,0,nan,2,0.122,1,0,0.1000061,0.1000061,0.1000061,0.1000061,0,0,0,1,2,0
46.214,0.001009,0.0390625,0.01171875,-0.01953125,-0.1875,-1.109375,9.226562,0.0078125,0.00390625,-0.02539062,0,0,0,-0.002807617,-0.007202148,0.2714844,0,0,0.2744141,0,4.045,0,0,0,0,nan,2,0.132,1,0,0.1000061,0.1000061,0.1000061,0.1000061,0,0,0,1,2,0
46.223,0.00101,-0.015625,-0.0390625,0.08789062,-0.125,0.4140625,7.390625,0.00390625,-0.0078125,0.015625,0,0,0,-0.002807617,-0.007202148,0.2714844,0,0,0.2744141,0,4.045,0,0,0,0,nan,2,0.141,1,0,0.1000061,0.1000061,0.1000061,0.1000061,0,0,0,1,2,0
46.233,0.00101,-0.00390625,0.04296875,-0.08398438,-0.0078125,0.3515625,12.50781,-0.005859375,0.005859375,-0.01171875,0,0,0,-0.002807617,-0.007202148,0.2714844,0,0,0.2744141,0,4.045,0,0,0,0,nan,2,0.151,1,0,0.1000061,0.1000061,0.1000061,0.1000061,0,0,0,1,2,0
46.243,0.001018,0.02929688,-0.03320312,0.06054688,0.15625,0.171875,7.25,0.0078125,-0.0078125,0.00390625,0,0,0,-0.002807617,-0.007202148,0.2713623,0,0,0.2744141,0,4.045,0,0,0,0,nan,2,0.162,1,0,0.1000061,0.1000061,0.1000061,0.1000061,0,0,0,1,2,0
46.253,0.001008,-0.01953125,0.02734375,-0.04882812,-0.75,1.046875,11.70312,-0.009765625,0.001953125,-0.0078125,0,0,0,-0.002807617,-0.007324219,0.2714844,0,0,0.2744141,0,4.045,0,0,0,0,nan,2,0.172,1,0,0.1000061,0.1000061,0.1000061,0.1000061,0,0,0,1,2,0
46.263,0.001012,0.0546875,-0.0390625,0.03710938,0.859375,-0.8671875,7.195312,0.009765625,-0.009765625,0.00390625,0,0,0,-0.002685547,-0.007324219,0.2714844,0,0,0.2744141,0,4.045,0,0,0,0,nan,2,0.182,1,0,0.1000061,0.1000061,0.1000061,0.1000061,0,0,0,1,2,0
46.273,0.00101,-0.0625,0.0234375,-0.009765625,-0.8515625,0.296875,11.96875,-0.009765625,0.0078125,0.0078125,0,0,0,-0.002685547,-0.007324219,0.2714844,0,0,0.2744141,0,4.045,0,0,0,0,nan,2,0.192,1,0,0.1000061,0.1000061,0.1000061,0.1000061,0,0,0,1,2,0
46.283,0.001011,0.08398438,-0.0234375,-0.01171875,0.71875,0.1171875,8.21875,0.01171875,-0.001953125,-0.009765625,0,0,0,-0.002807617,-0.007202148,0.2714844,0,0,0.2744141,0,4.045,0,0,0,0,nan,2,0.202,1,0,0.1000061,0.1000061,0.1000061,0.1000061,0,0,0,1,2,0
46.293,0.001011,-0.0859375,0.009765625,0.046875,-0.6875,-1.328125,11.46094,-0.00390625,0.001953125,0.015625,0,0,0,-0.002685547,-0.007202148,0.2714844,0,0,0.2744141,0,4.045,0,0,0,0,nan,2,0.212,1,0,0.1000061,0.1000061,0.1000061,0.1000061,0,0,0,1,2,0
46.304,0.001,0.06445312,-0.009765625,-0.0625,0.875,-0.3125,9.023438,0,0,-0.01757812,0,0,0,-0.002807617,-0.007202148,0.2714844,0,0,0.2744141,0,4.045,0,0,0,0,nan,2,0.222,1,0,0.1000061,0.1000061,0.1000061,0.1000061,0,0,0,1,2,0
46.313,0.001011,0.03515625,-0.01367188,0.05859375,-1.070312,-2.1875,8.59375,0.0234375,0,0,0,0,0,-0.002685547,-0.007202148,0.2714844,0,0,0.2744141,0,4.045,0,0,0,0,nan,2,0.002,1,0,0.1000061,0.1000061,0.1000061,0.1000061,0,0,0,1,2,0
46.323,0.001011,-0.046875,0.015625,-0.05859375,1.203125,3.09375,11.29688,-0.02734375,0,0.00390625,0,0,0,-0.002685547,-0.007202148,0.2714844,0,0,0.2744141,0,4.045,0,0,0,0,nan,2,0.012,1,0,0.1000061,0.1000061,0.1000061,0.1000061,0,0,0,1,2,0
46.333,0.000976,0.08398438,-0.01757812,0.04492188,-1.476562,-2.046875,8.484375,0.02539062,0.00390625,-0.005859375,0,0,0,-0.002685547,-0.007202148,0.2714844,0,0,0.2744141,0,4.045,0,0,0,0,nan,2,0.022,1,0,0.1000061,0.1000061,0.1000061,0.1000061,0,0,0,1,2,0
46.343,0.001012,-0.1035156,0.005859375,-0.0234375,1.859375,1.523438,11.74219,-0.0234375,-0.01171875,0.009765625,0,0,0,-0.002685547,-0.007324219,0.2714844,0,0,0.2744141,0,4.045,0,0,0,0,nan,2,0.032,1,0,0.1000061,0.1000061,0.1000061,0.1000061,0,0,0,1,2,0
46.353,0.001,0.04492188,-0.03320312,0.06640625,-2.164062,-1.070312,7.8125,0.0234375,0.01171875,0.001953125,0,0,0,-0.002685547,-0.007202148,0.2714844,0,0,0.2744141,0,4.045,0,0,0,0,nan,2,0.042,1,0,0.1000061,0.1000061,0.1000061,0.1000061,0,0,0,1,2,0
46.363,0.001009,-0.07617188,0.009765625,-0.0390625,1.820312,1.78125,11.85156,-0.03125,-0.01953125,0.00390625,0,0,0,-0.002807617,-0.007324219,0.2714844,0,0,0.2744141,0,4.045,0,0,0,0,nan,2,0.053,1,0,0.1000061,0.1000061,0.1000061,0.1000061,0,0,0,1,2,0
46.373,0.00101,0.1191406,0.04101562,0.02539062,-2.875,0.5703125,8.304688,0.02734375,0.02539062,-0.00390625,0,0,0,-0.002807617,-0.007202148,0.2714844,0,0,0.2744141,0,4.045,0,0,0,0,nan,2,0.063,1,0,0.1000061,0.1000061,0.1000061,0.1000061,0,0,0,1,2,0
46.383,0.001011,-0.1113281,-0.05273438,-0.005859375,2.492188,-0.8125,10.74219,-0.015625,-0.02929688,0.001953125,0,0,0,-0.002807617,-0.007324219,0.2714844,0,0,0.2744141,0,4.045,0,0,0,0,nan,2,0.073,1,0,0.1000061,0.1000061,0.1000061,0.1000061,0,0,0,1,2,0
46.393,0.00101,0.08398438,0.09179688,0.0078125,-2.351562,1.3125,10.77344,0.00390625,0.02929688,0.001953125,0,0,0,-0.002807617,-0.007324219,0.2714844,0,0,0.2744141,0,4.045,0,0,0,0,nan,2,0.083,1,0,0.1000061,0.1000061,0.1000061,0.1000061,0,0,0,1,2,0
46.403,0.00101,-0.06445312,-0.08398438,0,1.78125,-1.25,9.335938,0.005859375,-0.01757812,0,0,0,0,-0.002685547,-0.007202148,0.2714844,0,0,0.2744141,0,4.045,0,0,0,0,nan,2,0.093,1,0,0.1000061,0.1000061,0.1000061,0.1000061,0,0,0,1,2,0.4444444
46.414,0.00101,0.005859375,0.08789062,0.00390625,-0.234375,2.109375,10.71875,-0.02148438,0.015625,0.001953125,0,0,0,-0.002807617,-0.007202148,0.2714844,0,0,0.2744141,0,4.045,0,0,0,0,nan,2,0.103,1,0,0.1000061,0.1000061,0.1000061,0.1000061,0,0,0,1,2,0
46.423,0.00101,0.09765625,-0.02148438,-0.04101562,-1.179688,-0.4140625,7.84375,0.01953125,0.01171875,-0.01171875,0,0,0,-0.002807617,-0.007202148,0.2714844,0,0,0.2744141,0,4.045,0,0,0,0,nan,2,0.112,1,0,0.1000061,0.1000061,0.1000061,0.1000061,0,0,0,1,2,0
46.433,0.001009,-0.09765625,-0.01757812,0.04492188,1.117188,-0.34375,11.28906,-0.0078125,-0.01953125,0.00390625,0,0,0,-0.002807617,-0.007202148,0.2713623,0,0,0.2744141,0,4.045,0,0,0,0,nan,2,0.122,1,0,0.1000061,0.1000061,0.1000061,0.1000061,0,0,0,1,2,0
46.443,0.001005,0.08398438,0.05859375,-0.05273438,-0.7109375,0.453125,9.328125,0.001953125,0.01953125,-0.01171875,0,0,0,-0.002807617,-0.007202148,0.2713623,0,0,0.2744141,0,4.045,0,0,0,0,nan,2,0.132,1,0,0.1000061,0.1000061,0.1000061,0.1000061,0,0,0,1,2,0.0952381
46.453,0.0009869999,-0.1269531,-0.05078125,0.04882812,1.570312,0.1875,11.40625,-0.02148438,-0.02734375,0.01171875,0,0,0,-0.002807617,-0.007202148,0.2713623,0,0,0.2744141,0,4.045,0,0,0,0,nan,2,0.142,1,0,0.1000061,0.1000061,0.1000061,0.1000061,0,0,0,1,2,0
46.463,0.00101,0.1582031,0.1582031,-0.01953125,-2.21875,-0.515625,8.90625,0.01953125,0.04296875,0.01367188,0,0,0,-0.002807617,-0.007080078,0.2714844,0,0,0.2744141,0,4.045,0,0,0,0,nan,2,0.153,1,0,0.1000061,0.1000061,0.1000061,0.1000061,0,0,0,1,2,0
46.473,0.001011,-0.1503906,-0.1523438,0.02929688,1.609375,-0.796875,10.61719,-0.005859375,-0.0234375,0.0078125,0,0,0,-0.002807617,-0.007080078,0.2716064,0,0,0.2744141,0,4.05,0,0,0,0,nan,2,0.163,1,0,0.1000061,0.1000061,0.1000061,0.1000061,0,0,0,1,2,0
46.483,0.00101,0.09179688,0.1484375,-0.0546875,0.03125,0.9296875,10.375,-0.00390625,0.0078125,-0.03515625,0,0,0,-0.002807617,-0.007202148,0.2713623,0,0,0.2744141,0,4.05,0,0,0,0,nan,2,0.173,1,0,0.1000061,0.1000061,0.1000061,0.1000061,0,0,0,1,2,0
46.493,0.00101,-0.03320312,-0.1484375,0.04882812,-0.4375,0.0234375,8.984375,0.01757812,0.00390625,0.01953125,0,0,0,-0.002685547,-0.007080078,0.2713623,0,0,0.2744141,0,4.05,0,0,0,0,nan,2,0.183,1,0,0.1000061,0.1000061,0.1000061,0.1000061,0,0,0,1,2,0
46.504,0.001058,-0.00390625,0.109375,-0.02148438,1.375,0.34375,10.29688,-0.01757812,-0.01757812,-0.001953125,0,0,0,-0.002807617,-0.007202148,0.2714844,0,0,0.2744141,0,4.05,0,0,0,0,nan,2,0.193,1,0,0.1000061,0.1000061,0.1000061,0.1000061,0,0,0,1,2,0
46.513,0.00104,0.07226562,0.1210938,0.01757812,-4.21875,1.398438,10.72656,0.01367188,0.04882812,0.00390625,0,0,0,-0.002807617,-0.007202148,0.2714844,0,0,0.2744141,0,4.05,0,0,0,0,nan,2,0.202,1,0,0.1000061,0.1000061,0.1000061,0.1000061,0,0,0,1,2,0
46.523,0.001026,-0.04101562,-0.1425781,-0.01367188,3.679688,-2.265625,9.414062,0.001953125,-0.04296875,-0.001953125,0,0,0,-0.002685547,-0.007202148,0.2714844,0,0,0.2744141,0,4.05,0,0,0,0,nan,2,0.004,1,0,0.1000061,0.1000061,0.1000061,0.1000061,0,0,0,1,2,0
46.533,0.001008,-0.009765625,0.1113281,0.01757812,-2.609375,2.046875,10.16406,-0.01171875,0.02734375,0.001953125,0,0,0,-0.002685547,-0.007324219,0.2714844,0,0,0.2744141,0,4.05,0,0,0,0,nan,2,0.014,1,0,0.1000061,0.1000061,0.1000061,0.1000061,0,0,0,1,2,0
46.543,0.001016,0.0703125,-0.08007812,-0.046875,1.226562,-2.015625,10.72656,0.02539062,-0.01953125,-0.02148438,0,0,0,-0.002685547,-0.007324219,0.2713623,0,0,0.2744141,0,4.05,0,0,0,0,nan,2,0.024,1,0,0.1000061,0.1000061,0.1000061,0.1000061,0,0,0,1,2,0
46.553,0.001002,-0.04296875,0.02148438,0.01171875,-1.304688,3.328125,10.32812,-0.0234375,0.01171875,0.005859375,0,0,0,-0.002685547,-0.007324219,0.2712402,0,0,0.2744141,0,4.05,0,0,0,0,nan,2,0.034,1,0,0.1000061,0.1000061,0.1000061,0.1000061,0,0,0,1,2,0
46.563,0.001013,0.08789062,-0.02929688,-0.01367188,0.3828125,-2.992188,10.23438,0.03125,-0.01367188,-0.0078125,0,0,0,-0.002563477,-0.007324219,0.2712402,0,0,0.2744141,0,4.05,0,0,0,0,nan,2,0.044,1,0,0.1000061,0.1000061,0.1000061,0.1000061,0,0,0,1,2,0
46.573,0.001008,-0.1035156,0.04882812,0.009765625,0.3125,2.195312,8.726562,-0.02148438,0.015625,0.00390625,0,0,0,-0.002563477,-0.007324219,0.2712402,0,0,0.2744141,0,4.05,0,0,0,0,nan,2,0.055,1,0,0.1000061,0.1000061,0.1000061,0.1000061,0,0,0,1,2,0
46.583,0.001008,0.109375,-0.04296875,-0.01171875,-0.734375,-1.460938,11.89062,0.01953125,-0.00390625,-0.0078125,0,0,0,-0.002563477,-0.007324219,0.2712402,0,0,0.2744141,0,4.05,0,0,0,0,nan,2,0.065,1,0,0.1000061,0.1000061,0.1000061,0.1000061,0,0,0,1,2,0
46.593,0.001008,-0.1113281,0.02539062,-0.009765625,1.789062,1.015625,7.5625,-0.015625,0.001953125,0,0,0,0,-0.002563477,-0.007324219,0.2712402,0,0,0.2744141,0,4.05,0,0,0,0,nan,2,0.075,1,0,0.1000061,0.1000061,0.1000061,0.1000061,0,0,0,1,2,0
46.603,0.001009,0.0859375,-0.00390625,0.02148438,-1.601562,0.515625,12.25,0,0.005859375,0,0,0,0,-0.002685547,-0.007324219,0.2712402,0,0,0.2744141,0,4.05,0,0,0,0,nan,2,0.085,1,0,0.1000061,0.1000061,0.1000061,0.1000061,0,0,0,1,2,0
46.614,0.00101,-0.03710938,-0.015625,-0.0390625,1.695312,-0.28125,8.046875,0.009765625,-0.01367188,0,0,0,0,-0.002563477,-0.007324219,0.2712402,0,0,0.2744141,0,4.05,0,0,0,0,nan,2,0.095,1,0,0.1000061,0.1000061,0.1000061,0.1000061,0,0,0,1,2,0
46.623,0.001011,-0.06054688,0.05664062,0.005859375,0.109375,0.3515625,9.546875,-0.01367188,0.01367188,-0.0078125,0,0,0,-0.002563477,-0.007324219,0.2712402,0,0,0.2744141,0,4.05,0,0,0,0,nan,2,0.104,1,0,0.1000061,0.1000061,0.1000061,0.1000061,0,0,0,1,2,0.3650794
46.633,0.001011,0.06445312,-0.05273438,0.01367188,-0.53125,-0.3828125,10.51562,0.009765625,-0.009765625,0.01953125,0,0,0,-0.002563477,-0.007324219,0.2712402,0,0,0.2744141,0,4.05,0,0,0,0,nan,2,0.114,1,0,0.1000061,0.1000061,0.1000061,0.1000061,0,0,0,1,2,0
46.643,0.001008,-0.0546875,0.04492188,-0.04101562,1.492188,0.0078125,8.945312,0.00390625,0.005859375,-0.02148438,0,0,0,-0.002563477,-0.007324219,0.2712402,0,0,0.2744141,0,4.05,0,0,0,0,nan,2,0.124,1,0,0.1000061,0.1000061,0.1000061,0.1000061,0,0,0,1,2,0
46.653,0.001013,0.07226562,-0.02148438,-0.02929688,0.5546875,-0.6484375,10.45312,0.0078125,-0.01171875,0.01171875,0,0,0,-0.002563477,-0.007324219,0.2712402,0,0,0.2744141,0,4.05,0,0,0,0,nan,2,0.134,1,0,0.1000061,0.1000061,0.1000061,0.1000061,0,0,0,1,2,0
46.663,0.001006,-0.06835938,0.03125,-0.009765625,0.3125,-0.1640625,9.71875,0.001953125,0.01171875,-0.0234375,0,0,0,-0.002441406,-0.007324219,0.2711182,0,0,0.2744141,0,4.05,0,0,0,0,nan,2,0.144,1,0,0.1000061,0.1000061,0.1000061,0.1000061,0,0,0,1,2,0.8253968
46.673,0.001011,0.04296875,-0.02929688,0.03125,0.90625,0,11.17188,-0.01171875,-0.01171875,0.01757812,0,0,0,-0.002563477,-0.007324219,0.2711182,0,0,0.2744141,0,4.05,0,0,0,0,nan,2,0.155,1,0,0.1000061,0.1000061,0.1000061,0.1000061,0,0,0,1,2,0
46.683,0.001011,-0.02734375,0.0234375,-0.05664062,-0.7109375,-0.1640625,8.6875,0.01171875,0.0078125,-0.02148438,0,0,0,-0.002563477,-0.007324219,0.2711182,0,0,0.2744141,0,4.05,0,0,0,0,nan,2,0.165,1,0,0.1000061,0.1000061,0.1000061,0.1000061,0,0,0,1,2,0
46.693,0.001011,0.00390625,-0.04882812,0.0625,0.96875,1.328125,10.22656,-0.02148438,-0.015625,0.01367188,0,0,0,-0.002563477,-0.007324219,0.2711182,0,0,0.2744141,0,4.05,0,0,0,0,nan,2,0.175,1,0,0.1000061,0.1000061,0.1000061,0.1000061,0,0,0,1,2,0
46.703,0.001011,0.015625,0.04296875,-0.05664062,-1.53125,-1.242188,9.226562,0.01953125,0.009765625,-0.0078125,0,0,0,-0.002563477,-0.007324219,0.2711182,0,0,0.2744141,0,4.05,0,0,0,0,nan,2,0.185,1,0,0.1000061,0.1000061,0.1000061,0.1000061,0,0,0,1,2,0.1746032
46.713,0.0009869999,-0.07617188,-0.0390625,-0.01171875,0.6328125,1.109375,7.679688,-0.01367188,0,-0.015625,0,0,0,-0.002563477,-0.007324219,0.2709961,0,0,0.2744141,0,4.05,0,0,0,0,nan,2,0.194,1,0,0.1000061,0.1000061,0.1000061,0.1000061,0,0,0,1,2,0
46.723,0.000979,0.06640625,0.02539062,0.05078125,-0.3203125,-1.367188,12.67969,0.01367188,-0.005859375,0.01953125,0,0,0,-0.002563477,-0.007446289,0.2711182,0,0,0.2744141,0,4.05,0,0,0,0,nan,2,0.204,1,0,0.1000061,0.1000061,0.1000061,0.1000061,0,0,0,1,2,0
46.733,0.001025,-0.04296875,-0.009765625,-0.08007812,0.3515625,1.671875,8.351562,-0.01367188,0.001953125,-0.01757812,0,0,0,-0.002685547,-0.007446289,0.2711182,0,0,0.2744141,0,4.05,0,0,0,0,nan,2,0.214,1,0,0.1000061,0.1000061,0.1000061,0.1000061,0,0,0,1,2,0
46.743,0.001016,0.0234375,0.03320312,0.07226562,-0.7890625,-0.828125,11.89062,0.001953125,0.001953125,0.0078125,0,0,0,-0.002685547,-0.007446289,0.2709961,0,0,0.2744141,0,4.05,0,0,0,0,nan,2,0.008,1,0,0.1000061,0.1000061,0.1000061,0.1000061,0,0,0,1,2,0
46.753,0.001,0,-0.01171875,-0.1035156,1.25,1.664062,8.53125,-0.005859375,0.005859375,-0.02148438,0,0,0,-0.002685547,-0.007324219,0.2709961,0,0,0.2744141,0,4.05,0,0,0,0,nan,2,0.018,1,0,0.1000061,0.1000061,0.1000061,0.1000061,0,0,0,1,2,0
46.763,0.001004,0.009765625,0,0.1191406,-0.546875,-0.78125,10.27344,0.005859375,-0.00390625,0.02148438,0,0,0,-0.002685547,-0.007324219,0.2709961,0,0,0.2744141,0,4.05,0,0,0,0,nan,2,0.028,1,0,0.1000061,0.1000061,0.1000061,0.1000061,0,0,0,1,2,0
46.773,0.001009,0.00390625,0.03515625,-0.1347656,0.3984375,0.703125,10.23438,-0.00390625,0.0078125,-0.01757812,0,0,0,-0.002685547,-0.007324219,0.2709961,0,0,0.2744141,0,4.05,0,0,0,0,nan,2,0.038,1,0,0.1000061,0.1000061,0.1000061,0.1000061,0,0,0,1,2,0.04761905
46.783,0.001009,-0.00390625,-0.0546875,0.1113281,-0.1015625,-0.953125,8.882812,0.005859375,-0.0078125,0.00390625,0,0,0,-0.002563477,-0.007324219,0.2709961,0,0,0.2744141,0,4.05,0,0,0,0,nan,2,0.048,1,0,0.1000061,0.1000061,0.1000061,0.1000061,0,0,0,1,2,0
46.793,0.001011,-0.02734375,0.0546875,-0.08398438,0.359375,0.0859375,11.23438,-0.009765625,0.00390625,0.001953125,0,0,0,-0.002685547,-0.007324219,0.2709961,0,0,0.2744141,0,4.05,0,0,0,0,nan,2,0.059,1,0,0.1000061,0.1000061,0.1000061,0.1000061,0,0,0,1,2,0
46.803,0.00101,0.0234375,-0.0546875,0.04882812,-0.703125,-0.0703125,8.976562,0.01171875,-0.001953125,-0.009765625,0,0,0,-0.002563477,-0.007324219,0.2709961,0,0,0.2744141,0,4.05,0,0,0,0,nan,2,0.069,1,0,0.1000061,0.1000061,0.1000061,0.1000061,0,0,0,1,2,0
46.814,0.00101,-0.0390625,0.03320312,-0.0078125,0.71875,-0.75,10.32812,-0.005859375,-0.005859375,0.01757812,0,0,0,-0.002563477,-0.007324219,0.2709961,0,0,0.2744141,0,4.05,0,0,0,0,nan,2,0.079,1,0,0.1000061,0.1000061,0.1000061,0.1000061,0,0,0,1,2,0
46.824,0.00101,0.009765625,-0.005859375,-0.015625,-1.109375,1.070312,10.35156,-0.009765625,0.01367188,-0.01757812,0,0,0,-0.002685547,-0.007324219,0.2709961,0,0,0.2744141,0,4.05,0,0,0,0,nan,2,0.089,1,0,0.1000061,0.1000061,0.1000061,0.1000061,0,0,0,1,2,0
46.833,0.00101,0.05859375,-0.05078125,0.05273438,0.9921875,-0.5625,8.234375,0.009765625,-0.01171875,0.0078125,0,0,0,-0.002685547,-0.007324219,0.2709961,0,0,0.2744141,0,4.05,0,0,0,0,nan,2,0.098,1,0,0.1000061,0.1000061,0.1000061,0.1000061,0,0,0,1,2,0
46.843,0.001009,-0.04492188,0.03320312,-0.04101562,-0.890625,3,10.92969,-0.015625,0.0078125,-0.0078125,0,0,0,-0.002685547,-0.007324219,0.2709961,0,0,0.2744141,0,4.05,0,0,0,0,nan,2,0.108,1,0,0.1000061,0.1000061,0.1000061,0.1000061,0,0,0,1,2,0
46.853,0.000998,0.09375,-0.0390625,0.02734375,1.023438,-1.640625,9.289062,0.0234375,-0.01367188,-0.001953125,0,0,0,-0.002685547,-0.007324219,0.2709961,0,0,0.2744141,0,4.05,0,0,0,0,nan,2,0.118,1,0,0.1000061,0.1000061,0.1000061,0.1000061,0,0,0,1,2,0.2857143
46.863,0.001007,-0.1113281,0.03710938,-0.01757812,-0.65625,2.179688,10.32812,-0.02539062,0.0078125,0.00390625,0,0,0,-0.002685547,-0.007324219,0.2709961,0,0,0.2744141,0,4.05,0,0,0,0,nan,2,0.128,1,0,0.1000061,0.1000061,0.1000061,0.1000061,0,0,0,1,2,0
46.873,0.001011,0.1386719,-0.02929688,-0.0078125,-0.0625,-0.0703125,9.265625,0.01953125,-0.005859375,-0.01367188,0,0,0,-0.002685547,-0.007324219,0.270874,0,0,0.2744141,0,4.05,0,0,0,0,nan,2,0.138,1,0,0.1000061,0.1000061,0.1000061,0.1000061,0,0,0,1,2,0
46.883,0.00101,-0.125,0.02148438,0.03125,-0.1875,0.078125,10.99219,-0.009765625,-0.00390625,0.015625,0,0,0,-0.002685547,-0.007324219,0.270874,0,0,0.2744141,0,4.05,0,0,0,0,nan,2,0.148,1,0,0.1000061,0.1000061,0.1000061,0.1000061,0,0,0,1,2,0
46.893,0.00101,0.09179688,0.00390625,-0.0390625,-0.0546875,0.15625,8.835938,-0.00390625,0.0078125,-0.015625,0,0,0,-0.002807617,-0.007324219,0.270874,0,0,0.2744141,0,4.05,0,0,0,0,nan,2,0.159,1,0,0.1000061,0.1000061,0.1000061,0.1000061,0,0,0,1,2,0
46.903,0.001011,-0.07421875,-0.0390625,0.03710938,-0.046875,-1.210938,9.609375,0.009765625,-0.009765625,0.005859375,0,0,0,-0.002807617,-0.007324219,0.270874,0,0,0.2744141,0,4.05,0,0,0,0,nan,2,0.169,1,0,0.1000061,0.1000061,0.1000061,0.1000061,0,0,0,1,2,0.6507937
46.914,0.001032,0.04492188,0.07421875,-0.046875,0.7265625,2.054688,11.03125,-0.02148438,0.01171875,-0.01757812,0,0,0,-0.002807617,-0.007324219,0.270752,0,0,0.2744141,0,4.05,0,0,0,0,nan,2,0.179,1,0,0.1000061,0.1000061,0.1000061,0.1000061,0,0,0,1,2,0
46.923,0.001021,0.1347656,-0.001953125,0.04492188,-2.46875,-2.257812,10,0.0390625,0.01757812,0.001953125,0,0,0,-0.002807617,-0.007324219,0.270752,0,0,0.2744141,0,4.05,0,0,0,0,nan,2,0.188,1,0,0.1000061,0.1000061,0.1000061,0.1000061,0,0,0,1,2,0
46.933,0.001017,-0.1601562,-0.04492188,-0.046875,3.148438,0.46875,8.695312,-0.03320312,-0.02929688,-0.00390625,0,0,0,-0.002807617,-0.007324219,0.270752,0,0,0.2744141,0,4.05,0,0,0,0,nan,2,0.198,1,0,0.1000061,0.1000061,0.1000061,0.1000061,0,0,0,1,2,0
46.943,0.00101,0.1230469,-0.02148438,0.03515625,-2.335938,-0.6015625,9.773438,0.05078125,0.01757812,0.01367188,0,0,0,-0.002685547,-0.007202148,0.270752,0,0,0.2744141,0,4.05,0,0,0,0,nan,2,0.009,1,0,0.1000061,0.1000061,0.1000061,0.1000061,0,0,0,1,2,0.3650794
46.953,0.000995,-0.125,-0.01171875,-0.0390625,2.75,1.007812,9.796875,-0.02539062,-0.01953125,-0.009765625,0,0,0,-0.002685547,-0.007324219,0.270752,0,0,0.2744141,0,4.05,0,0,0,0,nan,2,0.019,1,0,0.1000061,0.1000061,0.1000061,0.1000061,0,0,0,1,2,0.1428571
46.963,0.00101,0.1191406,0.03515625,0.03710938,-2.726562,0.7421875,10.61719,0.0078125,0.01953125,0.01171875,0,0,0,-0.002807617,-0.007324219,0.270752,0,0,0.2744141,0,4.05,0,0,0,0,nan,2,0.029,1,0,0.1000061,0.1000061,0.1000061,0.1000061,0,0,0,1,2,0
46.973,0.001012,-0.08398438,-0.04492188,-0.0390625,2.015625,-1.671875,9.015625,0.005859375,-0.01757812,-0.01171875,0,0,0,-0.002685547,-0.007324219,0.270752,0,0,0.2744141,0,4.05,0,0,0,0,nan,2,0.039,1,0,0.1000061,0.1000061,0.1000061,0.1000061,0,0,0,1,2,0.1428571
46.983,0.00101,0.01171875,0.046875,0.0546875,-0.7109375,2.25,11.26562,-0.01953125,0.01171875,0.01171875,0,0,0,-0.002807617,-0.007324219,0.270752,0,0,0.2744141,0,4.05,0,0,0,0,nan,2,0.049,1,0,0.1000061,0.1000061,0.1000061,0.1000061,0,0,0,1,2,0
46.993,0.00101,0.04492188,-0.0390625,-0.05664062,-0.359375,-2.429688,9.835938,0.03320312,-0.00390625,-0.01367188,0,0,0,-0.002685547,-0.007324219,0.270752,0,0,0.2744141,0,4.05,0,0,0,0,nan,2,0.06,1,0,0.1000061,0.1000061,0.1000061,0.1000061,0,0,0,1,2,0.3015873
47.003,0.00101,-0.08398438,0.0390625,0.05273438,1.023438,1.523438,9.195312,-0.03320312,0.001953125,0.0078125,0,0,0,-0.002685547,-0.007324219,0.270752,0,0,0.2744141,0,4.05,0,0,0,0,nan,2,0.07,1,0,0.1000061,0.1000061,0.1000061,0.1000061,0,0,0,1,2,0.1269841
47.013,0.001011,0.1113281,-0.0078125,-0.04882812,-1.742188,-1.640625,10.76562,0.03125,0.0078125,-0.005859375,0,0,0,-0.002685547,-0.007324219,0.270752,0,0,0.2744141,0,4.05,0,0,0,0,nan,2,0.08,1,0,0.1000061,0.1000061,0.1000061,0.1000061,0,0,0,1,2,0
47.023,0.001012,-0.09765625,-0.0625,0.0078125,0.734375,0.1875,9.867188,0.00390625,-0.01171875,-0.00390625,0,0,0,-0.002685547,-0.007324219,0.270752,0,0,0.2744141,0,4.05,0,0,0,0,nan,2,0.089,1,0,0.1000061,0.1000061,0.1000061,0.1000061,0,0,0,1,2,0.7619048
47.033,0.001011,0.08203125,0.08203125,0.0078125,-0.25,0.53125,10.07031,-0.01171875,0.005859375,0.005859375,0,0,0,-0.002807617,-0.007324219,0.270752,0,0,0.2744141,0,4.05,0,0,0,0,nan,2,0.099,1,0,0.1000061,0.1000061,0.1000061,0.1000061,0,0,0,1,2,0.4126984
47.043,0.001012,-0.1542969,-0.1308594,-0.0078125,2.320312,0.6875,9.203125,-0.02734375,-0.03125,-0.00390625,0,0,0,-0.002685547,-0.007324219,0.270752,0,0,0.2744141,0,4.05,0,0,0,0,nan,2,0.109,1,0,0.1000061,0.1000061,0.1000061,0.1000061,0,0,0,1,2,0.3650794
47.053,0.001013,0.1230469,0.1484375,0.03320312,-1.554688,-0.71875,9.796875,0.009765625,0.01367188,0.005859375,0,0,0,-0.002807617,-0.007446289,0.270752,0,0,0.2744141,0,4.05,0,0,0,0,nan,2,0.119,1,0,0.1000061,0.1000061,0.1000061,0.1000061,0,0,0,1,2,0.5555556
47.063,0.001011,-0.07226562,-0.1210938,-0.04101562,0.4375,-0.359375,10.73438,0.001953125,-0.005859375,-0.001953125,0,0,0,-0.002807617,-0.007446289,0.270752,0,0,0.2744141,0,4.05,0,0,0,0,nan,2,0.129,1,0,0.1000061,0.1000061,0.1000061,0.1000061,0,0,0,1,2,0
47.073,0.001012,0.015625,0.09179688,0.0546875,0.015625,-0.6015625,9.351562,-0.00390625,-0.001953125,0.001953125,0,0,0,-0.002807617,-0.007568359,0.270752,0,0,0.2744141,0,4.05,0,0,0,0,nan,2,0.139,1,0,0.1000061,0.1000061,0.1000061,0.1000061,0,0,0,1,2,0.0952381
47.083,0.001011,0.015625,-0.06054688,-0.04882812,-1.046875,0.546875,10.70312,0.005859375,0.00390625,0.00390625,0,0,0,-0.002685547,-0.007446289,0.270752,0,0,0.2744141,0,4.05,0,0,0,0,nan,2,0.149,1,0,0.1000061,0.1000061,0.1000061,0.1000061,0,0,0,1,2,0
47.093,0.00101,-0.0234375,0.04492188,0.02929688,0.8359375,-0.8125,9.234375,0.00390625,-0.001953125,-0.01367188,0,0,0,-0.002685547,-0.007568359,0.270752,0,0,0.2744141,0,4.05,0,0,0,0,nan,2,0.16,1,0,0.1000061,0.1000061,0.1000061,0.1000061,0,0,0,1,2,0
47.103,0.001012,-0.00390625,-0.046875,-0.01367188,-0.5703125,0.734375,11.20312,-0.01367188,-0.00390625,0.015625,0,0,0,-0.002685547,-0.007446289,0.270752,0,0,0.2744141,0,4.05,0,0,0,0,nan,2,0.17,1,0,0.1000061,0.1000061,0.1000061,0.1000061,0,0,0,1,2,0
47.113,0.001012,0.02929688,0.04296875,-0.0234375,0.9921875,0.0546875,8.929688,0.015625,0.001953125,-0.02148438,0,0,0,-0.002685547,-0.007446289,0.270752,0,0,0.2744141,0,4.05,0,0,0,0,nan,2,0.18,1,0,0.1000061,0.1000061,0.1000061,0.1000061,0,0,0,1,2,0
47.123,0.00101,-0.06640625,-0.0078125,0.078125,-0.5859375,1,8.085938,-0.009765625,0.005859375,0.015625,0,0,0,-0.002685547,-0.007446289,0.270752,0,0,0.2744141,0,4.044,0,0,0,0,nan,2,0.189,1,0,0.1000061,0.1000061,0.1000061,0.1000061,0,0,0,1,2,0
47.133,0.00101,0.046875,0,-0.0625,-0.0390625,-1.664062,12.50781,0.009765625,-0.005859375,-0.0078125,0,0,0,-0.002685547,-0.007446289,0.270752,0,0,0.2744141,0,4.044,0,0,0,0,nan,2,0.199,1,0,0.1000061,0.1000061,0.1000061,0.1000061,0,0,0,1,2,0
47.143,0.001012,-0.0390625,-0.01367188,0.0390625,0.3515625,0.8046875,8.492188,-0.01367188,0,0.01171875,0,0,0,-0.002685547,-0.007446289,0.270752,0,0,0.2744141,0,4.044,0,0,0,0,nan,2,0.209,1,0,0.1000061,0.1000061,0.1000061,0.1000061,0,0,0,1,2,0
47.153,0.00101,0.01367188,-0.001953125,-0.01953125,-0.6171875,-1.179688,11.65625,0.00390625,-0.001953125,0.001953125,0,0,0,-0.002685547,-0.007446289,0.270752,0,0,0.2744141,0,4.044,0,0,0,0,nan,2,0.001,1,0,0.1000061,0.1000061,0.1000061,0.1000061,0,0,0,1,2,0
47.163,0.00101,-0.02148438,0.00390625,0.00390625,1.429688,-0.6328125,7.46875,-0.001953125,0,-0.005859375,0,0,0,-0.002685547,-0.007568359,0.270752,0,0,0.2744141,0,4.044,0,0,0,0,nan,2,0.011,1,0,0.1000061,0.1000061,0.1000061,0.1000061,0,0,0,1,2,0
47.173,0.001006,-0.015625,-0.001953125,0.02734375,-0.625,-0.2421875,12.84375,-0.001953125,0.001953125,0.015625,0,0,0,-0.002685547,-0.007568359,0.270874,0,0,0.2744141,0,4.044,0,0,0,0,nan,2,0.021,1,0,0.1000061,0.1000061,0.1000061,0.1000061,0,0,0,1,2,0
47.183,0.00101,0.02929688,0,-0.05078125,1.484375,-0.7578125,7.625,0.009765625,-0.001953125,-0.01367188,0,0,0,-0.002685547,-0.007568359,0.270874,0,0,0.2744141,0,4.044,0,0,0,0,nan,2,0.031,1,0,0.1000061,0.1000061,0.1000061,0.1000061,0,0,0,1,2,0
47.193,0.001049,-0.0546875,-0.01171875,0.07421875,-1.046875,0.3515625,11.52344,-0.005859375,-0.00390625,0.01757812,0,0,0,-0.002685547,-0.007568359,0.270874,0,0,0.2744141,0,4.044,0,0,0,0,nan,2,0.041,1,0,0.1000061,0.1000061,0.1000061,0.1000061,0,0,0,1,2,0
47.203,0.001011,0.07421875,0.02929688,-0.09375,1.101562,0.890625,9.570312,0.005859375,0.00390625,-0.015625,0,0,0,-0.002685547,-0.007568359,0.270874,0,0,0.2744141,0,4.044,0,0,0,0,nan,2,0.051,1,0,0.1000061,0.1000061,0.1000061,0.1000061,0,0,0,1,2,0.5714286
47.214,0.001034,-0.06054688,-0.05859375,0.09765625,-0.9453125,0.2265625,8.203125,-0.005859375,-0.00390625,0.01367188,0,0,0,-0.002685547,-0.007568359,0.270874,0,0,0.2744141,0,4.044,0,0,0,0,nan,2,0.062,1,0,0.1000061,0.1000061,0.1000061,0.1000061,0,0,0,1,2,0
47.224,0.001016,0.06445312,0.0625,-0.08984375,1.335938,0.5390625,10.72656,-0.005859375,0,-0.0078125,0,0,0,-0.002685547,-0.007568359,0.270874,0,0,0.2744141,0,4.044,0,0,0,0,nan,2,0.072,1,0,0.1000061,0.1000061,0.1000061,0.1000061,0,0,0,1,2,0
47.233,0.00101,0.0390625,0.02734375,0.01367188,-1.953125,-1.429688,8.226562,0.0234375,0.02148438,-0.01171875,0,0,0,-0.002685547,-0.007568359,0.270874,0,0,0.2744141,0,4.044,0,0,0,0,nan,2,0.081,1,0,0.1000061,0.1000061,0.1000061,0.1000061,0,0,0,1,2,0
47.243,0.000997,0.02539062,0.04882812,-0.03515625,1.640625,-0.015625,11.74219,-0.01953125,-0.01757812,0.009765625,0,0,0,-0.002685547,-0.00769043,0.2709961,0,0,0.2744141,0,4.044,0,0,0,0,nan,2,0.091,1,0,0.1000061,0.1000061,0.1000061,0.1000061,0,0,0,1,2,0
47.253,0.000993,0.02148438,-0.0078125,0.01367188,-2.40625,0.9453125,7.664062,0.01953125,0.0234375,-0.005859375,0,0,0,-0.002685547,-0.007568359,0.2709961,0,0,0.2744141,0,4.044,0,0,0,0,nan,2,0.101,1,0,0.1000061,0.1000061,0.1000061,0.1000061,0,0,0,1,2,0
47.263,0.00097,-0.04296875,-0.01953125,0.009765625,1.789062,-0.3671875,12.27344,-0.01757812,-0.03125,0.005859375,0,0,0,-0.002685547,-0.00769043,0.2709961,0,0,0.2744141,0,4.044,0,0,0,0,nan,2,0.111,1,0,0.1000061,0.1000061,0.1000061,0.1000061,0,0,0,1,2,0
47.273,0.000981,0.05273438,0.06054688,-0.02539062,-2.0625,0.5234375,8.539062,0.005859375,0.02929688,-0.005859375,0,0,0,-0.002685547,-0.00769043,0.2709961,0,0,0.2744141,0,4.044,0,0,0,0,nan,2,0.121,1,0,0.1000061,0.1000061,0.1000061,0.1000061,0,0,0,1,2,0
47.283,0.00101,-0.0546875,-0.07226562,0.03320312,1.8125,-1.453125,11.05469,-0.001953125,-0.02539062,0,0,0,0,-0.002685547,-0.00769043,0.2709961,0,0,0.2744141,0,4.044,0,0,0,0,nan,2,0.131,1,0,0.1000061,0.1000061,0.1000061,0.1000061,0,0,0,1,2,0
47.293,0.00101,0.015625,0.09179688,-0.03320312,-0.828125,2.296875,9.46875,-0.01171875,0.0234375,0.001953125,0,0,0,-0.002685547,-0.00769043,0.2709961,0,0,0.2744141,0,4.044,0,0,0,0,nan,2,0.141,1,0,0.1000061,0.1000061,0.1000061,0.1000061,0,0,0,1,2,0.7460318
47.303,0.00101,0.01953125,-0.09765625,0.01953125,0.6171875,-1.75,9.921875,0.01757812,-0.01367188,-0.009765625,0,0,0,-0.002685547,-0.007568359,0.270874,0,0,0.2744141,0,4.044,0,0,0,0,nan,2,0.151,1,0,0.1000061,0.1000061,0.1000061,0.1000061,0,0,0,1,2,0.3650794
47.313,0.00101,-0.02929688,0.0703125,-0.01171875,0.96875,2.546875,10.25781,-0.01757812,-0.001953125,0.01171875,0,0,0,-0.002685547,-0.00769043,0.270874,0,0,0.2744141,0,4.044,0,0,0,0,nan,2,0.162,1,0,0.1000061,0.1000061,0.1000061,0.1000061,0,0,0,1,2,0
47.323,0.001058,0.09960938,0.06835938,-0.05859375,-2.289062,0.6875,9.632812,0.01367188,0.02929688,-0.01757812,0,0,0,-0.002685547,-0.00769043,0.270874,0,0,0.2744141,0,4.044,0,0,0,0,nan,2,0.171,1,0,0.1000061,0.1000061,0.1000061,0.1000061,0,0,0,1,2,0.6984127
47.333,0.00101,-0.1152344,-0.1230469,0.0625,1.703125,-1.007812,10.9375,-0.0078125,-0.03515625,0.01171875,0,0,0,-0.002563477,-0.007568359,0.270874,0,0,0.2744141,0,4.044,0,0,0,0,nan,2,0.181,1,0,0.1000061,0.1000061,0.1000061,0.1000061,0,0,0,1,2,0
47.343,0.001011,0.125,0.08789062,-0.01953125,-3.460938,-0.1171875,10.07031,0.01757812,0.03515625,-0.01367188,0,0,0,-0.002685547,-0.0078125,0.270874,0,0,0.2744141,0,4.044,0,0,0,0,nan,2,0.191,1,0,0.1000061,0.1000061,0.1000061,0.1000061,0,0,0,1,2,0
47.353,0.001012,-0.1289062,-0.1601562,0.02734375,3.484375,-0.2890625,9.625,-0.0234375,-0.04492188,0.01367188,0,0,0,-0.002685547,-0.0078125,0.2709961,0,0,0.2744141,0,4.044,0,0,0,0,nan,2,0.201,1,0,0.1000061,0.1000061,0.1000061,0.1000061,0,0,0,1,2,0.1111111
47.363,0.001013,0.08984375,0.203125,-0.015625,-3.53125,0.546875,9.6875,0.009765625,0.04101562,-0.0078125,0,0,0,-0.002807617,-0.00769043,0.270874,0,0,0.2744141,0,4.044,0,0,0,0,nan,2,0.211,1,0,0.1000061,0.1000061,0.1000061,0.1000061,0,0,0,1,2,0
47.373,0.001012,-0.06445312,-0.2285156,0.005859375,2.601562,-1.382812,9.515625,0.00390625,-0.03710938,0.00390625,0,0,0,-0.002685547,-0.00769043,0.2709961,0,0,0.2744141,0,4.044,0,0,0,0,nan,2,0.006,1,0,0.1000061,0.1000061,0.1000061,0.1000061,0,0,0,1,2,0.6666667
47.383,0.00101,0.00390625,0.1972656,0.0078125,-1.21875,-0.234375,10.17188,-0.01171875,0.01953125,-0.001953125,0,0,0,-0.002807617,-0.0078125,0.270874,0,0,0.2744141,0,4.044,0,0,0,0,nan,2,0.016,1,0,0.1000061,0.1000061,0.1000061,0.1000061,0,0,0,1,2,0.0952381
47.393,0.00101,0.02539062,-0.1542969,-0.03320312,0.3046875,0.21875,10.34375,0.01367188,-0.005859375,-0.0078125,0,0,0,-0.002685547,-0.00769043,0.270874,0,0,0.2744141,0,4.044,0,0,0,0,nan,2,0.026,1,0,0.1000061,0.1000061,0.1000061,0.1000061,0,0,0,1,2,0
47.403,0.001011,-0.05859375,0.1015625,0.02734375,0.5625,0.1640625,9.5,-0.01367188,-0.00390625,-0.001953125,0,0,0,-0.002807617,-0.0078125,0.270874,0,0,0.2744141,0,4.044,0,0,0,0,nan,2,0.036,1,0,0.1000061,0.1000061,0.1000061,0.1000061,0,0,0,1,2,0.3968254
47.413,0.001009,0.0859375,-0.05664062,-0.04296875,-0.984375,0.671875,9.84375,0.0078125,0.005859375,-0.0078125,0,0,0,-0.002807617,-0.0078125,0.270752,0,0,0.2744141,0,4.044,0,0,0,0,nan,2,0.046,1,0,0.1000061,0.1000061,0.1000061,0.1000061,0,0,0,1,2,0.7301587
47.424,0.001011,-0.07226562,0.01367188,0.02734375,1.109375,-0.65625,8.929688,-0.001953125,-0.01367188,-0.00390625,0,0,0,-0.002807617,-0.0078125,0.270752,0,0,0.2744141,0,4.044,0,0,0,0,nan,2,0.057,1,0,0.1000061,0.1000061,0.1000061,0.1000061,0,0,0,1,2,0
47.433,0.001009,-0.04882812,0.05273438,-0.0078125,-0.5,2.5625,10.24219,-0.02539062,0.015625,0.001953125,0,0,0,-0.002807617,-0.0078125,0.270752,0,0,0.2744141,0,4.044,0,0,0,0,nan,2,0.066,1,0,0.1000061,0.1000061,0.1000061,0.1000061,0,0,0,1,2,0
47.443,0.001009,-0.00390625,-0.005859375,0.02734375,0.6015625,-1.421875,9.65625,0.01757812,-0.01171875,0.001953125,0,0,0,-0.002807617,-0.0078125,0.2706299,0,0,0.2744141,0,4.044,0,0,0,0,nan,2,0.076,1,0,0.1000061,0.1000061,0.1000061,0.1000061,0,0,0,1,2,0.7619048
47.453,0.001002,-0.01757812,0.04101562,-0.0234375,-0.1875,1.828125,10.26562,-0.0234375,0.0078125,-0.001953125,0,0,0,-0.002929688,-0.0078125,0.270752,0,0,0.2744141,0,4.044,0,0,0,0,nan,2,0.086,1,0,0.1000061,0.1000061,0.1000061,0.1000061,0,0,0,1,2,0
47.463,0.001021,0.04101562,-0.046875,0.01757812,-0.578125,-2.03125,10.03125,0.02539062,-0.00390625,0.001953125,0,0,0,-0.002807617,-0.0078125,0.2706299,0,0,0.2744141,0,4.044,0,0,0,0,nan,2,0.096,1,0,0.1000061,0.1000061,0.1000061,0.1000061,0,0,0,1,2,0.06349207
47.473,0.001009,-0.07421875,0.06445312,-0.01757812,1.445312,0.4296875,9.414062,-0.02929688,0.001953125,-0.005859375,0,0,0,-0.002929688,-0.0078125,0.2706299,0,0,0.2744141,0,4.044,0,0,0,0,nan,2,0.106,1,0,0.1000061,0.1000061,0.1000061,0.1000061,0,0,0,1,2,0.3492064
47.483,0.001008,0.05664062,-0.06835938,0.0234375,-1.3125,0.234375,11.5625,0.015625,0,0.009765625,0,0,0,-0.002929688,-0.0078125,0.270752,0,0,0.2744141,0,4.044,0,0,0,0,nan,2,0.116,1,0,0.1000061,0.1000061,0.1000061,0.1000061,0,0,0,1,2,0
47.493,0.001008,-0.04492188,0.0546875,-0.03710938,2.429688,-0.28125,7.59375,-0.00390625,-0.00390625,-0.01367188,0,0,0,-0.002929688,-0.0078125,0.270752,0,0,0.2744141,0,4.044,0,0,0,0,nan,2,0.126,1,0,0.1000061,0.1000061,0.1000061,0.1000061,0,0,0,1,2,0
47.503,0.001008,0.03125,-0.03320312,0.046875,-2.03125,1.03125,11.85156,-0.0078125,0.009765625,0.01367188,0,0,0,-0.002929688,-0.0078125,0.270752,0,0,0.2744141,0,4.044,0,0,0,0,nan,2,0.136,1,0,0.1000061,0.1000061,0.1000061,0.1000061,0,0,0,1,2,0
47.513,0.00101,0.015625,0.0078125,-0.06445312,2.125,-1.265625,8.554688,0.015625,-0.01171875,-0.01953125,0,0,0,-0.002929688,-0.0078125,0.2706299,0,0,0.2744141,0,4.044,0,0,0,0,nan,2,0.146,1,0,0.1000061,0.1000061,0.1000061,0.1000061,0,0,0,1,2,0
47.524,0.001009,-0.04296875,-0.01757812,0.07421875,-1.75,2.429688,9.921875,-0.01757812,0.0078125,0.015625,0,0,0,-0.002929688,-0.0078125,0.2706299,0,0,0.2744141,0,4.044,0,0,0,0,nan,2,0.157,1,0,0.1000061,0.1000061,0.1000061,0.1000061,0,0,0,1,2,0
47.533,0.001011,0.09375,-0.03710938,-0.05664062,0.7734375,-1.5,10.78125,0.009765625,-0.01171875,-0.001953125,0,0,0,-0.002929688,-0.0078125,0.2706299,0,0,0.2744141,0,4.044,0,0,0,0,nan,2,0.166,1,0,0.1000061,0.1000061,0.1000061,0.1000061,0,0,0,1,2,0
47.543,0.001011,-0.1113281,-0.001953125,0.05859375,-0.8515625,1.257812,9.4375,-0.02148438,0.009765625,0.00390625,0,0,0,-0.002929688,-0.0078125,0.2706299,0,0,0.2744141,0,4.044,0,0,0,0,nan,2,0.176,1,0,0.1000061,0.1000061,0.1000061,0.1000061,0,0,0,1,2,0.3968254
47.553,0.001017,0.1015625,-0.009765625,-0.04882812,0.2890625,-2.265625,10.50781,0.01367188,-0.0078125,-0.005859375,0,0,0,-0.002929688,-0.0078125,0.2706299,0,0,0.2744141,0,4.044,0,0,0,0,nan,2,0.186,1,0,0.1000061,0.1000061,0.1000061,0.1000061,0,0,0,1,2,0
47.563,0.001013,-0.1015625,0.02148438,0.03320312,0.3671875,1.164062,8.445312,-0.005859375,0.005859375,-0.001953125,0,0,0,-0.002929688,-0.0078125,0.2705078,0,0,0.2744141,0,4.044,0,0,0,0,nan,2,0.196,1,0,0.1000061,0.1000061,0.1000061,0.1000061,0,0,0,1,2,0
47.573,0.001015,0.07226562,-0.01367188,-0.00390625,-0.078125,-0.5078125,12.92188,0,-0.00390625,0.005859375,0,0,0,-0.002929688,-0.0078125,0.2706299,0,0,0.2744141,0,4.044,0,0,0,0,nan,2,0.206,1,0,0.1000061,0.1000061,0.1000061,0.1000061,0,0,0,1,2,0
47.583,0.001029,-0.04882812,0.00390625,-0.01367188,0.8203125,0.2265625,7.03125,0.00390625,0,-0.005859375,0,0,0,-0.002929688,-0.0078125,0.2706299,0,0,0.2744141,0,4.044,0,0,0,0,nan,2,0.216,1,0,0.1000061,0.1000061,0.1000061,0.1000061,0,0,0,1,2,0
47.593,0.001032,0.03125,0.001953125,0.03710938,-0.796875,-0.2265625,11.42969,-0.00390625,0,0.0078125,0,0,0,-0.002929688,-0.0078125,0.2706299,0,0,0.2744141,0,4.044,0,0,0,0,nan,2,0.002,1,0,0.1000061,0.1000061,0.1000061,0.1000061,0,0,0,1,2,0
47.603,0.001001,0.005859375,-0.01953125,-0.04296875,0.40625,-0.109375,8.851562,0.01367188,-0.005859375,-0.001953125,0,0,0,-0.002929688,-0.00793457,0.2706299,0,0,0.2744141,0,4.044,0,0,0,0,nan,2,0.012,1,0,0.1000061,0.1000061,0.1000061,0.1000061,0,0,0,1,2,0
47.613,0.000996,-0.0234375,0.005859375,0.04882812,-0.7109375,0.390625,9.164062,-0.0078125,0,0,0,0,0,-0.002807617,-0.00793457,0.2706299,0,0,0.2706299,0,4.044,0,0,0,0,nan,2,0.022,0,0,0,0,0,0,0,0,0,1,2,1
47.624,0.001037,0.02929688,-0.015625,-0.03515625,-0.2265625,-0.0390625,10.25781,0.00390625,-0.005859375,0.0078125,0,0,0,-0.002807617,-0.00793457,0.2706299,0,0,0.2706299,0,4.044,0,0,0,0,nan,2,0.032,0,0,0,0,0,0,0,0,0,1,2,1
47.633,0.001029,0.01953125,0.03125,-0.07421875,1.414062,-0.28125,8.125,0.0078125,0.001953125,-0.0234375,0,0,0,-0.002807617,-0.00793457,0.2706299,0,0,0.2706299,0,4.044,0,0,0,0,nan,2,0.041,0,0,0,0,0,0,0,0,0,1,2,0
47.643,0.001005,-0.00390625,-0.03515625,0.06640625,-0.59375,2.046875,11.40625,-0.01171875,-0.009765625,0.02148438,0,0,0,-0.002807617,-0.00793457,0.2706299,0,0,0.2706299,0,4.044,0,0,0,0,nan,2,0.051,0,0,0,0,0,0,0,0,0,1,2,0
47.653,0.001007,0.06054688,0.04882812,-0.09570312,0.4765625,-0.4609375,9.007812,0.009765625,0.0078125,-0.015625,0,0,0,-0.002807617,-0.00793457,0.2706299,0,0,0.2706299,0,4.044,0,0,0,0,nan,2,0.062,0,0,0,0,0,0,0,0,0,1,2,1
47.663,0.001007,-0.04101562,-0.02734375,0.02929688,-0.3046875,-0.5703125,9.3125,0.005859375,0.00390625,-0.015625,0,0,0,-0.002807617,-0.00793457,0.2705078,0,0,0.2705078,0,4.044,0,0,0,0,nan,2,0.072,0,0,0,0,0,0,0,0,0,1,2,1
47.673,0.001014,-0.02148438,-0.01953125,0.07226562,-0.1171875,1.460938,10.79688,-0.01367188,-0.009765625,0.02539062,0,0,0,-0.002807617,-0.00793457,0.2705078,0,0,0.2705078,0,4.044,0,0,0,0,nan,2,0.082,0,0,0,0,0,0,0,0,0,1,2,0
47.683,0.000998,0.03320312,0.046875,-0.05078125,0.5625,0.140625,11.32812,0.001953125,0.00390625,0.005859375,0,0,0,-0.002807617,-0.00793457,0.2706299,0,0,0.2706299,0,4.044,0,0,0,0,nan,2,0.092,0,0,0,0,0,0,0,0,0,1,2,0
47.693,0.001015,0.01757812,0.01953125,-0.05859375,-0.3828125,-1.84375,9.773438,0.0078125,0.01171875,-0.02148438,0,0,0,-0.002807617,-0.0078125,0.2705078,0,0,0.2705078,0,4.044,0,0,0,0,nan,2,0.102,0,0,0,0,0,0,0,0,0,1,2,1
47.703,0.001008,-0.01171875,-0.03710938,0.02148438,-0.3515625,0.703125,8.421875,0.00390625,-0.001953125,-0.0078125,0,0,0,-0.002807617,-0.0078125,0.2705078,0,0,0.2705078,0,4.044,0,0,0,0,nan,2,0.112,0,0,0,0,0,0,0,0,0,1,2,0
47.713,0.001008,-0.02929688,-0.0234375,0.04492188,-0.515625,0.5390625,8.65625,-0.005859375,-0.009765625,0.005859375,0,0,0,-0.002807617,-0.00793457,0.2705078,0,0,0.2705078,0,4.044,0,0,0,0,nan,2,0.122,0,0,0,0,0,0,0,0,0,1,2,0
47.723,0.001017,0.0078125,0.01367188,0.02539062,0.7578125,0.515625,10.96875,-0.005859375,-0.005859375,0.009765625,0,0,0,-0.002807617,-0.00793457,0.2705078,0,0,0.2705078,0,4.044,0,0,0,0,nan,2,0.132,0,0,0,0,0,0,0,0,0,1,2,0
47.734,0.001015,0.0078125,0.02734375,-0.005859375,0.765625,-0.671875,10.83594,0,0.001953125,0.005859375,0,0,0,-0.002807617,-0.00793457,0.2705078,0,0,0.2705078,0,4.044,0,0,0,0,nan,2,0.142,0,0,0,0,0,0,0,0,0,1,2,0
47.743,0.001008,0.005859375,0.02539062,0.005859375,0.765625,-0.5,10.50781,0,0.005859375,0.0078125,0,0,0,-0.002807617,-0.00793457,0.2705078,0,0,0.2705078,0,4.044,0,0,0,0,nan,2,0.151,0,0,0,0,0,0,0,0,0,1,2,1
47.753,0.001017,0.005859375,0.009765625,0.001953125,0.3984375,0.421875,10.05469,-0.001953125,0.00390625,0.0078125,0,0,0,-0.002807617,-0.00793457,0.2705078,0,0,0.2705078,0,4.044,0,0,0,0,nan,2,0.162,0,0,0,0,0,0,0,0,0,1,2,1
47.763,0.001012,0.001953125,-0.00390625,0.00390625,-0.3828125,-0.203125,9.84375,0,0.00390625,0.009765625,0,0,0,-0.002685547,-0.00793457,0.2705078,0,0,0.2705078,0,4.044,0,0,0,0,nan,2,0.172,0,0,0,0,0,0,0,0,0,1,2,1
47.773,0.001005,-0.01367188,0.01953125,-0.01171875,-0.3125,0.25,9.710938,-0.00390625,0.005859375,0.0078125,0,0,0,-0.002685547,-0.0078125,0.2706299,0,0,0.2706299,0,4.077,0,0,0,0,nan,2,0.182,0,0,0,0,0,0,0,0,0,1,2,1
47.783,0.00101,-0.02734375,-0.001953125,-0.01757812,-0.1328125,0.078125,8.78125,-0.009765625,0.00390625,0.0078125,0,0,0,-0.002685547,-0.0078125,0.2706299,0,0,0.2706299,0,4.077,0,0,0,0,nan,2,0.192,0,0,0,0,0,0,0,0,0,1,2,0
47.793,0.001005,-0.01367188,0.001953125,-0.01953125,-0.1796875,0.796875,8.789062,-0.005859375,0.001953125,0.009765625,0,0,0,-0.002685547,-0.0078125,0.2706299,0,0,0.2706299,0,4.077,0,0,0,0,nan,2,0.202,0,0,0,0,0,0,0,0,0,1,2,0
47.803,0.001013,-0.02539062,-0.00390625,-0.01367188,0.0703125,0.7734375,8.695312,-0.009765625,0.005859375,0.01171875,0,0,0,-0.002563477,-0.0078125,0.2706299,0,0,0.2706299,0,4.077,0,0,0,0,nan,2,0.212,0,0,0,0,0,0,0,0,0,1,2,0
47.813,0.00101,-0.01953125,0.015625,-0.009765625,0.078125,1.09375,9.117188,-0.005859375,0.009765625,0.01171875,0,0,0,-0.002563477,-0.0078125,0.2706299,0,0,0.2706299,0,4.077,0,0,0,0,nan,2,0.006,0,0,0,0,0,0,0,0,0,1,2,1
47.823,0.001004,-0.02148438,0.02734375,0.04492188,0.390625,-0.3671875,10.30469,-0.001953125,0.005859375,0.01953125,0,0,0,-0.002563477,-0.0078125,0.2705078,0,0,0.2705078,0,4.077,0,0,0,0,nan,2,0.015,0,0,0,0,0,0,0,0,0,1,2,1
47.834,0.00101,-0.01953125,0.01367188,0.001953125,0.609375,0.8828125,9.507812,-0.001953125,0.00390625,0.009765625,0,0,0,-0.002441406,-0.00769043,0.2705078,0,0,0.2705078,0,4.077,0,0,0,0,nan,2,0.026,0,0,0,0,0,0,0,0,0,1,2,1
47.843,0.00101,-0.00390625,0.01367188,0.04101562,0.328125,-0.5,9.953125,0.00390625,0,0.015625,0,0,0,-0.002441406,-0.00769043,0.2705078,0,0,0.2705078,0,4.077,0,0,0,0,nan,2,0.035,0,0,0,0,0,0,0,0,0,1,2,1
47.853,0.00101,-0.001953125,0.001953125,0.0390625,-0.1640625,-0.9921875,9.695312,0.0078125,-0.005859375,0.0078125,0,0,0,-0.002319336,-0.00769043,0.2705078,0,0,0.2705078,0,4.077,0,0,0,0,nan,2,0.045,0,0,0,0,0,0,0,0,0,1,2,1
47.863,0.001018,0.01367188,-0.009765625,0.02734375,-0.640625,-1.3125,9.703125,0.0078125,-0.009765625,-0.00390625,0,0,0,-0.002319336,-0.00769043,0.2705078,0,0,0.2705078,0,4.077,0,0,0,0,nan,2,0.056,0,0,0,0,0,0,0,0,0,1,2,1
47.873,0.000979,0.0234375,-0.01953125,0.0078125,-0.6875,0.5546875,9.726562,0,-0.0078125,-0.009765625,0,0,0,-0.002319336,-0.00769043,0.2705078,0,0,0.2705078,0,4.077,0,0,0,0,nan,2,0.066,0,0,0,0,0,0,0,0,0,1,2,1
47.883,0.000998,-0.01953125,-0.0234375,-0.02929688,0.1328125,0.1875,9.796875,-0.009765625,0.001953125,-0.01367188,0,0,0,-0.002319336,-0.00769043,0.2705078,0,0,0.2705078,0,4.077,0,0,0,0,nan,2,0.076,0,0,0,0,0,0,0,0,0,1,2,1
47.893,0.00101,-0.0078125,0.01171875,-0.02734375,0.75,0.3671875,10,-0.00390625,0.01367188,-0.005859375,0,0,0,-0.002319336,-0.007568359,0.2705078,0,0,0.2705078,0,4.077,0,0,0,0,nan,2,0.086,0,0,0,0,0,0,0,0,0,1,2,1
47.903,0.00101,0,0.04101562,-0.015625,0.7265625,0.2421875,10.19531,0.001953125,0.009765625,0.00390625,0,0,0,-0.002197266,-0.007568359,0.2705078,0,0,0.2705078,0,4.077,0,0,0,0,nan,2,0.096,0,0,0,0,0,0,0,0,0,1,2,1
47.913,0.00101,0.01757812,0.0078125,0.01367188,-0.7578125,-0.15625,9.945312,0.005859375,-0.005859375,0.01171875,0,0,0,-0.002197266,-0.007568359,0.2705078,0,0,0.2705078,0,4.077,0,0,0,0,nan,2,0.106,0,0,0,0,0,0,0,0,0,1,2,1
47.923,0.00101,-0.001953125,-0.0234375,0.02929688,-0.71875,-0.078125,10.27344,-0.00390625,-0.01171875,0.0078125,0,0,0,-0.002197266,-0.007568359,0.2705078,0,0,0.2705078,0,4.077,0,0,0,0,nan,2,0.116,0,0,0,0,0,0,0,0,0,1,2,1
47.934,0.001018,-0.0078125,-0.02539062,0.015625,-0.578125,0.21875,9.460938,-0.00390625,-0.00390625,-0.001953125,0,0,0,-0.002197266,-0.007568359,0.2705078,0,0,0.2705078,0,4.077,0,0,0,0,nan,2,0.126,0,0,0,0,0,0,0,0,0,1,2,1
47.943,0.00101,-0.005859375,0.01757812,-0.015625,0.828125,-0.2421875,10.07812,0.00390625,0.01367188,-0.009765625,0,0,0,-0.002075195,-0.007446289,0.2705078,0,0,0.2705078,0,4.077,0,0,0,0,nan,2,0.135,0,0,0,0,0,0,0,0,0,1,2,1
47.953,0.00101,0.01757812,0.01953125,-0.01953125,-0.015625,-0.1484375,9.648438,0.00390625,0,0.00390625,0,0,0,-0.002075195,-0.007446289,0.2705078,0,0,0.2705078,0,4.077,0,0,0,0,nan,2,0.145,0,0,0,0,0,0,0,0,0,1,2,1
47.963,0.00101,-0.001953125,-0.03125,0.03515625,-0.40625,0.1640625,9.9375,-0.005859375,-0.015625,0.015625,0,0,0,-0.002075195,-0.007568359,0.2705078,0,0,0.2705078,0,4.077,0,0,0,0,nan,2,0.156,0,0,0,0,0,0,0,0,0,1,2,1
47.973,0.001015,-0.01171875,-0.009765625,0.01367188,0.40625,-0.046875,10.10156,0,0.00390625,-0.0078125,0,0,0,-0.002075195,-0.007446289,0.2705078,0,0,0.2705078,0,4.077,0,0,0,0,nan,2,0.166,0,0,0,0,0,0,0,0,0,1,2,1
47.983,0.001011,0.009765625,0.02539062,-0.0546875,0.5,-0.359375,10.29688,0.005859375,0.0078125,-0.02539062,0,0,0,-0.002075195,-0.007446289,0.2705078,0,0,0.2705078,0,4.077,0,0,0,0,nan,2,0.176,0,0,0,0,0,0,0,0,0,1,2,1
47.993,0.00101,0.009765625,0.001953125,0.001953125,-0.8359375,0.4453125,9.625,-0.001953125,-0.0078125,0.01171875,0,0,0,-0.002075195,-0.007568359,0.2703857,0,0,0.2703857,0,4.077,0,0,0,0,nan,2,0.186,0,0,0,0,0,0,0,0,0,1,2,1
48.003,0.00101,-0.0078125,-0.01367188,0.01757812,-0.1796875,-0.28125,10.04688,0,-0.0078125,-0.01757812,0,0,0,-0.001953125,-0.007568359,0.2701416,0,0,0.2701416,0,4.077,0,0,0,0,nan,2,0.196,0,0,0,0,0,0,0,0,0,1,2,1
48.013,0.00101,-0.001953125,0,-0.04101562,0.7734375,-0.4375,9.570312,0.00390625,0.00390625,-0.03125,0,0,0,-0.001953125,-0.007568359,0.2700195,0,0,0.2700195,0,4.077,0,0,0,0,nan,2,0.206,0,0,0,0,0,0,0,0,0,1,2,1
48.023,0.00101,0.001953125,0.0078125,0.03515625,-0.4296875,0.3671875,10.25,-0.001953125,0.009765625,0.04101562,0,0,0,-0.002075195,-0.007568359,0.2701416,0,0,0.2701416,0,4.077,0,0,0,0,nan,2,0.216,0,0,0,0,0,0,0,0,0,1,2,1
48.033,0.000997,-0.00390625,0.02929688,-0.0234375,0,0.25,10.46094,-0.00390625,0.01171875,-0.02929688,0,0,0,-0.002075195,-0.007568359,0.2701416,0,0,0.2701416,0,4.077,0,0,0,0,nan,2,0.225,0,0,0,0,0,0,0,0,0,1,2,1
48.043,0.001008,0.009765625,-0.00390625,-0.109375,0.15625,-0.09375,9.601562,0.01171875,-0.00390625,-0.08007812,0,0,0,-0.001953125,-0.007446289,0.2696533,0,0,0.2696533,0,4.077,0,0,0,0,nan,2,0.001,0,0,0,0,0,0,0,0,0,1,2,1
48.053,0.00101,-0.0078125,0.00390625,-0.01757812,-0.1953125,-0.2265625,10.14062,-0.005859375,0.005859375,-0.03515625,0,0,0,-0.002075195,-0.007568359,0.2689209,0,0,0.2689209,0,4.077,0,0,0,0,nan,2,0.011,0,0,0,0,0,0,0,0,0,1,2,1
48.063,0.001032,-0.02148438,-0.001953125,-0.05859375,0.703125,-0.625,9.695312,-0.00390625,0.001953125,-0.07226562,0,0,0,-0.002075195,-0.007568359,0.2684326,0,0,0.2684326,0,4.077,0,0,0,0,nan,2,0.021,0,0,0,0,0,0,0,0,0,1,2,1
48.073,0.00101,0.01367188,-0.00390625,-0.04101562,0.4140625,-0.296875,9.804688,0.001953125,-0.00390625,-0.02148438,0,0,0,-0.002319336,-0.007568359,0.2680664,0,0,0.2680664,0,4.077,0,0,0,0,nan,2,0.031,0,0,0,0,0,0,0,0,0,1,2,1
48.083,0.001007,0.009765625,0.02148438,-0.05664062,-0.2109375,0.2890625,10.4375,-0.00390625,0.00390625,-0.0546875,0,0,0,-0.002441406,-0.00769043,0.2675781,0,0,0.2675781,0,4.077,0,0,0,0,nan,2,0.041,0,0,0,0,0,0,0,0,0,1,2,1
48.093,0.00101,0.00390625,-0.001953125,-0.1660156,0.2421875,0.1484375,9.15625,0.0078125,-0.001953125,-0.1269531,0,0,0,-0.002319336,-0.0078125,0.2667236,0,0,0.2667236,0,4.077,0,0,0,0,nan,2,0.051,0,0,0,0,0,0,0,0,0,1,2,1
48.103,0.00101,-0.009765625,-0.009765625,-0.1171875,-0.1171875,0.3046875,10.52344,-0.005859375,-0.00390625,-0.1289062,0,0,0,-0.002197266,-0.0078125,0.2652588,0,0,0.2652588,0,4.077,0,0,0,0,nan,2,0.062,0,0,0,0,0,0,0,0,0,1,2,1
48.113,0.00101,-0.00390625,-0.005859375,-0.15625,-0.140625,0.03125,9.703125,0.001953125,-0.005859375,-0.1582031,0,0,0,-0.002075195,-0.00769043,0.2637939,0,0,0.2637939,0,4.077,0,0,0,0,nan,2,0.072,0,0,0,0,0,0,0,0,0,1,2,1
48.123,0.00101,-0.00390625,-0.00390625,-0.05664062,-0.609375,0.6171875,9.921875,-0.0078125,-0.001953125,-0.078125,0,0,0,-0.001831055,-0.007446289,0.2626953,0,0,0.2626953,0,4.077,0,0,0,0,nan,2,0.082,0,0,0,0,0,0,0,0,0,1,2,1
48.134,0.00101,-0.0078125,-0.001953125,0.00390625,-0.1484375,-0.1171875,9.851562,0.001953125,0,-0.04101562,0,0,0,-0.001586914,-0.007324219,0.2619629,0,0,0.2619629,0,4.077,0,0,0,0,nan,2,0.092,0,0,0,0,0,0,0,0,0,1,2,1
48.143,0.000971,0.01367188,0.015625,0.00390625,0.328125,-0.0703125,9.828125,0,0.0078125,0.02148438,0,0,0,-0.001586914,-0.007080078,0.262085,0,0,0.262085,0,4.077,0,0,0,0,nan,2,0.101,0,0,0,0,0,0,0,0,0,1,2,1
48.153,0.00101,-0.01367188,-0.015625,0.005859375,-0.2265625,-0.1171875,10.125,-0.001953125,-0.0078125,-0.01953125,0,0,0,-0.001464844,-0.007202148,0.2619629,0,0,0.2619629,0,4.077,0,0,0,0,nan,2,0.111,0,0,0,0,0,0,0,0,0,1,2,1
48.163,0.001004,0.015625,0.01953125,0.00390625,0.4375,0.0078125,9.632812,0,0.01171875,0.03125,0,0,0,-0.001464844,-0.007080078,0.262207,0,0,0.262207,0,4.077,0,0,0,0,nan,2,0.121,0,0,0,0,0,0,0,0,0,1,2,1
48.173,0.001005,-0.0078125,-0.001953125,0.0234375,-0.125,-0.0859375,9.734375,-0.001953125,-0.005859375,-0.0078125,0,0,0,-0.001464844,-0.007080078,0.262085,0,0,0.262085,0,4.077,0,0,0,0,nan,2,0.131,0,0,0,0,0,0,0,0,0,1,2,1
48.183,0.001008,-0.001953125,0.005859375,0.001953125,0.328125,0.0859375,9.984375,-0.009765625,0.00390625,0.03710938,0,0,0,-0.001464844,-0.006958008,0.2624512,0,0,0.2624512,0,4.077,0,0,0,0,nan,2,0.141,0,0,0,0,0,0,0,0,0,1,2,1
48.193,0.001007,-0.001953125,-0.015625,-0.02929688,-0.2421875,-0.0703125,9.867188,0.005859375,-0.01171875,-0.04492188,0,0,0,-0.001464844,-0.007080078,0.262207,0,0,0.262207,0,4.077,0,0,0,0,nan,2,0.151,0,0,0,0,0,0,0,0,0,1,2,1
48.203,0.00101,0.001953125,0.01757812,0.03125,0.59375,0.515625,9.914062,-0.005859375,0.01171875,0.0390625,0,0,0,-0.001464844,-0.006958008,0.2623291,0,0,0.2623291,0,4.077,0,0,0,0,nan,2,0.162,0,0,0,0,0,0,0,0,0,1,2,1
48.213,0.00101,0.00390625,-0.01757812,-0.05273438,-0.4140625,-0.28125,9.78125,0.0078125,-0.01171875,-0.04101562,0,0,0,-0.001464844,-0.007080078,0.2623291,0,0,0.2623291,0,4.077,0,0,0,0,nan,2,0.172,0,0,0,0,0,0,0,0,0,1,2,1
48.223,0.00101,-0.00390625,0.0234375,0.04492188,0.359375,0.2265625,10.01562,-0.005859375,0.009765625,0.02929688,0,0,0,-0.001464844,-0.006958008,0.262207,0,0,0.262207,0,4.077,0,0,0,0,nan,2,0.182,0,0,0,0,0,0,0,0,0,1,2,1
48.234,0.00101,0.01171875,-0.01757812,-0.0546875,-0.21875,-0.15625,9.757812,0.0078125,-0.01171875,-0.03515625,0,0,0,-0.001464844,-0.007080078,0.262207,0,0,0.262207,0,4.077,0,0,0,0,nan,2,0.192,0,0,0,0,0,0,0,0,0,1,2,1
48.243,0.00101,-0.00390625,0.0234375,0.06054688,-0.09375,0.3203125,10.01562,-0.005859375,0.0078125,0.02539062,0,0,0,-0.001464844,-0.006958008,0.262085,0,0,0.262085,0,4.077,0,0,0,0,nan,2,0.201,0,0,0,0,0,0,0,0,0,1,2,1
48.253,0.001025,0.01171875,-0.01953125,-0.04296875,0.28125,0.046875,9.96875,0.00390625,-0.005859375,-0.005859375,0,0,0,-0.001342773,-0.006958008,0.2623291,0,0,0.2623291,0,4.077,0,0,0,0,nan,2,0.211,0,0,0,0,0,0,0,0,0,1,2,1
48.263,0.001017,0.009765625,-0.001953125,-0.109375,-0.3203125,0.078125,9.710938,0.01367188,-0.01367188,-0.09179688,0,0,0,-0.001220703,-0.007202148,0.2618408,0,0,0.2618408,0,4.077,0,0,0,0,nan,2,0.221,0,0,0,0,0,0,0,0,0,1,2,1
48.273,0.00101,0.005859375,-0.01757812,-0.03125,0.625,0.328125,9.828125,0.005859375,-0.005859375,-0.04882812,0,0,0,-0.001098633,-0.007202148,0.2609863,0,0,0.2609863,0,4.077,0,0,0,0,nan,2,0.231,0,0,0,0,0,0,0,0,0,1,2,1
48.283,0.001033,-0.00390625,-0.01171875,-0.1914062,0.6171875,0.7734375,9.859375,-0.001953125,-0.0078125,-0.1367188,0,0,0,-0.0009765625,-0.007568359,0.2602539,0,0,0.2602539,0,4.077,0,0,0,0,nan,2,0.005,0,0,0,0,0,0,0,0,0,1,2,1
48.293,0.000968,-0.01757812,0.0078125,-0.2402344,-0.03125,0.390625,9.773438,-0.005859375,-0.00390625,-0.21875,0,0,0,-0.0006103516,-0.0078125,0.2583008,0,0,0.2583008,0,4.077,0,0,0,0,nan,2,0.015,0,0,0,0,0,0,0,0,0,1,2,1
48.303,0.001032,0.001953125,-0.001953125,-0.3183594,0.5,0.1484375,9.710938,0.001953125,0,-0.2871094,0,0,0,-0.0004882812,-0.00793457,0.2557373,0,0,0.2557373,0,4.077,0,0,0,0,nan,2,0.025,0,0,0,0,0,0,0,0,0,1,2,1
48.313,0.00101,-0.005859375,0.001953125,-0.4101562,0.203125,0.5,10.02344,-0.00390625,-0.001953125,-0.3789062,0,0,0,-0.0003662109,-0.008178711,0.2523193,0,0,0.2523193,0,4.077,0,0,0,0,nan,2,0.035,0,0,0,0,0,0,0,0,0,1,2,1
48.323,0.001009,-0.009765625,0.001953125,-0.34375,-1.109375,-0.40625,9.984375,-0.009765625,-0.00390625,-0.4003906,0,0,0,-0.0002441406,-0.008178711,0.2481689,0,0,0.2481689,0,4.077,0,0,0,0,nan,2,0.045,0,0,0,0,0,0,0,0,0,1,2,1
48.334,0.00101,0.015625,0.03125,0.109375,-1.0625,-1.085938,9.867188,0.001953125,0.005859375,-0.03515625,0,0,0,-0.0006103516,-0.007568359,0.2460938,0,0,0.2460938,0,4.077,0,0,0,0,nan,2,0.056,0,0,0,0,0,0,0,0,0,1,2,1
48.343,0.00101,0.0078125,0.046875,0.09960938,-0.0625,-0.21875,9.648438,0.005859375,0.04101562,0.1074219,0,0,0,-0.0008544922,-0.006958008,0.2467041,0,0,0.2467041,0,4.077,0,0,0,0,nan,2,0.065,0,0,0,0,0,0,0,0,0,1,2,1
48.353,0.00101,0.02734375,0.02148438,0.06640625,0.109375,0.3671875,9.742188,0.0234375,0.03320312,0.06640625,0,0,0,-0.0008544922,-0.006469727,0.2475586,0,0,0.2475586,0,4.077,0,0,0,0,nan,2,0.075,0,0,0,0,0,0,0,0,0,1,2,1
48.363,0.001009,0.02148438,0.04882812,0.1894531,-0.6484375,0.203125,10.03906,0.02929688,0.04296875,0.1386719,0,0,0,-0.0003662109,-0.005981445,0.2485352,0,0,0.2485352,0,4.077,0,0,0,0,nan,2,0.085,0,0,0,0,0,0,0,0,0,1,2,1
48.373,0.001009,-0.001953125,0.0625,0.4941406,-1.617188,-0.2109375,9.773438,0.015625,0.03125,0.3691406,0,0,0,-0.0002441406,-0.005126953,0.2509766,0,0,0.2509766,0,4.077,0,0,0,0,nan,2,0.095,0,0,0,0,0,0,0,0,0,1,2,1
48.383,0.00101,0.01757812,0.005859375,0.8691406,-1.140625,0.0703125,9.65625,0.009765625,0.01367188,0.7324219,0,0,0,-0.0002441406,-0.004394531,0.2567139,0,0,0.2567139,0,4.077,0,0,0,0,nan,2,0.105,0,0,0,0,0,0,0,0,0,1,2,1
48.393,0.00101,-0.001953125,0.02929688,1.058594,-1.28125,0.5703125,9.867188,0.005859375,0.015625,0.9785156,0,0,0,-0.0001220703,-0.003662109,0.265625,0,0,0.265625,0,4.077,0,0,0,0,nan,2,0.115,0,0,0,0,0,0,0,0,0,1,2,1
48.403,0.00101,0.01953125,0.04492188,1.310547,-1.59375,0.4453125,9.78125,0.01171875,0.01757812,1.207031,0,0,0,0.0001220703,-0.002807617,0.2767334,0,0,0.2767334,0,4.077,0,0,0,0,nan,2,0.125,0,0,0,0,0,0,0,0,0,1,2,1
48.413,0.000985,-0.01367188,0,1.466797,-0.71875,0.6796875,9.710938,0,0.015625,1.412109,0,0,0,0.0004882812,-0.001953125,0.2901611,0,0,0.2901611,0,4.077,0,0,0,0,nan,2,0.135,0,0,0,0,0,0,0,0,0,1,2,1
48.424,0.001021,-0.03125,0.0234375,1.4375,-0.5546875,0.3984375,9.578125,-0.02539062,0.001953125,1.445312,0,0,0,0.0007324219,-0.001708984,0.3048096,0,0,0.3048096,0,4.077,0,0,0,0,nan,2,0.145,0,0,0,0,0,0,0,0,0,1,2,1
48.434,0.001034,-0.01953125,-0.009765625,1.46875,-0.828125,0.8828125,9.65625,-0.0078125,-0.001953125,1.451172,0,0,0,0.0009765625,-0.001220703,0.3193359,0,0,0.3193359,0,4.077,0,0,0,0,nan,2,0,0,0,0,0,0,0,0,0,0,1,2,1
48.443,0.00101,-0.0234375,-0.015625,1.564453,-0.484375,1.140625,10.10938,-0.01953125,-0.01171875,1.529297,0,0,0,0.001220703,-0.0008544922,0.3328857,0,0,0.3328857,0,4.077,0,0,0,0,nan,2,0.009,0,0,0,0,0,0,0,0,0,1,2,1
48.453,0.001017,0.001953125,-0.01367188,1.570312,0.140625,0.6953125,9.835938,-0.0078125,-0.005859375,1.570312,0,0,0,0.001586914,-0.0006103516,0.3486328,0,0,0.3486328,0,4.077,0,0,0,0,nan,2,0.019,0,0,0,0,0,0,0,0,0,1,2,1
48.463,0.000993,-0.00390625,0.01953125,1.517578,-0.1484375,0.671875,9.960938,0,0.005859375,1.533203,0,0,0,0.001953125,-0.0006103516,0.3648682,0,0,0.3648682,0,4.077,0,0,0,0,nan,2,0.03,0,0,0,0,0,0,0,0,0,1,2,1
48.473,0.00101,0.03515625,0.02929688,1.556641,-0.1953125,1.078125,9.515625,0.01757812,0.02148438,1.539062,0,0,0,0.002441406,-0.0003662109,0.3800049,0,0,0.3800049,0,4.077,0,0,0,0,nan,2,0.04,0,0,0,0,0,0,0,0,0,1,2,1
48.483,0.00101,0.015625,0.01171875,1.621094,-0.484375,0.7265625,9.71875,0.01367188,0.01953125,1.605469,0,0,0,0.002807617,0.0001220703,0.3959961,0,0,0.3959961,0,4.077,0,0,0,0,nan,2,0.05,0,0,0,0,0,0,0,0,0,1,2,1
48.493,0.00101,0.01367188,0.015625,1.619141,-0.546875,0.453125,9.710938,0.005859375,0.015625,1.619141,0,0,0,0.003173828,0.0004882812,0.4122314,0,0,0.4122314,0,4.077,0,0,0,0,nan,2,0.06,0,0,0,0,0,0,0,0,0,1,2,1
48.503,0.00101,-0.03125,0.015625,1.558594,-0.7890625,-0.1953125,9.71875,-0.01367188,0.00390625,1.582031,0,0,0,0.003295898,0.0008544922,0.4284668,0,0,0.4284668,0,4.077,0,0,0,0,nan,2,0.07,0,0,0,0,0,0,0,0,0,1,2,1
48.513,0.00101,-0.009765625,0.01367188,1.484375,-0.40625,0.203125,9.859375,-0.00390625,-0.00390625,1.511719,0,0,0,0.003295898,0.0009765625,0.4440918,0,0,0.4440918,0,4.077,0,0,0,0,nan,2,0.08,0,0,0,0,0,0,0,0,0,1,2,1
48.523,0.00101,-0.02539062,-0.001953125,1.384766,-0.4296875,-0.1484375,9.867188,-0.0078125,0.00390625,1.429688,0,0,0,0.003173828,0.001220703,0.4575195,0,0,0.4575195,0,4.077,0,0,0,0,nan,2,0.089,0,0,0,0,0,0,0,0,0,1,2,1
48.533,0.00101,-0.01953125,-0.005859375,1.244141,-0.1328125,-0.1640625,9.914062,-0.009765625,-0.00390625,1.300781,0,0,0,0.003173828,0.001342773,0.4711914,0,0,0.4711914,0,4.077,0,0,0,0,nan,2,0.099,0,0,0,0,0,0,0,0,0,1,2,1
48.543,0.00101,-0.01757812,-0.02734375,1.095703,-0.046875,-0.0703125,10.08594,-0.015625,-0.01367188,1.154297,0,0,0,0.002929688,0.001342773,0.4835205,0,0,0.4835205,0,4.077,0,0,0,0,nan,2,0.109,0,0,0,0,0,0,0,0,0,1,2,1
48.553,0.001008,-0.03125,-0.02148438,0.9082031,-0.078125,-0.2109375,9.5625,-0.02539062,-0.02148438,0.9785156,0,0,0,0.002563477,0.001098633,0.4942627,0,0,0.4942627,0,4.077,0,0,0,0,nan,2,0.119,0,0,0,0,0,0,0,0,0,1,2,1
48.563,0.001009,-0.01171875,-0.01953125,0.8066406,-0.140625,-0.3515625,9.890625,-0.02539062,-0.02148438,0.8457031,0,0,0,0.002197266,0.0008544922,0.5032959,0,0,0.5032959,0,4.077,0,0,0,0,nan,2,0.129,0,0,0,0,0,0,0,0,0,1,2,1
48.573,0.00101,0.005859375,0.015625,0.7988281,-0.2109375,-0.40625,10.17969,-0.01367188,-0.0078125,0.8007812,0,0,0,0.001708984,0.0007324219,0.5114746,0,0,0.5114746,0,4.077,0,0,0,0,nan,2,0.14,0,0,0,0,0,0,0,0,0,1,2,1
48.583,0.001009,-0.01171875,0.001953125,0.9003906,-0.7734375,-0.21875,9.765625,-0.005859375,0.001953125,0.859375,0,0,0,0.001464844,0.0008544922,0.5197754,0,0,0.5197754,0,4.077,0,0,0,0,nan,2,0.15,0,0,0,0,0,0,0,0,0,1,2,1
48.593,0.00101,0.01171875,0.01171875,1,-0.09375,-0.40625,10.125,0.00390625,0,0.9746094,0,0,0,0.001464844,0.001220703,0.5291748,0,0,0.5291748,0,4.077,0,0,0,0,nan,2,0.16,0,0,0,0,0,0,0,0,0,1,2,1
48.603,0.00101,-0.02148438,0.005859375,1.009766,-0.3984375,-0.6015625,9.320312,0,0.005859375,1,0,0,0,0.001342773,0.001586914,0.5391846,0,0,0.5391846,0,4.077,0,0,0,0,nan,2,0.17,0,0,0,0,0,0,0,0,0,1,2,1
