sequence,samples_per_4096_switches,total_hook_cycles,microseconds_at_240MHz
91,4096,419,1.746
92,4096,419,1.746
93,4096,2609,10.871
94,4096,2327,9.696
95,4096,3239,13.496
96,4096,2609,10.871
97,4096,661,2.754
98,4096,703,2.929
103,4096,661,2.754
104,4096,2324,9.683
105,4096,419,1.746
106,4096,2327,9.696
107,4096,2893,12.054
108,4096,661,2.754
109,4096,404,1.683
110,4096,661,2.754
115,4096,670,2.792
116,4096,661,2.754
117,4096,661,2.754
118,4096,686,2.858
119,4096,702,2.925
120,4096,687,2.862
121,4096,410,1.708
122,4096,661,2.754
127,4096,2327,9.696
128,4096,661,2.754
129,4096,2327,9.696
130,4096,661,2.754
131,4096,687,2.862
132,4096,702,2.925
133,4096,404,1.683
134,4096,419,1.746
