time_us,gyro_x_rad_s,gyro_y_rad_s,gyro_z_rad_s,acc_x_m_s2,acc_y_m_s2,acc_z_m_s2,temperature_c
331266912,0.002205,0.001158,-0.001553,0.03,-0.28,9.84,34.61
331267627,0.003271,-0.000973,0.000578,0.03,-0.25,9.86,34.58
331268562,0.003271,-0.000973,0.000578,0.03,-0.25,9.86,34.58
331269580,7.5e-05,9.3e-05,0.000578,0.05,-0.28,9.82,34.59
331270581,-0.002056,9.3e-05,-0.001553,0.04,-0.27,9.83,34.58
331271594,-0.002056,9.3e-05,-0.001553,0.02,-0.28,9.89,34.56
331272601,-0.00099,0.001158,-0.000487,0.02,-0.29,9.86,34.61
331273612,7.5e-05,9.3e-05,-0.000487,0.0,-0.32,9.82,34.61
331274621,-0.002056,-0.000973,0.000578,0.01,-0.29,9.82,34.6
331275632,-0.003121,9.3e-05,0.001643,0.04,-0.27,9.82,34.57
331276642,-0.004186,0.002223,0.001643,0.03,-0.3,9.89,34.57
331277652,-0.003121,0.002223,0.001643,0.0,-0.31,9.83,34.59
331278671,-0.002056,0.001158,0.000578,0.01,-0.28,9.8,34.57
331279671,-0.00099,-0.002038,0.001643,0.03,-0.28,9.85,34.61
331280682,7.5e-05,-0.004168,0.000578,0.03,-0.31,9.85,34.58
331281693,0.00114,-0.002038,-0.000487,0.02,-0.3,9.83,34.58
331282702,0.002205,-0.000973,-0.000487,0.01,-0.28,9.81,34.6
331283711,0.004336,-0.000973,0.000578,0.01,-0.28,9.82,34.6
331284722,0.003271,9.3e-05,0.000578,0.02,-0.29,9.86,34.6
331285731,0.00114,0.002223,-0.000487,-0.01,-0.29,9.86,34.59
331286742,7.5e-05,0.003289,-0.001553,0.0,-0.3,9.82,34.6
331287751,7.5e-05,0.003289,-0.000487,0.03,-0.32,9.82,34.58
331288770,7.5e-05,0.003289,-0.000487,0.03,-0.3,9.81,34.54
331289768,7.5e-05,9.3e-05,0.000578,0.03,-0.29,9.82,34.57
331290782,7.5e-05,-0.004168,0.002709,0.02,-0.27,9.84,34.57
331291793,7.5e-05,-0.005234,0.002709,0.03,-0.28,9.82,34.6
331292802,7.5e-05,-0.004168,0.000578,0.01,-0.28,9.82,34.55
331293811,7.5e-05,-0.002038,-0.000487,0.03,-0.28,9.85,34.57
331294822,0.00114,-0.000973,-0.000487,0.05,-0.3,9.89,34.6
331295831,0.00114,-0.003103,-0.001553,0.05,-0.31,9.87,34.6
331296843,0.00114,-0.004168,0.000578,0.03,-0.3,9.87,34.6
331297851,0.00114,-0.004168,0.002709,-0.02,-0.29,9.87,34.58
331298870,0.003271,-0.003103,0.003774,-0.03,-0.29,9.82,34.61
331299872,0.002205,-0.002038,0.003774,-0.01,-0.32,9.78,34.63
331300881,0.002205,-0.002038,0.002709,0.01,-0.3,9.78,34.63
331301894,0.00114,9.3e-05,0.000578,0.03,-0.28,9.81,34.62
331302901,-0.002056,0.001158,-0.001553,0.04,-0.29,9.79,34.61
331303912,-0.002056,9.3e-05,-0.002618,0.04,-0.28,9.82,34.63
331304921,-0.00099,-0.002038,-0.002618,0.01,-0.31,9.84,34.59
331305933,7.5e-05,-0.000973,-0.003683,0.02,-0.34,9.81,34.58
331306943,0.00114,9.3e-05,-0.002618,0.04,-0.33,9.79,34.59
331307953,0.00114,9.3e-05,0.000578,0.05,-0.28,9.84,34.62
331308978,7.5e-05,-0.003103,0.003774,0.02,-0.27,9.88,34.58
331310030,-0.002056,-0.003103,0.002709,0.01,-0.31,9.84,34.57
331310988,-0.005252,9.3e-05,0.000578,0.02,-0.32,9.78,34.55
331312003,-0.004186,0.002223,-0.000487,0.02,-0.31,9.77,34.62
331313011,-0.003121,9.3e-05,0.000578,0.04,-0.31,9.79,34.57
331314024,-0.002056,-0.000973,0.000578,0.03,-0.32,9.83,34.57
331315031,-0.00099,-0.003103,0.000578,0.0,-0.33,9.82,34.57
331316039,0.00114,-0.000973,-0.000487,0.02,-0.32,9.78,34.64
331317059,0.002205,0.001158,-0.000487,0.0,-0.29,9.81,34.6
331318067,0.002205,0.001158,-0.001553,-0.01,-0.28,9.85,34.57
331319095,0.00114,0.001158,-0.001553,0.01,-0.33,9.86,34.54
331320087,0.002205,9.3e-05,0.000578,0.05,-0.33,9.85,34.51
331321090,0.002205,-0.000973,0.000578,0.04,-0.32,9.86,34.58
331322138,0.002187,0.000136,0.000601,0.03,-0.33,9.84,34.57
331323113,5.7e-05,0.002266,0.002731,0.07,-0.3,9.82,34.59
331324120,-0.002074,0.002266,0.001666,0.03,-0.28,9.8,34.6
331325133,-0.003139,0.001201,-0.000465,0.03,-0.29,9.78,34.57
331326142,-0.002074,0.001201,-0.00153,0.05,-0.28,9.78,34.57
331327147,5.7e-05,0.000136,-0.000465,0.04,-0.27,9.78,34.6
331328160,0.001122,-0.001995,0.000601,0.03,-0.27,9.79,34.63
331329177,0.001122,-0.00093,0.000601,0.04,-0.29,9.79,34.63
331330171,5.7e-05,0.000136,0.001666,0.06,-0.31,9.78,34.65
331331185,0.002187,-0.001995,0.001666,0.03,-0.33,9.79,34.65
331332197,0.004318,-0.001995,0.000601,0.02,-0.32,9.79,34.63
331333206,0.003253,-0.00093,-0.000465,0.03,-0.34,9.8,34.6
331334214,0.002187,0.000136,-0.00153,0.02,-0.35,9.81,34.61
331335224,0.002187,-0.00093,-0.00153,0.02,-0.33,9.82,34.57
331336230,5.7e-05,-0.00093,-0.00153,0.03,-0.31,9.83,34.6
331337243,-0.002074,-0.001995,-0.000465,0.01,-0.29,9.86,34.61
331338251,-0.003139,-0.00306,0.000601,-0.01,-0.32,9.85,34.62
331339270,-0.002074,-0.004125,-0.000465,0.0,-0.32,9.82,34.63
331340272,5.7e-05,-0.00306,-0.00366,0.01,-0.31,9.85,34.6
331341281,0.002187,-0.001995,-0.004726,-0.01,-0.3,9.86,34.59
331342294,0.004318,0.002266,-0.002595,-0.03,-0.3,9.85,34.57
331343301,0.003253,0.003332,-0.00153,-0.01,-0.29,9.85,34.54
331344312,0.001122,0.003332,-0.000465,0.04,-0.29,9.83,34.54
331345321,-0.001009,0.002266,0.001666,0.04,-0.32,9.87,34.54
331346332,-0.001009,0.001201,0.003796,0.0,-0.31,9.89,34.54
331347341,0.001122,0.002266,0.003796,0.01,-0.29,9.84,34.59
331348352,0.002187,0.002266,0.002731,0.04,-0.3,9.82,34.62
331349368,5.7e-05,0.000136,-0.000465,0.05,-0.29,9.85,34.62
331350368,5.7e-05,-0.00093,-0.002595,0.06,-0.27,9.85,34.6
331351382,5.7e-05,-0.00093,-0.002595,0.03,-0.27,9.82,34.59
331352393,5.7e-05,0.000136,0.000601,0.01,-0.3,9.81,34.58
331353402,-0.002074,0.001201,0.003796,-0.01,-0.3,9.8,34.58
331354411,-0.002074,0.000136,0.003796,-0.02,-0.29,9.78,34.54
331355422,-0.002074,0.000136,0.001666,0.01,-0.26,9.78,34.54
331356431,-0.001009,0.001201,0.001666,0.02,-0.28,9.8,34.59
331357443,5.7e-05,0.002266,0.002731,0.0,-0.3,9.81,34.62
331358451,5.7e-05,0.003332,0.000601,-0.02,-0.3,9.78,34.63
331359470,0.002187,0.002266,-0.002595,0.01,-0.31,9.75,34.61
331360472,0.003253,0.000136,-0.002595,0.04,-0.3,9.8,34.6
331361481,0.001122,0.000136,-0.000465,0.04,-0.29,9.83,34.56
331362494,0.001122,-0.00093,0.001666,0.01,-0.3,9.81,34.57
331363501,0.001122,-0.00093,0.000601,0.01,-0.33,9.82,34.58
331364512,0.002187,0.001201,-0.00153,0.03,-0.34,9.85,34.59
331365521,0.001122,0.001201,-0.002595,0.03,-0.33,9.82,34.58
331366532,0.001122,0.000136,-0.000465,0.05,-0.28,9.78,34.59
331367541,5.7e-05,-0.00093,-0.00153,0.06,-0.29,9.83,34.57
331368552,-0.001009,0.000136,-0.00153,0.03,-0.33,9.82,34.61
331369571,-0.001009,0.000136,-0.00153,-0.01,-0.3,9.77,34.59
331370571,5.7e-05,0.000136,0.001666,0.02,-0.3,9.79,34.6
331371582,5.7e-05,0.000136,0.003796,0.02,-0.3,9.8,34.6
331372593,0.002187,0.001201,0.003796,-0.02,-0.28,9.82,34.54
331373598,0.002187,-0.00093,0.001666,0.0,-0.28,9.85,34.54
331374612,0.001122,-0.00093,-0.000465,0.04,-0.33,9.87,34.59
331375619,-0.001009,-0.00093,-0.00153,0.03,-0.34,9.84,34.6
331376631,0.001122,-0.001995,-0.000465,0.0,-0.29,9.75,34.57
331377643,0.002187,-0.00306,0.000601,0.03,-0.28,9.74,34.6
331378660,0.002187,-0.00306,0.001666,0.03,-0.3,9.8,34.58
331379661,0.001122,-0.001995,0.000601,0.01,-0.29,9.83,34.58
331380668,5.7e-05,-0.00093,-0.000465,0.0,-0.29,9.85,34.59
331381682,0.002187,0.000136,0.000601,0.02,-0.27,9.84,34.54
331382693,0.003253,0.000136,0.000601,0.04,-0.27,9.84,34.59
331383702,0.001122,-0.00093,-0.00153,0.03,-0.31,9.81,34.59
331384711,-0.002074,0.000136,0.000601,0.02,-0.32,9.79,34.6
331385722,-0.002074,-0.00093,0.002731,0.0,-0.31,9.82,34.59
331386729,-0.001009,-0.001995,0.002731,-0.01,-0.29,9.85,34.6
331387741,5.7e-05,-0.001995,0.001666,0.01,-0.31,9.88,34.56
331388759,5.7e-05,0.001201,0.001666,0.03,-0.32,9.83,34.6
331389762,-0.001009,0.004397,0.000601,0.02,-0.31,9.8,34.61
331390771,-0.001009,0.004397,-0.000465,0.03,-0.32,9.81,34.59
331391782,5.7e-05,0.002266,0.000601,0.01,-0.32,9.84,34.58
331392793,0.001122,0.001201,0.002731,0.0,-0.3,9.84,34.61
331393802,0.002187,0.000136,0.004862,0.02,-0.29,9.82,34.62
331394811,5.7e-05,-0.001995,0.002731,0.02,-0.31,9.83,34.59
331395822,5.7e-05,-0.004125,0.001666,0.01,-0.31,9.82,34.57
331396831,-0.002074,-0.004125,0.002731,0.02,-0.31,9.83,34.57
331397843,-0.004204,-0.001995,0.001666,0.02,-0.3,9.84,34.58
331398860,-0.002074,0.000136,-0.000465,0.02,-0.31,9.82,34.6
331399861,0.001122,0.002266,0.000601,0.02,-0.32,9.81,34.56
331400872,0.002187,0.003332,0.000601,0.0,-0.28,9.82,34.57
331401881,0.001122,0.002266,-0.000465,0.0,-0.29,9.82,34.55
331402894,0.001122,0.002266,-0.00153,0.0,-0.29,9.79,34.57
331403901,0.002187,0.001201,-0.00153,0.02,-0.28,9.8,34.57
331404912,0.003253,-0.00093,-0.00153,0.04,-0.29,9.78,34.58
331405958,0.003253,-0.001995,-0.002595,0.04,-0.28,9.8,34.57
331406932,0.003253,-0.004125,-0.00153,0.03,-0.26,9.88,34.61
331407946,0.002187,-0.00306,0.000601,0.04,-0.28,9.86,34.6
331408962,-0.001009,-0.00093,0.000601,0.06,-0.3,9.82,34.57
331409965,-0.003139,-0.001995,-0.00153,0.04,-0.28,9.85,34.58
331410979,-0.003139,-0.004125,-0.00153,0.04,-0.26,9.83,34.59
331411988,-0.003139,-0.001995,-0.00153,0.04,-0.28,9.88,34.61
331413017,-0.001009,0.001201,-0.000465,0.03,-0.32,9.88,34.63
331414014,-0.001009,0.001201,-0.000465,0.03,-0.31,9.81,34.6
331415023,-0.001009,0.001201,-0.00153,0.02,-0.29,9.84,34.58
331416029,-0.001009,0.001201,-0.00153,0.03,-0.32,9.88,34.6
331417044,5.7e-05,0.000136,0.000601,0.01,-0.33,9.89,34.6
331418053,0.002187,-0.00093,0.002731,0.01,-0.28,9.86,34.59
331419069,0.002187,0.000136,0.001666,0.0,-0.29,9.81,34.6
331420067,0.001122,0.002266,-0.00153,-0.02,-0.27,9.79,34.57
331421093,5.7e-05,0.002266,-0.002595,-0.02,-0.25,9.82,34.58
331422092,-0.001009,-0.001995,-0.00153,-0.01,-0.3,9.85,34.58
331423110,5.7e-05,-0.005191,-0.000465,0.01,-0.33,9.81,34.55
331424111,0.001122,-0.005191,-0.000465,-0.03,-0.3,9.79,34.54
331425122,0.002187,-0.00306,-0.000465,-0.03,-0.3,9.81,34.56
331426131,0.002187,-0.00093,-0.00153,0.0,-0.31,9.81,34.6
331427141,-0.001009,-0.00093,-0.00366,0.01,-0.3,9.82,34.6
331428147,-0.002074,-0.001995,-0.002595,0.01,-0.33,9.78,34.6
331429169,5.7e-05,-0.001995,-0.000465,-0.02,-0.32,9.74,34.6
331430164,0.001122,0.000136,-0.000465,-0.01,-0.3,9.79,34.59
331431171,0.002187,0.001201,-0.000465,0.04,-0.31,9.82,34.59
331432185,0.003253,0.002266,-0.002595,0.07,-0.29,9.84,34.6
331433197,0.001122,0.003332,-0.002595,0.05,-0.25,9.87,34.6
331434206,-0.002074,0.001201,-0.000465,0.01,-0.26,9.8,34.64
331435214,-0.002074,-0.00093,0.000601,-0.01,-0.31,9.77,34.61
331436224,5.7e-05,-0.001995,-0.000465,0.01,-0.31,9.78,34.59
331437230,5.7e-05,-0.001995,-0.00153,0.04,-0.28,9.78,34.57
331438243,5.7e-05,-0.001995,-0.002595,0.03,-0.31,9.8,34.6
331439260,0.001122,0.001201,-0.000465,0.01,-0.28,9.86,34.61
331440261,5.7e-05,0.002266,0.001666,0.0,-0.27,9.85,34.65
331441272,5.7e-05,0.001201,0.000601,0.0,-0.29,9.8,34.63
331442281,0.002187,0.000136,-0.000465,0.02,-0.29,9.8,34.62
331443294,0.003253,0.000136,0.000601,0.02,-0.27,9.83,34.61
331444301,0.001122,-0.00093,0.002731,0.03,-0.27,9.79,34.61
331445312,0.001122,-0.00306,0.000601,0.03,-0.3,9.77,34.63
331446321,5.7e-05,-0.004125,-0.00153,0.01,-0.29,9.78,34.6
331447332,-0.001009,-0.00306,-0.000465,0.02,-0.28,9.81,34.56
331448341,5.7e-05,-0.00093,0.000601,0.03,-0.3,9.85,34.57
331449359,5.7e-05,0.000136,0.001666,0.04,-0.3,9.82,34.6
331450362,0.001122,-0.00093,0.003796,0.04,-0.29,9.78,34.61
331451397,0.001074,-0.000897,0.003786,0.04,-0.3,9.8,34.62
331452384,9e-06,-0.000897,-0.00154,0.03,-0.28,9.82,34.59
331453430,0.001074,0.001234,-0.003671,0.01,-0.27,9.79,34.58
331454443,0.001074,0.002299,-0.00154,0.02,-0.3,9.8,34.57
331455414,0.001074,0.002299,0.00059,0.02,-0.31,9.82,34.61
331456421,9e-06,0.000168,0.00059,0.01,-0.3,9.78,34.59
331457428,0.001074,-0.000897,0.001656,-0.02,-0.29,9.74,34.6
331458441,0.001074,0.000168,0.002721,-0.03,-0.3,9.77,34.61
331459458,-0.001056,0.000168,0.001656,0.0,-0.29,9.82,34.6
331460461,-0.002122,-0.000897,0.00059,0.01,-0.29,9.81,34.6
331461469,-0.001056,-0.001962,0.00059,-0.01,-0.3,9.8,34.6
331462481,-0.001056,-0.001962,-0.000475,0.0,-0.3,9.86,34.57
331463492,9e-06,-0.000897,0.00059,0.01,-0.28,9.88,34.6
331464501,0.001074,-0.000897,0.00059,-0.02,-0.28,9.82,34.6
331465509,0.001074,-0.001962,0.00059,-0.02,-0.29,9.75,34.58
331466521,0.001074,-0.001962,0.00059,0.02,-0.31,9.75,34.63
331467529,9e-06,-0.001962,-0.000475,0.03,-0.33,9.79,34.64
331468541,9e-06,0.000168,0.00059,-0.01,-0.3,9.8,34.6
331469559,0.001074,0.001234,0.001656,0.01,-0.28,9.84,34.61
331470559,0.00427,0.000168,0.001656,0.05,-0.29,9.8,34.6
331471571,0.003205,-0.003027,0.001656,0.03,-0.29,9.85,34.61
331472579,0.003205,-0.004093,0.002721,0.02,-0.29,9.86,34.61
331473593,0.002139,-0.003027,0.001656,-0.02,-0.29,9.85,34.62
331474599,-0.001056,-0.003027,0.00059,-0.01,-0.31,9.81,34.58
331475611,-0.001056,-0.000897,0.00059,0.02,-0.31,9.78,34.56
331476619,0.001074,0.002299,-0.00154,0.02,-0.31,9.81,34.57
331477631,0.002139,0.00443,-0.002605,0.03,-0.31,9.84,34.57
331478641,0.002139,0.002299,-0.00154,0.02,-0.29,9.83,34.57
331479658,0.001074,0.000168,0.00059,0.01,-0.29,9.82,34.59
331480661,9e-06,-0.001962,0.001656,0.04,-0.3,9.85,34.57
331481668,-0.001056,-0.001962,0.001656,0.04,-0.31,9.81,34.59
331482679,-0.001056,-0.001962,0.001656,0.03,-0.29,9.82,34.59
331483693,-0.001056,-0.003027,0.001656,0.02,-0.26,9.87,34.57
331484699,-0.002122,-0.001962,0.001656,0.0,-0.27,9.9,34.54
331485711,-0.003187,0.000168,0.00059,0.0,-0.32,9.91,34.54
331486719,-0.002122,0.002299,0.001656,-0.01,-0.31,9.89,34.54
331487731,9e-06,0.001234,0.002721,-0.01,-0.28,9.86,34.57
331488750,-0.001056,-0.000897,0.002721,0.01,-0.31,9.89,34.59
331489749,-0.002122,0.000168,0.00059,-0.01,-0.31,9.9,34.57
331490761,-0.001056,0.000168,0.00059,0.02,-0.28,9.9,34.58
331491769,0.001074,0.000168,0.001656,0.02,-0.29,9.86,34.58
331492781,0.002139,0.003364,0.00059,-0.02,-0.31,9.78,34.54
331493792,0.002139,0.002299,0.00059,0.03,-0.3,9.78,34.58
331494801,9e-06,-0.003027,0.00059,0.04,-0.32,9.8,34.57
331495808,-0.001056,-0.005158,-0.000475,0.03,-0.32,9.82,34.61
331496819,9e-06,-0.001962,0.00059,0.06,-0.3,9.86,34.6
331497831,0.002139,0.000168,0.002721,0.06,-0.31,9.84,34.63
331498851,0.00427,0.000168,0.001656,0.04,-0.31,9.78,34.65
331499849,0.003205,0.000168,0.00059,0.05,-0.31,9.8,34.63
331500861,9e-06,-0.000897,-0.000475,0.04,-0.3,9.84,34.57
331501869,-0.001056,-0.003027,-0.000475,0.03,-0.3,9.8,34.58
331502881,-0.001056,-0.001962,-0.002605,0.03,-0.32,9.77,34.62
331503892,9e-06,0.000168,-0.002605,0.03,-0.29,9.81,34.57
331504901,9e-06,0.001234,-0.002605,0.05,-0.25,9.8,34.6
331505909,9e-06,0.002299,-0.000475,0.05,-0.26,9.78,34.6
331506921,9e-06,0.002299,0.00059,0.05,-0.28,9.82,34.57
331507929,9e-06,0.003364,0.00059,0.03,-0.28,9.83,34.56
331508954,9e-06,0.001234,0.00059,0.02,-0.3,9.8,34.6
331509952,9e-06,0.000168,-0.00154,0.03,-0.33,9.77,34.6
331510964,9e-06,-0.000897,-0.00154,0.02,-0.32,9.78,34.58
331511979,9e-06,-0.000897,0.001656,0.0,-0.3,9.79,34.61
331512988,-0.001056,-0.001962,0.002721,0.01,-0.33,9.81,34.62
331514002,-0.001056,-0.004093,0.00059,0.02,-0.33,9.85,34.57
331515065,-0.001056,-0.001962,0.00059,0.03,-0.31,9.87,34.6
331516025,-0.001056,0.003364,0.00059,0.03,-0.3,9.88,34.58
331517040,9e-06,0.00443,-0.000475,0.02,-0.29,9.89,34.57
331518041,9e-06,0.002299,-0.000475,-0.01,-0.32,9.88,34.55
331519061,9e-06,-0.000897,-0.000475,0.01,-0.33,9.85,34.58
331520062,9e-06,0.001234,-0.000475,0.03,-0.29,9.82,34.6
331521074,0.001074,0.003364,-0.000475,0.03,-0.31,9.81,34.56
331522085,9e-06,0.003364,-0.002605,0.0,-0.32,9.83,34.6
331523094,9e-06,0.001234,-0.002605,-0.04,-0.3,9.86,34.59
331524106,9e-06,0.000168,-0.002605,-0.03,-0.32,9.85,34.61
331525108,9e-06,0.000168,-0.00154,-0.01,-0.32,9.81,34.56
331526120,-0.002122,0.000168,-0.002605,-0.02,-0.3,9.82,34.54
331527131,-0.003187,0.001234,-0.003671,-0.03,-0.29,9.83,34.57
331528141,-0.001056,0.000168,-0.00154,0.0,-0.29,9.83,34.59
331529168,0.001074,-0.001962,-0.000475,0.04,-0.33,9.85,34.61
331530158,0.001074,-0.003027,-0.000475,0.02,-0.3,9.82,34.61
331531161,0.002139,-0.003027,-0.000475,0.01,-0.27,9.85,34.64
331532171,0.001074,0.000168,0.00059,0.01,-0.29,9.88,34.65
331533183,0.001074,0.003364,0.00059,0.03,-0.33,9.83,34.64
331534197,0.001074,0.003364,0.00059,0.03,-0.36,9.79,34.61
331535204,0.002139,0.003364,0.001656,0.02,-0.34,9.84,34.59
331536214,0.003205,0.003364,0.001656,0.01,-0.3,9.9,34.61
331537222,0.003205,0.003364,0.00059,0.02,-0.28,9.86,34.6
331538230,0.002139,0.002299,0.00059,0.03,-0.28,9.78,34.59
331539251,0.001074,0.002299,0.001656,0.0,-0.28,9.8,34.54
331540249,-0.001056,0.002299,0.001656,-0.02,-0.29,9.81,34.53
331541261,-0.003187,-0.000897,0.00059,0.0,-0.31,9.78,34.55
331542269,-0.005318,-0.003027,0.00059,0.01,-0.31,9.79,34.58
331543281,-0.006383,-0.001962,0.00059,0.03,-0.28,9.81,34.58
331544292,-0.004252,-0.001962,0.001656,0.03,-0.27,9.77,34.55
331545301,0.001074,-0.000897,0.002721,0.01,-0.28,9.76,34.57
331546309,0.001074,0.001234,0.001656,0.03,-0.29,9.85,34.6
331547321,-0.003187,0.00443,-0.000475,0.06,-0.29,9.86,34.58
331548329,-0.003187,0.00443,-0.000475,0.06,-0.32,9.79,34.59
331549349,9e-06,0.003364,0.001656,0.05,-0.29,9.79,34.56
331550351,0.001074,0.002299,0.002721,-0.01,-0.26,9.83,34.59
331551359,9e-06,0.001234,0.002721,-0.02,-0.3,9.84,34.6
331552371,-0.001056,0.000168,0.001656,0.01,-0.32,9.84,34.57
331553378,-0.001056,0.000168,-0.00154,-0.02,-0.33,9.85,34.59
331554392,-0.001056,0.000168,-0.00154,-0.03,-0.31,9.84,34.59
331555401,0.002139,-0.004093,-0.000475,-0.01,-0.3,9.8,34.6
331556409,0.002139,-0.005158,0.001656,0.02,-0.3,9.83,34.6
331557421,0.001074,-0.003027,0.00059,0.05,-0.3,9.85,34.61
331558428,-0.001056,0.000168,-0.000475,0.05,-0.3,9.87,34.65
331559448,-0.002122,0.001234,-0.00154,0.03,-0.32,9.86,34.63
331560451,-0.001056,-0.001962,-0.002605,0.02,-0.34,9.86,34.6
331561459,0.001074,-0.001962,-0.002605,0.02,-0.32,9.83,34.61
331562471,0.003205,0.000168,-0.000475,0.05,-0.29,9.8,34.61
331563479,0.002139,0.000168,0.00059,0.04,-0.31,9.83,34.63
331564493,-0.001056,-0.000897,0.00059,0.0,-0.3,9.82,34.61
331565499,-0.003187,-0.003027,0.00059,0.01,-0.27,9.78,34.57
331566507,-0.004252,-0.003027,0.00059,0.04,-0.3,9.84,34.56
331567521,-0.002122,0.001234,0.00059,0.04,-0.32,9.83,34.55
331568529,9e-06,0.003364,0.00059,0.03,-0.3,9.76,34.57
331569549,-0.001056,0.002299,-0.000475,0.03,-0.29,9.76,34.62
331570551,-0.001056,0.000168,-0.000475,0.03,-0.28,9.77,34.61
331571559,-0.002122,-0.000897,0.001656,0.03,-0.29,9.78,34.6
331572571,-0.001056,0.000168,0.002721,-0.03,-0.36,9.82,34.6
331573579,0.002139,-0.001962,-0.000475,-0.02,-0.33,9.84,34.6
331574593,0.003205,-0.003027,-0.002605,0.01,-0.28,9.85,34.64
331575599,0.001074,-0.000897,-0.002605,0.0,-0.28,9.87,34.6
331576611,-0.001056,0.001234,-0.00154,0.0,-0.33,9.89,34.61
331577619,-0.001056,0.000168,0.00059,0.01,-0.31,9.85,34.57
331578631,-0.002122,-0.003027,0.002721,0.01,-0.25,9.85,34.56
331579651,-0.003187,-0.000897,0.001656,0.0,-0.28,9.82,34.59
331580680,-0.003177,0.000174,0.000561,-0.01,-0.31,9.78,34.6
331581663,-0.002112,-0.000891,0.000561,-0.02,-0.3,9.81,34.58
331582669,0.001084,-0.001956,0.001627,0.0,-0.27,9.82,34.58
331583681,0.002149,-0.003022,0.001627,0.04,-0.27,9.81,34.61
331584692,0.003215,-0.003022,0.000561,0.01,-0.32,9.77,34.56
331585701,0.003215,-0.003022,0.001627,0.02,-0.33,9.77,34.56
331586709,0.002149,-0.000891,0.000561,0.04,-0.31,9.81,34.57
331587721,0.001084,0.000174,-0.000504,-0.01,-0.29,9.81,34.56
331588739,0.001084,-0.000891,-0.001569,-0.01,-0.29,9.83,34.55
331589742,0.001084,0.000174,-0.000504,0.01,-0.33,9.81,34.57
331590751,0.001084,0.000174,-0.000504,0.01,-0.34,9.79,34.59
331591759,0.001084,0.001239,-0.000504,0.0,-0.32,9.8,34.57
331592771,0.002149,0.002305,-0.000504,0.01,-0.31,9.8,34.58
331593779,1.9e-05,0.001239,0.001627,0.04,-0.3,9.87,34.58
331594791,-0.001046,-0.001956,0.002692,0.04,-0.3,9.87,34.59
331595799,1.9e-05,-0.001956,0.000561,0.02,-0.31,9.84,34.57
331596811,1.9e-05,-0.001956,0.000561,0.0,-0.3,9.84,34.6
331597819,0.002149,-0.000891,0.001627,0.01,-0.27,9.82,34.6
331598836,0.001084,-0.000891,0.001627,0.03,-0.28,9.8,34.63
331599841,0.002149,-0.000891,-0.001569,-0.01,-0.31,9.77,34.6
331600851,0.003215,-0.001956,-0.001569,-0.01,-0.29,9.79,34.56
331601859,0.002149,-0.003022,-0.000504,0.01,-0.32,9.83,34.58
331602871,1.9e-05,-0.004087,-0.000504,-0.02,-0.33,9.81,34.57
331603879,-0.001046,-0.000891,0.000561,-0.01,-0.32,9.79,34.55
331604893,-0.002112,0.001239,0.003757,0.02,-0.34,9.77,34.54
331605899,-0.002112,0.001239,0.003757,0.02,-0.34,9.8,34.58
331606911,1.9e-05,-0.000891,0.002692,0.02,-0.31,9.88,34.61
331607919,0.002149,-0.000891,0.001627,0.01,-0.29,9.82,34.63
331608939,0.002149,0.000174,0.000561,0.0,-0.3,9.74,34.63
331609949,0.001084,-0.000891,-0.000504,0.01,-0.32,9.8,34.62
331610955,-0.002112,-0.001956,-0.000504,0.03,-0.3,9.83,34.58
331611962,-0.004242,-0.001956,0.000561,0.02,-0.28,9.83,34.59
331612979,-0.003177,-0.000891,0.002692,0.03,-0.29,9.83,34.58
331613987,1.9e-05,0.000174,0.003757,0.04,-0.31,9.8,34.53
331614996,1.9e-05,0.000174,0.001627,0.01,-0.32,9.86,34.56
331616009,1.9e-05,-0.000891,-0.000504,0.02,-0.31,9.86,34.57
331617042,-0.001046,-0.001956,-0.000504,0.04,-0.31,9.79,34.6
331618026,-0.002112,-0.001956,-0.000504,0.03,-0.31,9.8,34.6
331619051,1.9e-05,0.001239,0.000561,0.01,-0.31,9.79,34.63
331620048,0.003215,0.00337,0.001627,0.0,-0.31,9.8,34.61
331621066,0.002149,0.004435,0.001627,0.0,-0.31,9.8,34.59
331622069,-0.001046,0.00337,0.002692,0.03,-0.31,9.74,34.61
331623086,1.9e-05,0.001239,0.001627,0.03,-0.31,9.79,34.57
331624088,0.001084,0.001239,-0.000504,0.01,-0.3,9.82,34.57
331625110,0.001084,0.002305,0.000561,0.0,-0.29,9.8,34.59
331626112,-0.001046,0.00337,0.001627,-0.02,-0.3,9.86,34.6
331627120,1.9e-05,0.00337,0.002692,0.02,-0.31,9.89,34.6
331628131,0.001084,0.001239,0.002692,0.04,-0.31,9.85,34.59
331629149,1.9e-05,-0.001956,0.001627,0.02,-0.29,9.86,34.61
331630149,1.9e-05,-0.003022,-0.000504,0.02,-0.3,9.85,34.54
331631157,1.9e-05,-0.004087,-0.001569,0.02,-0.28,9.86,34.61
331632160,0.001084,-0.001956,-0.001569,0.03,-0.28,9.86,34.6
331633170,0.002149,0.001239,-0.000504,0.02,-0.32,9.81,34.57
331634180,1.9e-05,0.006566,0.001627,0.0,-0.32,9.78,34.56
331635191,1.9e-05,0.008696,0.001627,0.0,-0.32,9.79,34.59
331636205,1.9e-05,0.006566,0.000561,0.03,-0.33,9.84,34.58
331637213,1.9e-05,0.002305,-0.001569,0.02,-0.32,9.85,34.58
331638223,-0.001046,0.000174,-0.0037,0.01,-0.3,9.81,34.57
331639239,-0.002112,0.001239,-0.002634,0.01,-0.29,9.77,34.63
331640241,-0.001046,0.000174,-0.001569,0.03,-0.29,9.8,34.61
331641247,-0.001046,-0.003022,-0.000504,0.02,-0.31,9.8,34.61
331642257,-0.001046,-0.001956,0.000561,-0.02,-0.31,9.78,34.61
331643271,0.001084,0.000174,-0.000504,-0.03,-0.32,9.82,34.6
331644279,0.002149,-0.000891,-0.000504,-0.01,-0.29,9.83,34.55
331645293,0.001084,-0.003022,0.002692,-0.02,-0.28,9.82,34.56
331646299,1.9e-05,-0.003022,0.002692,-0.04,-0.29,9.81,34.62
331647311,0.001084,-0.001956,0.000561,-0.02,-0.29,9.8,34.57
331648319,0.002149,-0.000891,-0.000504,0.03,-0.31,9.78,34.56
331649338,0.001084,0.000174,-0.001569,0.05,-0.31,9.85,34.56
331650343,0.001084,-0.000891,-0.000504,0.02,-0.28,9.87,34.57
331651349,0.001084,-0.001956,0.002692,0.0,-0.3,9.84,34.57
331652361,1.9e-05,-0.001956,0.001627,0.0,-0.3,9.82,34.57
331653369,1.9e-05,-0.000891,0.001627,0.01,-0.28,9.78,34.61
331654381,-0.001046,-0.000891,0.001627,0.01,-0.28,9.82,34.61
331655389,1.9e-05,0.000174,0.001627,0.02,-0.29,9.85,34.63
331656401,0.002149,0.002305,0.000561,0.04,-0.31,9.83,34.62
331657409,0.003215,0.000174,0.000561,0.03,-0.29,9.82,34.62
331658421,1.9e-05,-0.001956,-0.000504,0.02,-0.29,9.85,34.63
331659439,-0.001046,-0.001956,-0.002634,0.04,-0.29,9.87,34.57
331660441,1.9e-05,0.001239,-0.002634,0.03,-0.31,9.86,34.59
331661451,0.001084,0.002305,0.000561,0.03,-0.32,9.84,34.62
331662459,-0.002112,0.001239,0.001627,0.05,-0.3,9.81,34.63
331663471,-0.003177,0.001239,-0.000504,0.03,-0.3,9.8,34.58
331664479,-0.002112,0.001239,-0.000504,0.0,-0.32,9.76,34.55
331665493,-0.001046,0.000174,-0.000504,0.0,-0.3,9.79,34.6
331666499,0.001084,-0.001956,-0.000504,0.04,-0.28,9.86,34.62
331667511,1.9e-05,-0.003022,-0.000504,0.01,-0.31,9.84,34.58
331668519,-0.002112,-0.001956,-0.000504,-0.02,-0.3,9.81,34.61
331669536,-0.003177,-0.000891,-0.001569,0.01,-0.3,9.8,34.61
331670556,-0.001046,0.001239,-0.000504,0.03,-0.31,9.81,34.62
331671547,0.002149,0.002305,-0.000504,0.04,-0.34,9.82,34.62
331672561,0.002149,0.001239,-0.000504,0.02,-0.34,9.82,34.58
331673569,0.003215,-0.001956,0.000561,0.04,-0.3,9.82,34.57
331674581,0.003215,0.000174,-0.000504,0.01,-0.29,9.8,34.58
331675589,0.003215,0.000174,-0.001569,0.0,-0.29,9.78,34.6
331676601,0.002149,0.000174,-0.000504,0.0,-0.3,9.79,34.59
331677609,0.002149,-0.000891,-0.001569,0.0,-0.3,9.81,34.59
331678621,0.002149,-0.001956,-0.0037,0.02,-0.29,9.78,34.57
331679635,0.002149,-0.000891,-0.0037,0.04,-0.28,9.77,34.57
331680656,0.001084,0.002305,-0.000504,0.02,-0.28,9.8,34.54
331681649,0.001084,0.00337,0.000561,0.0,-0.28,9.81,34.54
331682661,0.001084,0.001239,0.001627,-0.01,-0.27,9.82,34.53
331683669,0.001084,-0.003022,0.001627,-0.02,-0.31,9.81,34.54
331684681,0.001084,-0.003022,0.001627,0.0,-0.31,9.81,34.6
331685692,-0.001046,-0.000891,-0.000504,0.03,-0.27,9.82,34.58
331686701,-0.001046,0.000174,-0.0037,0.0,-0.28,9.84,34.6
331687709,1.9e-05,-0.000891,-0.004765,-0.02,-0.28,9.87,34.61
331688730,-0.001046,-0.001956,-0.0037,-0.02,-0.28,9.87,34.61
331689731,-0.003177,-0.001956,-0.000504,0.01,-0.3,9.86,34.65
331690755,-0.002112,-0.000891,0.002692,0.03,-0.3,9.85,34.62
331691747,1.9e-05,-0.000891,0.001627,0.04,-0.33,9.86,34.64
331692758,1.9e-05,0.000174,-0.000504,0.03,-0.34,9.85,34.63
331693767,0.001084,0.002305,-0.000504,0.02,-0.3,9.86,34.6
331694778,0.002149,0.00337,0.000561,0.02,-0.27,9.86,34.55
331695788,0.001084,0.002305,-0.000504,0.03,-0.28,9.88,34.55
331696797,0.002149,-0.000891,0.000561,0.07,-0.28,9.87,34.56
331697808,0.001084,-0.001956,0.001627,0.06,-0.25,9.83,34.56
331698828,1.9e-05,0.000174,0.000561,0.01,-0.25,9.83,34.6
331699845,-0.002112,0.000174,-0.001569,0.01,-0.29,9.86,34.64
331700841,-0.002112,-0.000891,-0.000504,0.06,-0.31,9.8,34.61
331701851,-0.002112,0.000174,0.000561,0.06,-0.28,9.76,34.61
331702859,-0.001046,0.001239,-0.000504,0.04,-0.27,9.81,34.59
331703871,-0.001046,0.002305,-0.002634,0.04,-0.3,9.81,34.63
331704879,-0.002112,0.001239,-0.002634,0.01,-0.34,9.81,34.58
331705893,-0.003177,0.001239,-0.002634,0.0,-0.35,9.82,34.56
331706899,-0.002112,0.000174,-0.001569,-0.01,-0.34,9.81,34.61
331707911,1.9e-05,-0.000891,0.001627,-0.01,-0.32,9.82,34.59
331708932,0.002149,-0.001956,0.001627,0.01,-0.32,9.82,34.56
331709977,0.001052,-0.001939,-0.001582,0.0,-0.3,9.86,34.59
331710947,-0.002144,0.000191,-0.001582,0.01,-0.28,9.82,34.59
331711951,-0.002144,0.000191,-0.000516,0.03,-0.28,9.82,34.57
331712971,-0.002144,-0.000874,0.000549,0.01,-0.32,9.84,34.6
331713975,-0.001079,-0.000874,-0.000516,0.02,-0.29,9.81,34.6
331714991,-1.3e-05,-0.000874,-0.001582,0.04,-0.28,9.82,34.64
331715992,0.002117,0.001257,-0.002647,0.04,-0.32,9.83,34.63
331717008,0.002117,0.002322,-0.001582,0.04,-0.31,9.8,34.65
331718020,0.002117,0.002322,-0.000516,0.02,-0.31,9.8,34.6
331719040,0.001052,0.003387,-0.000516,0.0,-0.31,9.84,34.59
331720095,0.001052,0.002322,0.001614,0.01,-0.29,9.81,34.6
331721049,0.001052,0.001257,0.001614,0.02,-0.29,9.81,34.59
331722058,-1.3e-05,0.000191,-0.000516,0.02,-0.3,9.84,34.56
331723064,-1.3e-05,0.000191,-0.002647,0.02,-0.29,9.84,34.55
331724081,-1.3e-05,0.001257,-0.002647,0.03,-0.31,9.82,34.62
331725087,-0.002144,0.002322,-0.000516,0.04,-0.33,9.85,34.63
331726107,-0.00534,0.002322,0.001614,0.02,-0.31,9.89,34.6
331727111,-0.006405,0.001257,0.001614,0.01,-0.29,9.88,34.58
331728116,-0.004275,0.001257,0.001614,0.02,-0.3,9.88,34.59
331729142,-0.001079,-0.000874,0.000549,0.03,-0.29,9.89,34.58
331730158,0.002117,-0.001939,-0.000516,0.01,-0.28,9.84,34.61
331731143,0.003182,-0.001939,0.000549,0.0,-0.26,9.79,34.63
331732159,0.001052,-0.000874,0.000549,0.04,-0.28,9.78,34.62
331733159,-1.3e-05,-0.000874,-0.001582,0.05,-0.3,9.8,34.62
331734168,0.001052,-0.000874,-0.001582,0.04,-0.27,9.84,34.61
331735180,0.001052,-0.000874,-0.001582,0.03,-0.29,9.84,34.6
331736192,-1.3e-05,-0.000874,-0.000516,0.02,-0.3,9.79,34.61
331737201,0.001052,-0.001939,-0.000516,0.03,-0.27,9.77,34.58
331738212,0.001052,-0.000874,-0.000516,0.02,-0.28,9.8,34.6
331739230,-1.3e-05,-0.000874,-0.001582,0.01,-0.29,9.79,34.6
331740245,0.003182,-0.001939,-0.001582,0.02,-0.31,9.78,34.57
331741239,0.003182,-0.000874,0.000549,0.04,-0.29,9.81,34.63
331742252,-1.3e-05,0.001257,0.00268,0.04,-0.27,9.81,34.6
331743259,-0.002144,0.002322,0.00268,0.03,-0.29,9.77,34.63
331744271,-0.001079,0.003387,0.00268,0.01,-0.29,9.75,34.62
331745279,-1.3e-05,0.003387,0.00268,-0.01,-0.28,9.77,34.6
331746291,-1.3e-05,0.001257,0.000549,0.0,-0.3,9.76,34.62
331747302,-1.3e-05,-0.000874,-0.001582,0.0,-0.3,9.8,34.61
331748311,0.001052,-0.00407,-0.002647,0.01,-0.28,9.83,34.61
331749331,0.002117,-0.005135,-0.002647,0.03,-0.29,9.77,34.63
331750342,0.005313,-0.003005,-0.001582,0.03,-0.29,9.76,34.63
331751337,0.004248,-0.003005,0.000549,0.03,-0.27,9.77,34.61
331752351,0.002117,-0.001939,0.000549,0.05,-0.28,9.78,34.64
331753357,-1.3e-05,-0.000874,0.000549,0.05,-0.34,9.78,34.59
331754368,-0.002144,0.000191,0.000549,0.0,-0.33,9.78,34.59
331755377,-0.002144,0.002322,0.000549,-0.01,-0.31,9.81,34.6
331756388,-1.3e-05,0.003387,-0.000516,0.01,-0.32,9.79,34.6
331757397,-1.3e-05,0.002322,0.000549,0.05,-0.3,9.77,34.57
331758408,-1.3e-05,0.000191,0.001614,0.06,-0.29,9.8,34.6
331759428,0.001052,0.001257,0.00268,0.05,-0.29,9.83,34.6
331760445,0.001052,0.002322,0.000549,0.05,-0.29,9.84,34.61
331761439,-1.3e-05,0.003387,0.000549,0.02,-0.3,9.82,34.62
331762452,-0.001079,0.002322,0.000549,0.04,-0.3,9.82,34.65
331763459,-0.002144,-0.000874,0.001614,0.06,-0.3,9.82,34.61
331764471,-0.002144,-0.000874,0.00268,0.05,-0.29,9.82,34.57
331765479,-0.002144,0.000191,0.001614,0.04,-0.3,9.86,34.58
331766491,-0.002144,-0.000874,0.000549,0.04,-0.29,9.84,34.6
331767502,-0.001079,0.000191,0.000549,0.03,-0.28,9.8,34.62
331768511,0.002117,0.001257,0.001614,0.0,-0.31,9.82,34.63
331769531,0.003182,0.001257,0.001614,-0.01,-0.3,9.85,34.62
331770542,0.001052,0.000191,0.00268,0.01,-0.3,9.84,34.59
331771538,-0.002144,-0.000874,0.003745,0.03,-0.32,9.81,34.6
331772551,-0.003209,-0.001939,0.001614,0.02,-0.3,9.79,34.58
331773557,-0.002144,-0.000874,-0.000516,0.02,-0.31,9.82,34.57
331774568,0.003182,0.000191,-0.000516,0.02,-0.3,9.87,34.6
331775578,0.001052,0.000191,-0.000516,0.01,-0.28,9.84,34.63
331776588,-0.002144,0.000191,0.000549,0.02,-0.29,9.85,34.6
331777598,-0.003209,0.000191,0.000549,0.04,-0.27,9.82,34.59
331778607,-0.002144,0.000191,0.001614,0.01,-0.27,9.8,34.55
331779626,-1.3e-05,0.001257,0.00268,-0.01,-0.32,9.87,34.56
331780644,0.001052,0.001257,0.001614,0.0,-0.33,9.87,34.59
331781641,0.002117,-0.000874,0.000549,0.03,-0.29,9.84,34.6
331782651,0.001052,-0.001939,0.000549,0.05,-0.31,9.86,34.59
331783657,0.001052,-0.000874,-0.000516,0.03,-0.31,9.84,34.54
331784671,-1.3e-05,-0.001939,-0.002647,0.04,-0.29,9.86,34.58
331785679,-0.001079,-0.00407,-0.002647,0.05,-0.3,9.84,34.58
331786691,-1.3e-05,-0.00407,-0.002647,0.02,-0.3,9.77,34.58
331787702,-1.3e-05,-0.003005,-0.003712,0.01,-0.29,9.79,34.61
331788719,-0.001079,-0.001939,-0.002647,-0.03,-0.27,9.83,34.61
331789721,-1.3e-05,-0.00407,-0.001582,-0.02,-0.28,9.83,34.58
331790742,0.002117,-0.003005,-0.001582,0.04,-0.3,9.85,34.59
331791737,0.002117,-0.000874,-0.001582,0.05,-0.32,9.85,34.58
331792751,0.002117,-0.000874,-0.001582,0.01,-0.32,9.76,34.55
331793757,0.001052,0.000191,-0.002647,0.01,-0.32,9.78,34.55
331794768,-0.002144,0.001257,-0.001582,0.02,-0.31,9.81,34.57
331795777,-0.003209,0.001257,-0.000516,0.01,-0.32,9.83,34.58
331796788,-0.001079,-0.000874,-0.000516,0.03,-0.32,9.86,34.59
331797797,-1.3e-05,-0.000874,-0.000516,0.04,-0.32,9.85,34.58
331798815,-0.001079,0.000191,-0.001582,0.03,-0.32,9.81,34.59
331799818,-0.002144,0.000191,-0.001582,0.02,-0.31,9.77,34.58
331800845,-0.002144,0.001257,-0.001582,0.01,-0.31,9.77,34.59
331801839,0.001052,0.003387,-0.002647,0.01,-0.29,9.78,34.6
331802852,0.003182,0.003387,-0.002647,0.03,-0.27,9.8,34.61
331803858,0.003182,0.000191,0.001614,0.01,-0.29,9.83,34.61
331804869,-1.3e-05,-0.003005,0.00268,-0.02,-0.29,9.82,34.6
331805881,-1.3e-05,-0.003005,0.001614,0.02,-0.28,9.78,34.6
331806889,-1.3e-05,-0.001939,0.000549,0.03,-0.3,9.8,34.59
331807900,-1.3e-05,0.000191,0.000549,0.01,-0.28,9.83,34.59
331808919,-1.3e-05,0.000191,0.000549,0.01,-0.28,9.85,34.6
331809932,0.001052,0.000191,0.000549,0.0,-0.33,9.86,34.64
331810928,0.001052,-0.000874,0.000549,0.02,-0.34,9.82,34.63
331811938,0.001052,-0.000874,-0.001582,0.02,-0.33,9.8,34.61
331812952,0.001052,-0.000874,-0.002647,0.03,-0.33,9.82,34.57
331813960,0.002117,0.000191,-0.002647,0.05,-0.31,9.84,34.57
331814973,0.001052,0.001257,-0.002647,0.04,-0.31,9.86,34.57
331815989,0.001052,0.002322,-0.000516,0.02,-0.32,9.86,34.54
331816999,0.002117,0.005518,0.00268,0.02,-0.3,9.86,34.54
331818007,-1.3e-05,0.005518,0.003745,0.0,-0.3,9.81,34.54
331819025,-0.002144,0.002322,0.001614,0.01,-0.3,9.82,34.61
331820040,-0.004275,0.001257,-0.000516,0.03,-0.3,9.85,34.6
331821039,-0.00534,0.001257,0.000549,0.03,-0.31,9.85,34.59
331822046,-0.004275,0.001257,-0.000516,0.04,-0.28,9.83,34.57
331823064,-0.001079,0.000191,-0.001582,0.04,-0.29,9.81,34.58
331824069,0.002117,-0.001939,-0.001582,0.02,-0.31,9.82,34.63
331825129,0.003182,-0.001939,-0.000516,0.03,-0.27,9.8,34.62
331826096,0.003182,-0.001939,0.000549,0.05,-0.29,9.79,34.59
331827110,0.001052,-0.001939,0.001614,0.02,-0.3,9.8,34.59
331828115,-0.002144,-0.001939,0.00268,0.0,-0.29,9.84,34.54
331829131,-0.002144,-0.001939,0.00268,0.01,-0.31,9.86,34.57
331830127,-0.003209,-0.001939,0.001614,0.0,-0.33,9.82,34.58
331831141,-0.003209,-0.001939,0.000549,0.0,-0.33,9.83,34.57
331832158,-0.003209,0.001257,0.000549,0.01,-0.3,9.85,34.6
331833164,-0.002144,0.002322,0.000549,0.04,-0.31,9.84,34.59
331834161,-0.002144,0.000191,-0.001582,0.04,-0.3,9.83,34.62
331835171,-0.003209,0.001257,-0.002647,0.01,-0.29,9.82,34.63
331836183,-0.001079,0.000191,-0.000516,0.01,-0.31,9.8,34.6
331837222,-1.3e-05,-0.000874,-0.000516,0.04,-0.31,9.8,34.63
331838204,-0.002144,0.000191,0.000549,0.03,-0.31,9.83,34.58
331839250,-0.002121,0.003387,0.002684,0.03,-0.31,9.86,34.6
331840225,9e-06,0.003387,0.003749,0.01,-0.32,9.82,34.6
331841229,0.003205,-0.000874,0.001618,-0.01,-0.32,9.79,34.57
331842241,0.005336,-0.003005,0.000553,0.0,-0.29,9.81,34.57
331843251,0.003205,-0.003005,0.001618,0.03,-0.29,9.77,34.61
331844257,0.001074,-0.000874,0.000553,0.04,-0.32,9.79,34.66
331845271,0.001074,0.000191,-0.000512,0.03,-0.32,9.84,34.63
331846324,0.001074,-0.000874,-0.001578,0.0,-0.29,9.86,34.63
331847291,0.001074,-0.000874,-0.001578,-0.01,-0.26,9.84,34.6
331848302,9e-06,0.000191,-0.001578,0.0,-0.29,9.8,34.62
331849318,0.001074,0.001257,-0.002643,-0.01,-0.32,9.82,34.58
331850321,0.003205,0.002322,-0.000512,0.01,-0.31,9.83,34.57
331851345,0.00214,0.003387,0.001618,0.03,-0.28,9.83,34.61
331852341,9e-06,0.002322,0.003749,0.04,-0.29,9.84,34.58
331853351,-0.001056,0.000191,0.002684,0.04,-0.31,9.81,34.63
331854358,-0.001056,-0.000874,-0.000512,0.02,-0.31,9.84,34.61
331855368,9e-06,-0.000874,0.000553,0.01,-0.29,9.82,34.57
331856425,0.001074,-0.001939,0.000553,0.03,-0.28,9.78,34.57
331857389,0.001074,-0.001939,0.001618,0.07,-0.28,9.81,34.61
331858401,0.001074,-0.000874,0.000553,0.02,-0.31,9.83,34.63
331859419,9e-06,0.000191,0.000553,-0.01,-0.31,9.86,34.6
331860418,0.001074,-0.000874,0.001618,-0.01,-0.3,9.88,34.59
331861428,9e-06,-0.001939,0.000553,0.01,-0.31,9.87,34.6
331862438,-0.001056,-0.001939,-0.000512,0.05,-0.3,9.85,34.58
331863449,-0.002121,-0.000874,-0.001578,0.02,-0.27,9.83,34.57
331864459,-0.002121,-0.000874,-0.000512,-0.01,-0.3,9.82,34.57
331865471,-0.002121,0.001257,0.002684,0.0,-0.3,9.8,34.59
331866479,-0.003187,0.002322,0.001618,0.02,-0.3,9.76,34.58
331867491,-0.003187,0.003387,-0.001578,0.03,-0.31,9.79,34.59
331868501,-0.002121,0.002322,-0.002643,0.03,-0.3,9.8,34.63
331869515,-0.001056,-0.000874,-0.002643,0.01,-0.29,9.83,34.63
331870517,-0.001056,-0.000874,-0.001578,0.02,-0.31,9.85,34.59
331871527,-0.001056,0.001257,-0.002643,0.05,-0.29,9.8,34.62
331872541,-0.002121,0.001257,-0.002643,0.05,-0.28,9.82,34.63
331873552,-0.001056,0.000191,0.000553,0.03,-0.3,9.85,34.63
331874561,0.001074,0.000191,0.001618,0.04,-0.29,9.79,34.57
331875569,-0.001056,0.001257,0.000553,0.03,-0.28,9.79,34.61
331876581,-0.001056,0.000191,0.002684,0.03,-0.3,9.84,34.57
331877589,-0.001056,0.000191,0.002684,0.01,-0.31,9.81,34.61
331878601,-0.001056,0.001257,0.001618,-0.01,-0.28,9.79,34.6
331879619,-0.003187,0.003387,-0.000512,0.0,-0.29,9.84,34.6
331880619,-0.005317,0.003387,-0.000512,-0.02,-0.3,9.84,34.63
331881631,-0.004252,0.000191,-0.000512,-0.01,-0.32,9.85,34.62
331882639,-0.002121,0.000191,-0.000512,0.03,-0.33,9.88,34.58
331883652,-0.001056,0.000191,-0.001578,0.05,-0.29,9.82,34.57
331884659,-0.002121,0.000191,-0.001578,0.04,-0.3,9.83,34.59
331885667,-0.002121,0.001257,0.000553,0.03,-0.3,9.8,34.59
331886681,9e-06,0.001257,0.001618,0.02,-0.28,9.76,34.61
331887689,0.001074,0.002322,0.001618,0.04,-0.32,9.82,34.57
331888712,9e-06,0.001257,-0.000512,0.07,-0.32,9.8,34.56
331889711,-0.003187,-0.003005,0.000553,0.02,-0.31,9.78,34.56
331890719,-0.002121,-0.003005,0.001618,0.02,-0.34,9.81,34.56
331891731,-0.001056,-0.001939,0.001618,0.04,-0.35,9.83,34.57
331892739,-0.001056,0.000191,0.001618,0.03,-0.33,9.82,34.59
331893751,-0.001056,0.001257,0.000553,0.04,-0.31,9.78,34.57
331894759,0.001074,0.001257,-0.001578,0.03,-0.31,9.78,34.56
331895771,0.00214,0.001257,-0.001578,0.01,-0.32,9.85,34.57
331896779,0.00214,0.001257,0.000553,0.03,-0.31,9.88,34.58
331897791,0.001074,0.001257,0.002684,0.04,-0.29,9.86,34.6
331898810,9e-06,0.001257,0.003749,0.04,-0.28,9.83,34.61
331899809,-0.001056,0.001257,0.002684,0.02,-0.28,9.86,34.58
331900821,-0.002121,0.001257,0.000553,0.0,-0.3,9.88,34.55
331901829,-0.001056,-0.000874,-0.001578,0.03,-0.3,9.88,34.6
331902841,-0.001056,-0.00407,-0.002643,0.04,-0.31,9.9,34.58
331903851,-0.004252,-0.005135,-0.002643,0.03,-0.28,9.84,34.59
331904861,-0.003187,-0.00407,-0.000512,0.05,-0.29,9.83,34.58
331905869,9e-06,-0.00407,0.002684,0.05,-0.32,9.85,34.55
331906881,0.003205,-0.001939,0.002684,0.02,-0.31,9.84,34.56
331907889,0.00214,0.001257,-0.000512,0.0,-0.28,9.82,34.58
331908912,-0.001056,0.000191,-0.002643,0.0,-0.25,9.82,34.57
331909911,-0.001056,-0.003005,-0.002643,0.03,-0.27,9.86,34.57
331910919,9e-06,-0.00407,-0.001578,0.03,-0.29,9.86,34.57
331911931,0.00214,-0.003005,0.000553,0.01,-0.3,9.78,34.57
331912941,0.00214,-0.000874,0.000553,0.03,-0.29,9.78,34.58
331913952,0.00214,0.001257,-0.000512,0.02,-0.28,9.81,34.61
331914962,9e-06,0.001257,0.000553,0.0,-0.3,9.78,34.63
331915978,-0.002121,-0.000874,0.001618,0.01,-0.3,9.77,34.61
331916988,-0.002121,-0.003005,0.001618,0.06,-0.27,9.79,34.63
331918021,-0.001056,-0.001939,0.001618,0.06,-0.28,9.81,34.63
331919021,-0.001056,-0.001939,0.000553,0.02,-0.31,9.81,34.58
331920022,-0.002121,-0.001939,-0.000512,0.01,-0.3,9.8,34.57
331921028,-0.002121,-0.000874,-0.001578,0.02,-0.29,9.88,34.56
331922038,-0.001056,0.000191,-0.000512,0.04,-0.31,9.88,34.58
331923046,9e-06,0.000191,-0.000512,0.04,-0.31,9.83,34.62
331924064,9e-06,0.000191,-0.001578,0.05,-0.32,9.86,34.62
331925116,9e-06,-0.000874,-0.002643,0.04,-0.31,9.83,34.66
331926087,0.00214,0.000191,-0.000512,0.01,-0.3,9.77,34.63
331927094,0.003205,0.000191,0.000553,0.02,-0.29,9.77,34.58
331928106,0.00427,0.000191,0.001618,0.03,-0.29,9.78,34.61
331929126,0.003205,0.000191,0.000553,0.02,-0.32,9.78,34.57
331930121,9e-06,0.000191,-0.000512,0.05,-0.32,9.79,34.58
331931131,-0.003187,-0.000874,-0.001578,0.06,-0.29,9.79,34.56
331932184,-0.003187,-0.000874,-0.002643,0.02,-0.27,9.81,34.59
331933145,-0.001056,0.000191,-0.000512,0.01,-0.27,9.82,34.56
331934161,9e-06,0.003387,0.000553,0.02,-0.32,9.82,34.55
331935161,0.001074,0.004452,-0.000512,0.02,-0.31,9.87,34.56
331936171,0.001074,0.004452,0.000553,0.03,-0.3,9.9,34.59
331937195,-0.001056,0.004452,0.000553,0.03,-0.3,9.86,34.6
331938194,-0.002121,0.002322,-0.000512,0.01,-0.3,9.83,34.6
331939214,-0.001056,-0.000874,-0.000512,0.01,-0.28,9.79,34.62
331940213,0.001074,-0.001939,0.000553,0.02,-0.29,9.81,34.59
331941232,0.00214,-0.000874,0.000553,-0.01,-0.28,9.85,34.56
331942229,0.00214,-0.000874,-0.000512,-0.02,-0.24,9.81,34.6
331943241,9e-06,0.000191,0.000553,0.02,-0.27,9.78,34.61
331944251,9e-06,-0.000874,0.002684,0.04,-0.31,9.8,34.59
331945261,0.001074,0.000191,0.003749,0.03,-0.31,9.84,34.58
331946307,0.001074,0.001257,0.002684,0.03,-0.28,9.87,34.57
331947281,0.00214,0.000191,0.000553,0.01,-0.29,9.82,34.58
331948289,0.001074,0.000191,0.000553,0.01,-0.3,9.78,34.57
331949312,9e-06,0.001257,0.002684,0.02,-0.31,9.84,34.61
331950311,-0.002121,0.001257,0.003749,0.03,-0.31,9.85,34.6
331951348,-0.002121,0.001257,0.002684,0.06,-0.29,9.83,34.64
331952329,-0.001056,0.001257,0.000553,0.03,-0.31,9.83,34.65
331953341,9e-06,0.001257,0.000553,0.01,-0.31,9.83,34.64
331954394,-0.001056,0.002322,0.001618,0.01,-0.28,9.78,34.62
331955390,-0.002121,0.003387,0.002684,0.01,-0.26,9.78,34.62
331956407,-0.002121,0.003387,0.001618,0.04,-0.31,9.81,34.62
331957405,-0.003187,0.003387,-0.000512,0.01,-0.31,9.83,34.6
331958389,-0.005317,0.001257,-0.001578,-0.01,-0.27,9.87,34.59
331959411,-0.005317,-0.001939,-0.001578,0.02,-0.27,9.83,34.6
331960411,-0.002121,-0.001939,-0.001578,0.06,-0.27,9.85,34.57
331961422,0.00214,-0.001939,-0.001578,0.04,-0.31,9.88,34.59
331962431,0.005336,-0.000874,-0.002643,0.0,-0.33,9.84,34.61
331963438,0.00427,0.001257,-0.002643,0.02,-0.29,9.79,34.57
331964453,0.003205,0.001257,-0.001578,0.02,-0.28,9.82,34.59
331965461,0.00214,0.002322,-0.000512,0.02,-0.31,9.86,34.6
331966472,0.00214,0.001257,0.000553,0.04,-0.33,9.83,34.57
331967481,0.003205,-0.000874,-0.000512,0.06,-0.33,9.83,34.58
331968522,0.003227,0.000176,-0.002661,0.03,-0.32,9.79,34.58
331969516,0.003227,0.001242,-0.003727,0.01,-0.29,9.81,34.61
331970511,0.003227,0.002307,-0.002661,0.03,-0.3,9.84,34.58
331971522,0.002162,0.002307,-0.001596,0.03,-0.3,9.83,34.6
331972531,0.001096,0.000176,-0.001596,0.0,-0.28,9.82,34.56
331973538,0.002162,-0.00302,-0.001596,0.0,-0.27,9.81,34.59
331974552,0.004292,-0.001954,-0.001596,0.0,-0.29,9.83,34.61
331975561,0.004292,-0.000889,-0.001596,0.01,-0.31,9.83,34.61
331976572,3.1e-05,0.003372,-0.001596,0.04,-0.27,9.8,34.61
331977581,-0.002099,0.002307,0.000535,0.06,-0.28,9.83,34.61
331978592,3.1e-05,0.000176,0.002665,0.04,-0.31,9.85,34.61
331979611,-0.001034,0.000176,0.002665,0.01,-0.32,9.83,34.62
331980611,-0.002099,-0.000889,0.002665,0.01,-0.33,9.78,34.58
331981622,-0.002099,0.000176,0.000535,0.02,-0.32,9.78,34.59
331982631,3.1e-05,0.000176,-0.000531,0.03,-0.26,9.81,34.64
331983642,0.001096,-0.000889,-0.000531,0.03,-0.27,9.83,34.66
331984652,0.002162,0.000176,-0.000531,0.0,-0.33,9.84,34.57
331985658,0.001096,0.001242,-0.000531,0.01,-0.33,9.88,34.58
331986672,3.1e-05,0.000176,-0.000531,0.05,-0.31,9.84,34.6
331987681,3.1e-05,-0.001954,-0.000531,0.02,-0.32,9.78,34.61
331988699,3.1e-05,-0.001954,-0.001596,0.01,-0.32,9.81,34.62
331989704,3.1e-05,0.000176,-0.002661,0.02,-0.32,9.79,34.6
331990711,0.001096,0.001242,-0.002661,0.04,-0.32,9.78,34.6
331991722,0.001096,0.001242,-0.000531,0.05,-0.3,9.78,34.61
331992731,0.001096,0.000176,0.0016,0.04,-0.29,9.78,34.65
331993742,-0.002099,0.000176,0.002665,0.03,-0.28,9.81,34.62
331994751,-0.00423,0.000176,-0.000531,0.03,-0.3,9.86,34.63
331995762,-0.003165,0.000176,-0.001596,0.02,-0.32,9.82,34.61
331996771,3.1e-05,-0.000889,-0.002661,0.03,-0.33,9.76,34.6
331997782,0.002162,0.000176,-0.002661,0.02,-0.3,9.81,34.6
331998800,0.003227,0.002307,-0.000531,0.02,-0.27,9.8,34.57
331999803,0.002162,0.002307,0.002665,0.04,-0.28,9.79,34.57
332000812,0.001096,0.001242,0.002665,0.04,-0.3,9.8,34.57
332001821,0.001096,-0.001954,0.000535,0.04,-0.3,9.81,34.53
332002832,0.002162,-0.00302,-0.000531,0.03,-0.29,9.78,34.57
332003841,0.002162,-0.004085,0.000535,0.04,-0.28,9.8,34.57
332004853,3.1e-05,-0.00302,0.0016,0.04,-0.27,9.85,34.55
332005861,-0.001034,0.002307,0.000535,0.02,-0.29,9.84,34.58
332006872,3.1e-05,0.005503,0.002665,0.0,-0.3,9.8,34.6
332007881,3.1e-05,0.004437,0.002665,0.0,-0.29,9.76,34.58
332008899,3.1e-05,0.002307,0.000535,0.03,-0.32,9.8,34.59
332009904,-0.001034,0.000176,-0.000531,0.05,-0.34,9.8,34.58
332010911,-0.002099,0.001242,-0.000531,0.01,-0.34,9.83,34.56
332011922,-0.002099,0.001242,0.000535,-0.02,-0.29,9.88,34.55
332012931,-0.002099,-0.000889,0.0016,0.02,-0.29,9.87,34.58
332013944,-0.003165,-0.00302,0.0016,0.02,-0.34,9.85,34.63
332014953,-0.00423,-0.001954,0.000535,0.01,-0.32,9.83,34.6
332015964,-0.003165,0.000176,0.000535,0.04,-0.27,9.8,34.58
332016982,-0.001034,0.000176,0.000535,0.05,-0.28,9.82,34.61
332017986,3.1e-05,-0.001954,0.000535,0.04,-0.29,9.85,34.6
332019008,-0.002099,-0.00302,0.000535,0.02,-0.26,9.83,34.58
332020011,-0.003165,-0.001954,-0.000531,0.02,-0.28,9.78,34.59
332021028,-0.003165,-0.000889,-0.001596,0.05,-0.3,9.8,34.6
332022031,-0.002099,0.000176,-0.001596,0.04,-0.3,9.83,34.58
332023045,3.1e-05,-0.000889,-0.001596,0.01,-0.31,9.82,34.58
332024050,0.002162,-0.000889,-0.000531,-0.01,-0.31,9.81,34.59
332025063,0.001096,0.001242,0.0016,-0.01,-0.3,9.82,34.6
332026063,-0.002099,0.002307,0.002665,0.0,-0.32,9.85,34.59
332027149,-0.00423,0.000176,0.0016,0.04,-0.31,9.84,34.58
332028093,-0.002099,-0.000889,0.000535,0.03,-0.28,9.83,34.58
332029127,-0.001034,0.000176,-0.000531,0.01,-0.29,9.76,34.55
332030113,-0.001034,0.001242,0.000535,0.05,-0.31,9.78,34.56
332031123,0.001096,0.002307,-0.000531,0.06,-0.31,9.84,34.61
332032129,0.002162,0.000176,-0.001596,0.03,-0.3,9.83,34.58
332033142,0.001096,-0.001954,-0.001596,0.03,-0.3,9.86,34.63
332034148,0.001096,-0.001954,0.000535,-0.01,-0.3,9.84,34.6
332035158,0.001096,-0.001954,0.0016,-0.03,-0.29,9.84,34.58
332036164,0.002162,-0.00302,-0.000531,0.01,-0.27,9.82,34.55
332037182,0.001096,-0.00302,-0.001596,0.02,-0.3,9.83,34.55
332038185,-0.001034,-0.001954,-0.000531,0.04,-0.3,9.83,34.58
332039200,-0.001034,0.001242,0.000535,0.04,-0.28,9.79,34.59
332040209,-0.001034,0.004437,0.0016,-0.01,-0.29,9.81,34.6
332041214,-0.001034,0.002307,-0.000531,-0.01,-0.3,9.81,34.62
332042224,3.1e-05,-0.000889,-0.000531,0.06,-0.29,9.83,34.63
332043230,0.001096,-0.000889,0.000535,0.06,-0.29,9.84,34.59
332044242,0.001096,0.000176,0.0016,0.0,-0.31,9.82,34.59
332045251,0.001096,0.000176,0.000535,-0.01,-0.28,9.8,34.58
332046261,0.001096,0.000176,-0.001596,0.01,-0.28,9.79,34.58
332047272,-0.001034,-0.001954,-0.000531,0.02,-0.3,9.82,34.6
332048281,-0.001034,-0.004085,0.0016,-0.01,-0.3,9.85,34.59
332049299,0.001096,-0.00302,0.00373,0.0,-0.32,9.85,34.59
332050304,0.001096,-0.001954,0.0016,0.03,-0.33,9.86,34.62
332051311,-0.001034,-0.001954,0.000535,0.03,-0.3,9.86,34.59
332052322,-0.002099,0.000176,0.0016,0.0,-0.28,9.84,34.57
332053331,3.1e-05,0.000176,0.0016,-0.01,-0.28,9.81,34.59
332054342,-0.001034,0.001242,0.0016,-0.01,-0.3,9.84,34.6
332055351,-0.002099,0.000176,-0.000531,0.0,-0.32,9.88,34.61
332056362,-0.001034,-0.000889,-0.001596,0.0,-0.31,9.83,34.62
332057371,-0.001034,0.000176,-0.001596,-0.02,-0.3,9.79,34.63
332058382,-0.002099,0.002307,-0.002661,-0.02,-0.28,9.85,34.63
332059400,-0.001034,0.002307,-0.001596,-0.02,-0.28,9.89,34.66
332060403,3.1e-05,0.001242,0.000535,-0.03,-0.31,9.83,34.64
332061412,-0.003165,0.000176,0.0016,0.0,-0.32,9.83,34.64
332062421,-0.00423,0.002307,0.0016,0.04,-0.34,9.84,34.66
332063432,-0.001034,0.002307,0.000535,0.04,-0.34,9.84,34.59
332064441,3.1e-05,0.001242,-0.001596,0.04,-0.32,9.84,34.57
332065453,-0.002099,0.000176,-0.001596,0.02,-0.32,9.8,34.61
332066461,-0.005295,-0.001954,-0.000531,0.05,-0.32,9.8,34.58
332067472,-0.003165,-0.004085,-0.001596,0.04,-0.31,9.8,34.61
332068481,3.1e-05,-0.004085,-0.002661,0.01,-0.31,9.78,34.6
332069499,0.001096,-0.00302,-0.000531,0.04,-0.34,9.8,34.61
332070504,0.001096,-0.001954,0.000535,0.07,-0.34,9.83,34.66
332071511,0.001096,-0.00302,0.000535,0.02,-0.32,9.8,34.59
332072522,0.002162,-0.00302,-0.000531,-0.01,-0.3,9.8,34.62
332073531,-0.001034,-0.001954,-0.002661,0.01,-0.28,9.83,34.62
332074542,-0.00423,-0.001954,-0.001596,0.0,-0.27,9.79,34.63
332075551,-0.003165,-0.00302,-0.001596,0.02,-0.29,9.78,34.62
332076562,-0.001034,0.000176,-0.001596,0.0,-0.29,9.82,34.57
332077571,0.001096,0.002307,-0.001596,0.03,-0.33,9.86,34.65
332078578,0.001096,-0.000889,0.0016,0.04,-0.31,9.87,34.61
332079599,0.002162,-0.001954,0.002665,0.02,-0.29,9.81,34.61
332080601,0.001096,0.000176,0.0016,0.03,-0.3,9.83,34.62
332081608,3.1e-05,0.003372,-0.000531,0.04,-0.3,9.89,34.57
332082622,0.001096,0.003372,-0.001596,0.03,-0.28,9.85,34.58
332083631,3.1e-05,0.000176,-0.000531,0.03,-0.26,9.82,34.61
332084642,-0.001034,-0.000889,0.000535,0.04,-0.28,9.82,34.6
332085652,3.1e-05,-0.000889,0.000535,0.05,-0.31,9.85,34.56
332086662,0.002162,0.000176,0.0016,0.06,-0.33,9.82,34.57
332087671,0.002162,0.001242,0.000535,0.03,-0.31,9.84,34.6
332088690,0.002162,0.002307,-0.000531,0.03,-0.31,9.86,34.58
332089692,3.1e-05,0.002307,-0.000531,0.02,-0.3,9.81,34.59
332090703,3.1e-05,0.000176,0.000535,-0.02,-0.31,9.8,34.6
332091708,0.003227,-0.000889,-0.001596,-0.02,-0.29,9.81,34.6
332092722,0.003227,-0.001954,-0.002661,-0.01,-0.28,9.87,34.6
332093731,0.001096,-0.001954,-0.000531,0.02,-0.31,9.87,34.62
332094742,3.1e-05,0.001242,0.000535,0.03,-0.3,9.83,34.6
332095751,3.1e-05,0.002307,0.0016,0.04,-0.31,9.84,34.56
332096758,-0.001034,0.001242,0.0016,0.02,-0.32,9.84,34.51
332097799,-0.001017,0.001255,-0.000523,0.0,-0.33,9.85,34.57
332098794,-0.001017,0.00019,-0.001588,0.01,-0.32,9.83,34.59
332099791,-0.001017,-0.00194,-0.000523,0.04,-0.31,9.83,34.6
332100804,-0.001017,-0.003006,-0.000523,0.04,-0.32,9.86,34.6
332101811,-0.001017,-0.00194,0.000542,0.0,-0.31,9.83,34.59
332102822,-0.001017,0.00019,0.000542,0.0,-0.29,9.83,34.57
332103831,-0.002082,0.00019,-0.001588,-0.02,-0.31,9.85,34.56
332104842,-0.001017,0.00019,-0.001588,0.0,-0.31,9.82,34.56
332105852,4.8e-05,0.001255,-0.001588,0.01,-0.27,9.8,34.58
332106862,4.8e-05,0.001255,0.000542,0.01,-0.25,9.83,34.63
332107871,4.8e-05,0.00019,0.001608,0.02,-0.25,9.85,34.59
332108890,-0.002082,-0.000875,-0.001588,0.01,-0.27,9.83,34.59
332109892,4.8e-05,0.00019,-0.004784,0.01,-0.3,9.82,34.59
332110903,0.003244,0.001255,-0.003719,0.02,-0.29,9.81,34.62
332111912,0.002179,0.001255,-0.000523,0.03,-0.29,9.8,34.65
332112921,-0.002082,0.00019,-0.000523,0.0,-0.29,9.79,34.66
332113933,-0.002082,0.00019,-0.001588,0.01,-0.3,9.79,34.62
332114944,4.8e-05,0.001255,-0.001588,0.01,-0.34,9.84,34.59
332115953,0.001114,0.00019,-0.000523,0.0,-0.34,9.87,34.65
332116963,-0.001017,-0.000875,-0.000523,0.01,-0.32,9.88,34.61
332117980,-0.002082,-0.000875,-0.001588,0.01,-0.3,9.84,34.59
332119004,4.8e-05,-0.000875,-0.001588,0.01,-0.29,9.81,34.62
332119997,0.002179,0.00019,-0.001588,0.0,-0.3,9.83,34.6
332121016,0.003244,0.002321,-0.000523,-0.01,-0.3,9.87,34.66
332122021,0.001114,0.001255,0.000542,0.01,-0.31,9.86,34.66
332123037,-0.002082,0.001255,0.000542,0.05,-0.33,9.84,34.64
332124036,-0.004213,0.00019,0.000542,0.07,-0.3,9.82,34.59
332125056,-0.004213,0.00019,-0.000523,0.05,-0.31,9.83,34.55
332126066,-0.003147,0.001255,-0.000523,0.04,-0.31,9.82,34.59
332127076,-0.003147,0.001255,-0.000523,0.04,-0.3,9.81,34.57
332128083,-0.002082,0.001255,-0.000523,0.03,-0.29,9.84,34.51
332129175,-0.002082,0.00019,-0.000523,0.02,-0.28,9.86,34.55
332130104,-0.004213,-0.000875,-0.002654,0.01,-0.28,9.83,34.58
332131119,-0.005278,-0.00194,-0.002654,0.0,-0.27,9.81,34.58
332132120,-0.003147,0.00019,-0.000523,0.0,-0.29,9.79,34.59
332133135,-0.001017,0.003386,0.000542,0.02,-0.32,9.78,34.62
332134141,0.001114,0.003386,-0.001588,0.01,-0.29,9.84,34.59
332135153,-0.001017,0.002321,-0.002654,0.0,-0.29,9.84,34.57
332136159,-0.001017,0.002321,-0.002654,0.03,-0.31,9.81,34.6
332137177,0.002179,0.001255,-0.000523,0.04,-0.29,9.81,34.58
332138172,0.002179,-0.003006,0.000542,0.01,-0.31,9.86,34.63
332139194,0.001114,-0.004071,0.001608,0.04,-0.29,9.88,34.6
332140194,4.8e-05,-0.00194,0.002673,0.05,-0.26,9.84,34.62
332141209,-0.002082,0.00019,0.002673,0.03,-0.28,9.84,34.62
332142214,-0.004213,0.002321,0.001608,0.03,-0.31,9.79,34.57
332143224,-0.004213,0.003386,0.000542,0.03,-0.3,9.76,34.59
332144230,-0.002082,0.003386,0.000542,0.03,-0.28,9.83,34.56
332145242,0.001114,0.001255,-0.000523,0.04,-0.28,9.86,34.57
332146252,0.001114,0.00019,-0.001588,0.04,-0.3,9.87,34.59
332147262,4.8e-05,0.00019,0.000542,0.03,-0.3,9.79,34.58
332148271,0.001114,0.002321,0.002673,0.01,-0.32,9.76,34.61
332149290,0.001114,0.002321,0.002673,0.0,-0.3,9.81,34.62
332150288,4.8e-05,0.001255,0.001608,-0.02,-0.29,9.81,34.57
332151304,-0.001017,0.00019,0.000542,0.0,-0.3,9.8,34.58
332152311,-0.001017,0.001255,0.000542,0.04,-0.32,9.8,34.62
332153318,0.001114,0.002321,0.000542,0.03,-0.33,9.8,34.63
332154332,0.002179,0.001255,0.001608,0.01,-0.32,9.79,34.59
332155341,0.001114,0.00019,0.002673,0.03,-0.33,9.82,34.6
332156352,-0.001017,-0.000875,0.001608,0.02,-0.34,9.78,34.58
332157361,-0.002082,-0.00194,-0.000523,-0.01,-0.35,9.82,34.58
332158372,-0.003147,-0.000875,-0.001588,-0.01,-0.33,9.89,34.6
332159391,-0.003147,0.00019,0.000542,0.0,-0.3,9.84,34.57
332160391,-0.001017,0.001255,0.002673,0.01,-0.3,9.83,34.61
332161404,0.001114,0.001255,0.002673,0.03,-0.29,9.82,34.61
332162411,0.001114,0.00019,-0.000523,0.03,-0.31,9.83,34.62
332163422,0.001114,-0.000875,-0.002654,0.01,-0.31,9.82,34.61
332164431,0.002179,0.001255,-0.001588,0.0,-0.3,9.82,34.6
332165442,0.002179,0.002321,0.001608,0.01,-0.29,9.86,34.57
332166452,4.8e-05,0.001255,0.003738,0.03,-0.28,9.85,34.6
332167462,4.8e-05,0.00019,0.003738,0.03,-0.3,9.83,34.59
332168471,4.8e-05,0.00019,0.002673,-0.01,-0.31,9.84,34.57
332169490,4.8e-05,0.001255,0.001608,-0.01,-0.3,9.81,34.59
332170492,-0.001017,0.002321,0.001608,-0.02,-0.25,9.73,34.55
332171503,4.8e-05,0.002321,0.002673,-0.04,-0.25,9.74,34.55
332172512,0.002179,0.002321,0.001608,0.01,-0.29,9.85,34.56
332173521,0.00431,0.00019,0.000542,0.03,-0.29,9.86,34.61
332174532,0.002179,0.00019,-0.000523,0.05,-0.26,9.78,34.58
332175541,-0.001017,0.00019,-0.000523,0.06,-0.24,9.78,34.55
332176552,-0.001017,0.001255,0.000542,0.01,-0.3,9.81,34.54
332177561,-0.001017,0.003386,0.001608,0.0,-0.34,9.83,34.56
332178572,-0.003147,0.001255,-0.000523,0.03,-0.28,9.82,34.59
332179591,-0.003147,-0.000875,-0.001588,0.03,-0.31,9.81,34.58
332180591,4.8e-05,-0.00194,-0.001588,0.02,-0.32,9.8,34.59
332181601,0.001114,-0.000875,-0.000523,0.04,-0.31,9.82,34.57
332182612,0.001114,-0.000875,0.001608,0.03,-0.31,9.86,34.59
332183621,4.8e-05,0.00019,0.002673,0.01,-0.31,9.81,34.54
332184628,4.8e-05,0.00019,0.003738,0.03,-0.3,9.8,34.54
332185638,0.002179,-0.000875,0.001608,0.03,-0.31,9.79,34.54
332186653,0.002179,-0.000875,-0.000523,0.05,-0.31,9.8,34.56
332187661,0.002179,0.00019,-0.000523,0.04,-0.27,9.84,34.6
332188679,0.001114,-0.00194,-0.000523,0.03,-0.27,9.85,34.6
332189682,-0.001017,-0.004071,-0.001588,0.03,-0.29,9.82,34.6
332190691,-0.002082,-0.004071,-0.000523,0.05,-0.29,9.85,34.61
332191704,-0.002082,-0.00194,0.000542,0.07,-0.31,9.83,34.6
332192711,-0.002082,-0.000875,-0.000523,0.04,-0.3,9.79,34.59
332193722,-0.003147,0.002321,0.000542,0.02,-0.28,9.82,34.58
332194731,-0.004213,0.004451,0.001608,0.01,-0.29,9.81,34.62
332195742,-0.003147,0.003386,0.000542,0.02,-0.3,9.81,34.59
332196751,-0.001017,-0.000875,0.001608,0.03,-0.31,9.81,34.59
332197762,0.001114,-0.003006,0.002673,0.03,-0.32,9.8,34.57
332198780,4.8e-05,-0.000875,0.000542,0.03,-0.28,9.85,34.55
332199781,-0.001017,-0.000875,-0.000523,0.04,-0.28,9.83,34.58
332200792,4.8e-05,0.00019,-0.000523,0.0,-0.32,9.78,34.61
332201802,0.002179,0.001255,-0.000523,-0.01,-0.31,9.76,34.62
332202809,4.8e-05,0.001255,-0.000523,0.03,-0.29,9.74,34.6
332203819,-0.001017,0.00019,0.000542,0.03,-0.3,9.77,34.6
332204829,-0.001017,0.001255,0.000542,0.01,-0.3,9.78,34.57
332205841,0.002179,0.002321,0.001608,0.0,-0.3,9.83,34.56
332206849,0.003244,0.00019,0.002673,0.02,-0.27,9.83,34.59
332207862,0.002179,-0.00194,0.002673,0.05,-0.28,9.81,34.61
332208880,4.8e-05,-0.00194,0.001608,0.02,-0.29,9.84,34.62
332209881,-0.001017,0.002321,0.000542,-0.01,-0.27,9.8,34.66
332210892,4.8e-05,0.005517,-0.000523,0.0,-0.3,9.78,34.62
332211903,0.001114,0.004451,-0.000523,0.04,-0.31,9.78,34.6
332212912,0.001114,0.003386,-0.000523,0.05,-0.28,9.79,34.6
332213921,0.003244,0.001255,0.000542,0.03,-0.28,9.85,34.58
332214933,0.003244,0.001255,-0.000523,0.02,-0.31,9.86,34.57
332215944,-0.001017,0.00019,-0.001588,0.03,-0.33,9.83,34.6
332216954,-0.003147,0.002321,0.000542,0.03,-0.31,9.84,34.61
332217963,-0.004213,0.003386,0.001608,0.01,-0.3,9.84,34.59
332218986,-0.004213,0.002321,0.002673,0.01,-0.28,9.8,34.58
332219987,-0.001017,0.002321,0.003738,0.0,-0.3,9.8,34.57
332221002,0.001114,0.003386,0.003738,0.04,-0.3,9.84,34.57
332222010,0.002179,0.004451,0.001608,0.07,-0.28,9.83,34.56
332223024,-0.001017,0.002321,0.000542,0.04,-0.3,9.81,34.57
332224031,-0.004213,-0.000875,0.000542,0.02,-0.28,9.82,34.55
332225057,-0.003147,0.00019,0.000542,0.02,-0.3,9.83,34.54
332226049,4.8e-05,0.00019,0.000542,0.04,-0.32,9.83,34.55
332227101,0.003294,0.000119,0.001573,0.05,-0.33,9.83,34.58
332228066,0.002228,-0.000946,0.000508,0.04,-0.32,9.78,34.59
332229099,9.8e-05,-0.000946,-0.001622,0.01,-0.3,9.81,34.6
332230094,-0.000968,-0.000946,-0.001622,0.01,-0.3,9.86,34.58
332231107,-0.000968,0.000119,0.000508,0.03,-0.32,9.82,34.62
332232151,-0.000968,0.001184,0.002639,0.04,-0.3,9.84,34.6
332233121,-0.000968,0.001184,0.002639,0.0,-0.28,9.79,34.6
332234131,-0.002033,0.001184,0.002639,-0.02,-0.3,9.73,34.61
332235140,-0.000968,0.001184,0.002639,0.02,-0.31,9.76,34.59
332236148,0.002228,0.001184,0.002639,0.04,-0.3,9.81,34.56
332237161,0.003294,0.000119,0.002639,0.03,-0.29,9.86,34.58
332238161,0.002228,-0.000946,-0.000557,0.05,-0.29,9.88,34.56
332239180,0.002228,-0.000946,-0.001622,0.05,-0.3,9.82,34.57
332240184,0.003294,0.000119,-0.001622,0.04,-0.28,9.79,34.57
332241195,0.002228,0.000119,-0.000557,0.02,-0.28,9.8,34.59
332242208,9.8e-05,0.000119,0.001573,0.01,-0.31,9.81,34.6
332243215,-0.000968,0.001184,0.003704,0.03,-0.32,9.81,34.64
332244223,-0.002033,0.00225,0.002639,0.03,-0.32,9.83,34.59
332245232,9.8e-05,0.001184,0.000508,0.03,-0.31,9.85,34.58
332246241,0.001163,-0.000946,0.001573,0.04,-0.28,9.84,34.58
332247253,0.001163,0.000119,0.003704,0.03,-0.28,9.88,34.64
332248261,0.001163,0.001184,0.003704,-0.03,-0.31,9.86,34.6
332249278,0.002228,0.00225,0.000508,0.0,-0.29,9.85,34.6
332250281,9.8e-05,-0.000946,-0.001622,0.03,-0.31,9.84,34.56
332251292,-0.000968,-0.002011,-0.001622,0.01,-0.31,9.79,34.57
332252302,-0.000968,-0.002011,-0.001622,0.02,-0.3,9.78,34.57
332253309,-0.000968,-0.002011,-0.001622,0.03,-0.32,9.8,34.6
332254321,-0.000968,-0.000946,-0.000557,0.04,-0.32,9.86,34.65
332255332,-0.002033,-0.000946,0.001573,0.04,-0.32,9.91,34.63
332256341,-0.002033,-0.000946,0.001573,0.05,-0.29,9.84,34.6
332257352,-0.002033,0.000119,0.001573,0.03,-0.27,9.77,34.58
332258361,-0.002033,0.001184,0.001573,0.02,-0.3,9.82,34.57
332259379,-0.000968,0.000119,0.001573,0.0,-0.3,9.82,34.62
332260378,-0.000968,0.001184,-0.000557,-0.02,-0.28,9.78,34.62
332261392,-0.000968,0.003315,-0.001622,0.02,-0.27,9.74,34.63
332262407,-0.000968,0.00225,-0.000557,0.03,-0.26,9.75,34.61
332263412,9.8e-05,0.000119,0.000508,0.0,-0.28,9.79,34.6
332264421,0.002228,0.000119,0.000508,0.01,-0.29,9.77,34.58
332265432,0.002228,-0.000946,0.001573,0.03,-0.31,9.77,34.62
332266441,0.001163,-0.003077,0.001573,0.03,-0.3,9.79,34.63
332267453,-0.000968,-0.000946,0.001573,0.02,-0.3,9.8,34.62
332268459,-0.000968,0.003315,0.000508,0.0,-0.33,9.82,34.63
332269480,0.001163,0.003315,0.000508,0.02,-0.32,9.82,34.62
332270481,0.003294,0.000119,0.000508,0.04,-0.31,9.83,34.62
332271492,0.002228,-0.004142,0.000508,0.02,-0.32,9.84,34.64
332272503,0.001163,-0.005207,0.000508,0.03,-0.33,9.82,34.64
332273512,9.8e-05,-0.003077,0.000508,0.02,-0.3,9.81,34.59
332274521,0.001163,0.001184,0.001573,-0.01,-0.28,9.8,34.61
332275532,0.004359,0.00225,0.001573,0.01,-0.32,9.8,34.59
332276541,0.004359,-0.000946,-0.000557,0.07,-0.33,9.77,34.54
332277552,0.002228,-0.003077,-0.002688,0.07,-0.29,9.82,34.54
332278561,-0.000968,-0.003077,-0.000557,0.04,-0.27,9.87,34.53
332279579,0.002228,-0.003077,0.000508,0.0,-0.32,9.8,34.57
332280582,0.005424,-0.003077,-0.001622,0.04,-0.32,9.83,34.59
332281591,0.006489,-0.002011,-0.002688,0.05,-0.31,9.82,34.6
332282604,0.004359,0.000119,-0.000557,0.02,-0.3,9.79,34.58
332283611,0.002228,-0.002011,0.000508,-0.02,-0.28,9.76,34.58
332284618,0.001163,-0.004142,0.003704,-0.02,-0.26,9.77,34.6
332285632,0.001163,-0.004142,0.002639,0.0,-0.29,9.81,34.6
332286641,9.8e-05,0.000119,-0.001622,0.01,-0.33,9.82,34.61
332287653,0.001163,0.00438,-0.003753,0.01,-0.34,9.84,34.62
332288671,0.001163,0.00438,-0.004818,0.03,-0.34,9.84,34.62
332289671,-0.000968,0.00225,-0.002688,0.03,-0.3,9.86,34.62
332290682,-0.003098,0.000119,-0.000557,0.03,-0.26,9.86,34.62
332291689,-0.003098,0.000119,0.000508,0.04,-0.26,9.84,34.63
332292703,-0.000968,-0.000946,0.000508,0.03,-0.28,9.81,34.59
332293712,0.001163,0.001184,0.000508,0.04,-0.29,9.82,34.61
332294721,0.001163,0.003315,0.001573,0.04,-0.28,9.86,34.63
332295732,-0.000968,0.00438,0.001573,0.04,-0.28,9.82,34.61
332296741,-0.000968,0.00225,-0.000557,0.04,-0.28,9.77,34.63
332297752,9.8e-05,-0.000946,-0.001622,0.03,-0.3,9.79,34.63
332298771,9.8e-05,-0.002011,-0.002688,0.02,-0.33,9.83,34.62
332299771,0.002228,-0.003077,-0.000557,0.03,-0.3,9.81,34.63
