sequence,timestamp_us,loop_sequence,capture_id,task_handle,core,event,dropped_events
3,1490623,43,0,0x3ffb8188,1,3,0
4,1531508,82,1,0x3ffb8188,1,0,0
5,1531508,82,1,0x3ffdfd64,1,1,0
6,1532079,82,1,0x3ffdfd64,1,2,0
7,1532079,82,1,0x3ffdfd64,1,1,0
8,1533079,82,1,0x3ffdfd64,1,2,0
9,1533079,82,1,0x3ffdfd64,1,1,0
10,1534079,82,1,0x3ffdfd64,1,2,0
11,1534079,82,1,0x3ffdfd64,1,1,0
12,1535079,82,1,0x3ffdfd64,1,2,0
13,1535079,82,1,0x3ffdfd64,1,1,0
14,1536079,82,1,0x3ffdfd64,1,2,0
15,1536079,82,1,0x3ffdfd64,1,1,0
16,1537079,82,1,0x3ffdfd64,1,2,0
17,1537079,82,1,0x3ffdfd64,1,1,0
18,1538079,82,1,0x3ffdfd64,1,2,0
19,1538079,82,1,0x3ffdfd64,1,1,0
20,1542467,82,1,0x00000000,1,4,10
